 ===============>     TALLY 1: REACTOR_PRODUCTION_TALLY     <===============

 Mesh Index (1, 1, 1)
   Total Material
     Flux                                 0.0532943 +/- 0.000407998
     heating                              0 +/- 0
     damage-energy                        0 +/- 0
 Mesh Index (2, 1, 1)
   Total Material
     Flux                                 0.064912 +/- 0.00051227
     heating                              0 +/- 0
     damage-energy                        0 +/- 0
 Mesh Index (3, 1, 1)
   Total Material
     Flux                                 0.0786518 +/- 0.000537216
     heating                              0 +/- 0
     damage-energy                        0 +/- 0
 Mesh Index (4, 1, 1)
   Total Material
     Flux                                 0.0899767 +/- 0.000526112
     heating                              0 +/- 0
     damage-energy                        0 +/- 0
 Mesh Index (5, 1, 1)
   Total Material
     Flux                                 0.101514 +/- 0.000654605
     heating                              0 +/- 0
     damage-energy                        0 +/- 0
 Mesh Index (6, 1, 1)
   Total Material
     Flux                                 0.111665 +/- 0.000627956
     heating                              0 +/- 0
     damage-energy                        0 +/- 0
 Mesh Index (7, 1, 1)
   Total Material
     Flux                                 0.121971 +/- 0.000677544
     heating                              0 +/- 0
     damage-energy                        0 +/- 0
 Mesh Index (8, 1, 1)
   Total Material
     Flux                                 0.132614 +/- 0.000911416
     heating                              0 +/- 0
     damage-energy                        0 +/- 0
 Mesh Index (9, 1, 1)
   Total Material
     Flux                                 0.141426 +/- 0.000800469
     heating                              0 +/- 0
     damage-energy                        0 +/- 0
 Mesh Index (10, 1, 1)
   Total Material
     Flux                                 0.127259 +/- 0.00078732
     heating                              2130.64 +/- 27.681
     damage-energy                        503.327 +/- 4.6409
 Mesh Index (11, 1, 1)
   Total Material
     Flux                                 0.106873 +/- 0.000879895
     heating                              3768.62 +/- 43.653
     damage-energy                        45.119 +/- 0.555702
 Mesh Index (12, 1, 1)
   Total Material
     Flux                                 0.0702379 +/- 0.000702428
     heating                              5742.55 +/- 63.408
     damage-energy                        73.0258 +/- 0.775169
 Mesh Index (13, 1, 1)
   Total Material
     Flux                                 0.0435861 +/- 0.000554784
     heating                              3382.77 +/- 45.4548
     damage-energy                        43.8778 +/- 0.633256
 Mesh Index (14, 1, 1)
   Total Material
     Flux                                 0.0252295 +/- 0.000388087
     heating                              1894.13 +/- 34.3436
     damage-energy                        24.9393 +/- 0.4757
 Mesh Index (15, 1, 1)
   Total Material
     Flux                                 0.0126249 +/- 0.0002641
     heating                              944.914 +/- 23.446
     damage-energy                        12.3571 +/- 0.296183
 Mesh Index (16, 1, 1)
   Total Material
     Flux                                 0.00476484 +/- 0.000126868
     heating                              226.812 +/- 8.09512
     damage-energy                        3.23695 +/- 0.119409
 Mesh Index (17, 1, 1)
   Total Material
     Flux                                 0.00321323 +/- 9.77612e-05
     heating                              0 +/- 0
     damage-energy                        0 +/- 0
 Mesh Index (18, 1, 1)
   Total Material
     Flux                                 0.00314797 +/- 9.45221e-05
     heating                              0 +/- 0
     damage-energy                        0 +/- 0
 Mesh Index (19, 1, 1)
   Total Material
     Flux                                 0.00296147 +/- 9.38975e-05
     heating                              0 +/- 0
     damage-energy                        0 +/- 0
 Mesh Index (20, 1, 1)
   Total Material
     Flux                                 0.00301254 +/- 8.57761e-05
     heating                              0 +/- 0
     damage-energy                        0 +/- 0
 Mesh Index (21, 1, 1)
   Total Material
     Flux                                 0.00211073 +/- 7.38336e-05
     heating                              0 +/- 0
     damage-energy                        0 +/- 0
 Mesh Index (22, 1, 1)
   Total Material
     Flux                                 0.00164043 +/- 6.21684e-05
     heating                              0 +/- 0
     damage-energy                        0 +/- 0
 Mesh Index (23, 1, 1)
   Total Material
     Flux                                 0.00143948 +/- 5.67289e-05
     heating                              0 +/- 0
     damage-energy                        0 +/- 0
 Mesh Index (24, 1, 1)
   Total Material
     Flux                                 0.00123569 +/- 6.09783e-05
     heating                              0 +/- 0
     damage-energy                        0 +/- 0
 Mesh Index (1, 2, 1)
   Total Material
     Flux                                 0.0540349 +/- 0.000461283
     heating                              0 +/- 0
     damage-energy                        0 +/- 0
 Mesh Index (2, 2, 1)
   Total Material
     Flux                                 0.0658884 +/- 0.00054557
     heating                              0 +/- 0
     damage-energy                        0 +/- 0
 Mesh Index (3, 2, 1)
   Total Material
     Flux                                 0.0773995 +/- 0.000575065
     heating                              0 +/- 0
     damage-energy                        0 +/- 0
 Mesh Index (4, 2, 1)
   Total Material
     Flux                                 0.0897535 +/- 0.00061099
     heating                              0 +/- 0
     damage-energy                        0 +/- 0
 Mesh Index (5, 2, 1)
   Total Material
     Flux                                 0.0998941 +/- 0.000653004
     heating                              0 +/- 0
     damage-energy                        0 +/- 0
 Mesh Index (6, 2, 1)
   Total Material
     Flux                                 0.111263 +/- 0.000779924
     heating                              0 +/- 0
     damage-energy                        0 +/- 0
 Mesh Index (7, 2, 1)
   Total Material
     Flux                                 0.121593 +/- 0.000663781
     heating                              0 +/- 0
     damage-energy                        0 +/- 0
 Mesh Index (8, 2, 1)
   Total Material
     Flux                                 0.131174 +/- 0.000782795
     heating                              0 +/- 0
     damage-energy                        0 +/- 0
 Mesh Index (9, 2, 1)
   Total Material
     Flux                                 0.142757 +/- 0.000654579
     heating                              0 +/- 0
     damage-energy                        0 +/- 0
 Mesh Index (10, 2, 1)
   Total Material
     Flux                                 0.129397 +/- 0.000762927
     heating                              2180.71 +/- 23.698
     damage-energy                        514.539 +/- 4.46261
 Mesh Index (11, 2, 1)
   Total Material
     Flux                                 0.104813 +/- 0.000771075
     heating                              3664.04 +/- 34.645
     damage-energy                        44.2645 +/- 0.48889
 Mesh Index (12, 2, 1)
   Total Material
     Flux                                 0.0702009 +/- 0.000585793
     heating                              5742.43 +/- 52.8847
     damage-energy                        73.1816 +/- 0.728804
 Mesh Index (13, 2, 1)
   Total Material
     Flux                                 0.0421083 +/- 0.000512239
     heating                              3246.61 +/- 43.8016
     damage-energy                        42.7122 +/- 0.541635
 Mesh Index (14, 2, 1)
   Total Material
     Flux                                 0.0241337 +/- 0.000454496
     heating                              1840.78 +/- 37.5257
     damage-energy                        24.0065 +/- 0.482191
 Mesh Index (15, 2, 1)
   Total Material
     Flux                                 0.0129974 +/- 0.000300466
     heating                              964.541 +/- 23.687
     damage-energy                        12.8137 +/- 0.319627
 Mesh Index (16, 2, 1)
   Total Material
     Flux                                 0.00484889 +/- 0.000165498
     heating                              237.779 +/- 9.57303
     damage-energy                        3.26382 +/- 0.126467
 Mesh Index (17, 2, 1)
   Total Material
     Flux                                 0.00323528 +/- 0.000102664
     heating                              0 +/- 0
     damage-energy                        0 +/- 0
 Mesh Index (18, 2, 1)
   Total Material
     Flux                                 0.0030591 +/- 0.000106799
     heating                              0 +/- 0
     damage-energy                        0 +/- 0
 Mesh Index (19, 2, 1)
   Total Material
     Flux                                 0.00311558 +/- 9.69936e-05
     heating                              0 +/- 0
     damage-energy                        0 +/- 0
 Mesh Index (20, 2, 1)
   Total Material
     Flux                                 0.00292181 +/- 9.14329e-05
     heating                              0 +/- 0
     damage-energy                        0 +/- 0
 Mesh Index (21, 2, 1)
   Total Material
     Flux                                 0.00139192 +/- 5.46721e-05
     heating                              0 +/- 0
     damage-energy                        0 +/- 0
 Mesh Index (22, 2, 1)
   Total Material
     Flux                                 0.000942924 +/- 5.25274e-05
     heating                              0 +/- 0
     damage-energy                        0 +/- 0
 Mesh Index (23, 2, 1)
   Total Material
     Flux                                 0.000696144 +/- 4.68457e-05
     heating                              0 +/- 0
     damage-energy                        0 +/- 0
 Mesh Index (24, 2, 1)
   Total Material
     Flux                                 0.000494944 +/- 3.88847e-05
     heating                              0 +/- 0
     damage-energy                        0 +/- 0
 Mesh Index (1, 3, 1)
   Total Material
     Flux                                 0.0544063 +/- 0.000533677
     heating                              0 +/- 0
     damage-energy                        0 +/- 0
 Mesh Index (2, 3, 1)
   Total Material
     Flux                                 0.0650116 +/- 0.000506861
     heating                              0 +/- 0
     damage-energy                        0 +/- 0
 Mesh Index (3, 3, 1)
   Total Material
     Flux                                 0.0772824 +/- 0.000475969
     heating                              0 +/- 0
     damage-energy                        0 +/- 0
 Mesh Index (4, 3, 1)
   Total Material
     Flux                                 0.0899759 +/- 0.000485028
     heating                              0 +/- 0
     damage-energy                        0 +/- 0
 Mesh Index (5, 3, 1)
   Total Material
     Flux                                 0.0999411 +/- 0.000560002
     heating                              0 +/- 0
     damage-energy                        0 +/- 0
 Mesh Index (6, 3, 1)
   Total Material
     Flux                                 0.11133 +/- 0.000706248
     heating                              0 +/- 0
     damage-energy                        0 +/- 0
 Mesh Index (7, 3, 1)
   Total Material
     Flux                                 0.12133 +/- 0.000805649
     heating                              0 +/- 0
     damage-energy                        0 +/- 0
 Mesh Index (8, 3, 1)
   Total Material
     Flux                                 0.131733 +/- 0.000649533
     heating                              0 +/- 0
     damage-energy                        0 +/- 0
 Mesh Index (9, 3, 1)
   Total Material
     Flux                                 0.141233 +/- 0.000705392
     heating                              0 +/- 0
     damage-energy                        0 +/- 0
 Mesh Index (10, 3, 1)
   Total Material
     Flux                                 0.126969 +/- 0.000873077
     heating                              2095.08 +/- 27.4217
     damage-energy                        497.757 +/- 4.87617
 Mesh Index (11, 3, 1)
   Total Material
     Flux                                 0.1049 +/- 0.000682879
     heating                              3667.4 +/- 38.937
     damage-energy                        44.2648 +/- 0.466412
 Mesh Index (12, 3, 1)
   Total Material
     Flux                                 0.0688611 +/- 0.000636497
     heating                              5619.79 +/- 56.6698
     damage-energy                        71.404 +/- 0.747107
 Mesh Index (13, 3, 1)
   Total Material
     Flux                                 0.0419988 +/- 0.000507486
     heating                              3260.19 +/- 49.8022
     damage-energy                        42.77 +/- 0.535176
 Mesh Index (14, 3, 1)
   Total Material
     Flux                                 0.0243625 +/- 0.0003947
     heating                              1831.96 +/- 32.7277
     damage-energy                        24.2352 +/- 0.417642
 Mesh Index (15, 3, 1)
   Total Material
     Flux                                 0.0132158 +/- 0.000249102
     heating                              996.399 +/- 21.0889
     damage-energy                        12.9863 +/- 0.284328
 Mesh Index (16, 3, 1)
   Total Material
     Flux                                 0.0049139 +/- 0.000139273
     heating                              239.758 +/- 9.64374
     damage-energy                        3.33679 +/- 0.112092
 Mesh Index (17, 3, 1)
   Total Material
     Flux                                 0.0033009 +/- 0.00010189
     heating                              0 +/- 0
     damage-energy                        0 +/- 0
 Mesh Index (18, 3, 1)
   Total Material
     Flux                                 0.00315828 +/- 0.000100043
     heating                              0 +/- 0
     damage-energy                        0 +/- 0
 Mesh Index (19, 3, 1)
   Total Material
     Flux                                 0.00295986 +/- 9.09442e-05
     heating                              0 +/- 0
     damage-energy                        0 +/- 0
 Mesh Index (20, 3, 1)
   Total Material
     Flux                                 0.00298629 +/- 8.76847e-05
     heating                              0 +/- 0
     damage-energy                        0 +/- 0
 Mesh Index (21, 3, 1)
   Total Material
     Flux                                 0.00279209 +/- 9.00584e-05
     heating                              0 +/- 0
     damage-energy                        0 +/- 0
 Mesh Index (22, 3, 1)
   Total Material
     Flux                                 0.00236768 +/- 7.97194e-05
     heating                              0 +/- 0
     damage-energy                        0 +/- 0
 Mesh Index (23, 3, 1)
   Total Material
     Flux                                 0.00209027 +/- 6.78862e-05
     heating                              0 +/- 0
     damage-energy                        0 +/- 0
 Mesh Index (24, 3, 1)
   Total Material
     Flux                                 0.00167428 +/- 6.79855e-05
     heating                              0 +/- 0
     damage-energy                        0 +/- 0
 Mesh Index (1, 4, 1)
   Total Material
     Flux                                 0.0540491 +/- 0.000380326
     heating                              0 +/- 0
     damage-energy                        0 +/- 0
 Mesh Index (2, 4, 1)
   Total Material
     Flux                                 0.065533 +/- 0.000465753
     heating                              0 +/- 0
     damage-energy                        0 +/- 0
 Mesh Index (3, 4, 1)
   Total Material
     Flux                                 0.0770817 +/- 0.000484096
     heating                              0 +/- 0
     damage-energy                        0 +/- 0
 Mesh Index (4, 4, 1)
   Total Material
     Flux                                 0.0890289 +/- 0.000547119
     heating                              0 +/- 0
     damage-energy                        0 +/- 0
 Mesh Index (5, 4, 1)
   Total Material
     Flux                                 0.100304 +/- 0.000554337
     heating                              0 +/- 0
     damage-energy                        0 +/- 0
 Mesh Index (6, 4, 1)
   Total Material
     Flux                                 0.111242 +/- 0.000608487
     heating                              0 +/- 0
     damage-energy                        0 +/- 0
 Mesh Index (7, 4, 1)
   Total Material
     Flux                                 0.122869 +/- 0.000652965
     heating                              0 +/- 0
     damage-energy                        0 +/- 0
 Mesh Index (8, 4, 1)
   Total Material
     Flux                                 0.131991 +/- 0.000781418
     heating                              0 +/- 0
     damage-energy                        0 +/- 0
 Mesh Index (9, 4, 1)
   Total Material
     Flux                                 0.141401 +/- 0.000930082
     heating                              0 +/- 0
     damage-energy                        0 +/- 0
 Mesh Index (10, 4, 1)
   Total Material
     Flux                                 0.126841 +/- 0.000869404
     heating                              2095.21 +/- 26.4222
     damage-energy                        495.835 +/- 4.1847
 Mesh Index (11, 4, 1)
   Total Material
     Flux                                 0.104972 +/- 0.000738006
     heating                              3704.39 +/- 34.0293
     damage-energy                        44.4097 +/- 0.454994
 Mesh Index (12, 4, 1)
   Total Material
     Flux                                 0.0710645 +/- 0.000823793
     heating                              5795.18 +/- 71.911
     damage-energy                        74.1377 +/- 1.02118
 Mesh Index (13, 4, 1)
   Total Material
     Flux                                 0.0419756 +/- 0.000581791
     heating                              3251.71 +/- 48.9128
     damage-energy                        42.4784 +/- 0.654964
 Mesh Index (14, 4, 1)
   Total Material
     Flux                                 0.0246825 +/- 0.000390729
     heating                              1851.6 +/- 34.0536
     damage-energy                        24.5118 +/- 0.421607
 Mesh Index (15, 4, 1)
   Total Material
     Flux                                 0.012651 +/- 0.000251653
     heating                              926.467 +/- 20.6374
     damage-energy                        12.4392 +/- 0.290034
 Mesh Index (16, 4, 1)
   Total Material
     Flux                                 0.00490389 +/- 0.000133609
     heating                              244.768 +/- 7.64646
     damage-energy                        3.27087 +/- 0.108557
 Mesh Index (17, 4, 1)
   Total Material
     Flux                                 0.00342031 +/- 0.000103257
     heating                              0 +/- 0
     damage-energy                        0 +/- 0
 Mesh Index (18, 4, 1)
   Total Material
     Flux                                 0.00331688 +/- 9.65793e-05
     heating                              0 +/- 0
     damage-energy                        0 +/- 0
 Mesh Index (19, 4, 1)
   Total Material
     Flux                                 0.00316305 +/- 0.000105696
     heating                              0 +/- 0
     damage-energy                        0 +/- 0
 Mesh Index (20, 4, 1)
   Total Material
     Flux                                 0.0029104 +/- 8.41441e-05
     heating                              0 +/- 0
     damage-energy                        0 +/- 0
 Mesh Index (21, 4, 1)
   Total Material
     Flux                                 0.00132672 +/- 4.84237e-05
     heating                              0 +/- 0
     damage-energy                        0 +/- 0
 Mesh Index (22, 4, 1)
   Total Material
     Flux                                 0.000508002 +/- 3.29014e-05
     heating                              0 +/- 0
     damage-energy                        0 +/- 0
 Mesh Index (23, 4, 1)
   Total Material
     Flux                                 5.02634e-05 +/- 6.78835e-06
     heating                              0 +/- 0
     damage-energy                        0 +/- 0
 Mesh Index (24, 4, 1)
   Total Material
     Flux                                 0 +/- 0
     heating                              0 +/- 0
     damage-energy                        0 +/- 0
 Mesh Index (1, 5, 1)
   Total Material
     Flux                                 0.0535874 +/- 0.000460921
     heating                              0 +/- 0
     damage-energy                        0 +/- 0
 Mesh Index (2, 5, 1)
   Total Material
     Flux                                 0.0661439 +/- 0.000450743
     heating                              0 +/- 0
     damage-energy                        0 +/- 0
 Mesh Index (3, 5, 1)
   Total Material
     Flux                                 0.0781269 +/- 0.000503836
     heating                              0 +/- 0
     damage-energy                        0 +/- 0
 Mesh Index (4, 5, 1)
   Total Material
     Flux                                 0.088859 +/- 0.000520932
     heating                              0 +/- 0
     damage-energy                        0 +/- 0
 Mesh Index (5, 5, 1)
   Total Material
     Flux                                 0.100127 +/- 0.000571087
     heating                              0 +/- 0
     damage-energy                        0 +/- 0
 Mesh Index (6, 5, 1)
   Total Material
     Flux                                 0.111391 +/- 0.000633303
     heating                              0 +/- 0
     damage-energy                        0 +/- 0
 Mesh Index (7, 5, 1)
   Total Material
     Flux                                 0.121465 +/- 0.000674756
     heating                              0 +/- 0
     damage-energy                        0 +/- 0
 Mesh Index (8, 5, 1)
   Total Material
     Flux                                 0.130892 +/- 0.000803729
     heating                              0 +/- 0
     damage-energy                        0 +/- 0
 Mesh Index (9, 5, 1)
   Total Material
     Flux                                 0.14288 +/- 0.000763103
     heating                              0 +/- 0
     damage-energy                        0 +/- 0
 Mesh Index (10, 5, 1)
   Total Material
     Flux                                 0.12754 +/- 0.000837732
     heating                              2142.15 +/- 26.8719
     damage-energy                        502.276 +/- 4.58605
 Mesh Index (11, 5, 1)
   Total Material
     Flux                                 0.104421 +/- 0.000728786
     heating                              3637.06 +/- 37.8361
     damage-energy                        44.0752 +/- 0.405668
 Mesh Index (12, 5, 1)
   Total Material
     Flux                                 0.0706541 +/- 0.000632398
     heating                              5804.18 +/- 57.5388
     damage-energy                        73.7006 +/- 0.789742
 Mesh Index (13, 5, 1)
   Total Material
     Flux                                 0.0415731 +/- 0.000410844
     heating                              3215.37 +/- 33.5256
     damage-energy                        42.1656 +/- 0.522744
 Mesh Index (14, 5, 1)
   Total Material
     Flux                                 0.0237548 +/- 0.00033406
     heating                              1804.04 +/- 30.1886
     damage-energy                        23.5929 +/- 0.376432
 Mesh Index (15, 5, 1)
   Total Material
     Flux                                 0.0126582 +/- 0.000269519
     heating                              945.438 +/- 22.1311
     damage-energy                        12.4007 +/- 0.288382
 Mesh Index (16, 5, 1)
   Total Material
     Flux                                 0.00472778 +/- 0.000143656
     heating                              222.931 +/- 8.54803
     damage-energy                        3.04087 +/- 0.112312
 Mesh Index (17, 5, 1)
   Total Material
     Flux                                 0.00313783 +/- 9.70172e-05
     heating                              0 +/- 0
     damage-energy                        0 +/- 0
 Mesh Index (18, 5, 1)
   Total Material
     Flux                                 0.00317719 +/- 0.000108674
     heating                              0 +/- 0
     damage-energy                        0 +/- 0
 Mesh Index (19, 5, 1)
   Total Material
     Flux                                 0.00301909 +/- 0.000111514
     heating                              0 +/- 0
     damage-energy                        0 +/- 0
 Mesh Index (20, 5, 1)
   Total Material
     Flux                                 0.00298304 +/- 0.000107944
     heating                              0 +/- 0
     damage-energy                        0 +/- 0
 Mesh Index (21, 5, 1)
   Total Material
     Flux                                 0.00278928 +/- 8.91963e-05
     heating                              0 +/- 0
     damage-energy                        0 +/- 0
 Mesh Index (22, 5, 1)
   Total Material
     Flux                                 0.00233923 +/- 8.69248e-05
     heating                              0 +/- 0
     damage-energy                        0 +/- 0
 Mesh Index (23, 5, 1)
   Total Material
     Flux                                 0.00196733 +/- 7.44487e-05
     heating                              0 +/- 0
     damage-energy                        0 +/- 0
 Mesh Index (24, 5, 1)
   Total Material
     Flux                                 0.00155388 +/- 6.22214e-05
     heating                              0 +/- 0
     damage-energy                        0 +/- 0
 Mesh Index (1, 6, 1)
   Total Material
     Flux                                 0.0534305 +/- 0.000450347
     heating                              0 +/- 0
     damage-energy                        0 +/- 0
 Mesh Index (2, 6, 1)
   Total Material
     Flux                                 0.065358 +/- 0.000510181
     heating                              0 +/- 0
     damage-energy                        0 +/- 0
 Mesh Index (3, 6, 1)
   Total Material
     Flux                                 0.0775243 +/- 0.000508111
     heating                              0 +/- 0
     damage-energy                        0 +/- 0
 Mesh Index (4, 6, 1)
   Total Material
     Flux                                 0.0893786 +/- 0.00060478
     heating                              0 +/- 0
     damage-energy                        0 +/- 0
 Mesh Index (5, 6, 1)
   Total Material
     Flux                                 0.0994167 +/- 0.000689778
     heating                              0 +/- 0
     damage-energy                        0 +/- 0
 Mesh Index (6, 6, 1)
   Total Material
     Flux                                 0.111877 +/- 0.000638612
     heating                              0 +/- 0
     damage-energy                        0 +/- 0
 Mesh Index (7, 6, 1)
   Total Material
     Flux                                 0.122162 +/- 0.000703757
     heating                              0 +/- 0
     damage-energy                        0 +/- 0
 Mesh Index (8, 6, 1)
   Total Material
     Flux                                 0.133023 +/- 0.000731205
     heating                              0 +/- 0
     damage-energy                        0 +/- 0
 Mesh Index (9, 6, 1)
   Total Material
     Flux                                 0.144543 +/- 0.000861398
     heating                              0 +/- 0
     damage-energy                        0 +/- 0
 Mesh Index (10, 6, 1)
   Total Material
     Flux                                 0.12952 +/- 0.000836058
     heating                              2178.26 +/- 27.5972
     damage-energy                        513.299 +/- 5.1911
 Mesh Index (11, 6, 1)
   Total Material
     Flux                                 0.104923 +/- 0.000799589
     heating                              3685.28 +/- 39.3247
     damage-energy                        44.2762 +/- 0.392696
 Mesh Index (12, 6, 1)
   Total Material
     Flux                                 0.0692791 +/- 0.00069332
     heating                              5675.07 +/- 62.7576
     damage-energy                        72.6477 +/- 0.716375
 Mesh Index (13, 6, 1)
   Total Material
     Flux                                 0.0419304 +/- 0.000563029
     heating                              3242.15 +/- 48.9942
     damage-energy                        42.4608 +/- 0.637109
 Mesh Index (14, 6, 1)
   Total Material
     Flux                                 0.0241713 +/- 0.000383725
     heating                              1813.52 +/- 32.1968
     damage-energy                        24.1315 +/- 0.396002
 Mesh Index (15, 6, 1)
   Total Material
     Flux                                 0.0128543 +/- 0.000302501
     heating                              967.792 +/- 26.2795
     damage-energy                        12.5667 +/- 0.306547
 Mesh Index (16, 6, 1)
   Total Material
     Flux                                 0.00513633 +/- 0.000139838
     heating                              236.953 +/- 9.02521
     damage-energy                        3.30741 +/- 0.111218
 Mesh Index (17, 6, 1)
   Total Material
     Flux                                 0.00331791 +/- 9.81774e-05
     heating                              0 +/- 0
     damage-energy                        0 +/- 0
 Mesh Index (18, 6, 1)
   Total Material
     Flux                                 0.00331584 +/- 0.000104648
     heating                              0 +/- 0
     damage-energy                        0 +/- 0
 Mesh Index (19, 6, 1)
   Total Material
     Flux                                 0.00328175 +/- 8.5506e-05
     heating                              0 +/- 0
     damage-energy                        0 +/- 0
 Mesh Index (20, 6, 1)
   Total Material
     Flux                                 0.00287689 +/- 8.3116e-05
     heating                              0 +/- 0
     damage-energy                        0 +/- 0
 Mesh Index (21, 6, 1)
   Total Material
     Flux                                 0.00148475 +/- 5.34316e-05
     heating                              0 +/- 0
     damage-energy                        0 +/- 0
 Mesh Index (22, 6, 1)
   Total Material
     Flux                                 0.000967032 +/- 4.59335e-05
     heating                              0 +/- 0
     damage-energy                        0 +/- 0
 Mesh Index (23, 6, 1)
   Total Material
     Flux                                 0.000650226 +/- 4.39472e-05
     heating                              0 +/- 0
     damage-energy                        0 +/- 0
 Mesh Index (24, 6, 1)
   Total Material
     Flux                                 0.000470237 +/- 4.03298e-05
     heating                              0 +/- 0
     damage-energy                        0 +/- 0
 Mesh Index (1, 7, 1)
   Total Material
     Flux                                 0.0541444 +/- 0.000517148
     heating                              0 +/- 0
     damage-energy                        0 +/- 0
 Mesh Index (2, 7, 1)
   Total Material
     Flux                                 0.0665249 +/- 0.000520712
     heating                              0 +/- 0
     damage-energy                        0 +/- 0
 Mesh Index (3, 7, 1)
   Total Material
     Flux                                 0.0778442 +/- 0.00058557
     heating                              0 +/- 0
     damage-energy                        0 +/- 0
 Mesh Index (4, 7, 1)
   Total Material
     Flux                                 0.0908607 +/- 0.000622475
     heating                              0 +/- 0
     damage-energy                        0 +/- 0
 Mesh Index (5, 7, 1)
   Total Material
     Flux                                 0.100814 +/- 0.000646932
     heating                              0 +/- 0
     damage-energy                        0 +/- 0
 Mesh Index (6, 7, 1)
   Total Material
     Flux                                 0.112938 +/- 0.000668671
     heating                              0 +/- 0
     damage-energy                        0 +/- 0
 Mesh Index (7, 7, 1)
   Total Material
     Flux                                 0.1227 +/- 0.00060706
     heating                              0 +/- 0
     damage-energy                        0 +/- 0
 Mesh Index (8, 7, 1)
   Total Material
     Flux                                 0.131169 +/- 0.000702725
     heating                              0 +/- 0
     damage-energy                        0 +/- 0
 Mesh Index (9, 7, 1)
   Total Material
     Flux                                 0.141454 +/- 0.000941749
     heating                              0 +/- 0
     damage-energy                        0 +/- 0
 Mesh Index (10, 7, 1)
   Total Material
     Flux                                 0.128494 +/- 0.000961095
     heating                              2126.31 +/- 28.2917
     damage-energy                        502.895 +/- 4.84097
 Mesh Index (11, 7, 1)
   Total Material
     Flux                                 0.104198 +/- 0.000757408
     heating                              3646.01 +/- 35.8219
     damage-energy                        43.7251 +/- 0.449033
 Mesh Index (12, 7, 1)
   Total Material
     Flux                                 0.0698331 +/- 0.000677205
     heating                              5695.16 +/- 63.7655
     damage-energy                        72.7017 +/- 0.855209
 Mesh Index (13, 7, 1)
   Total Material
     Flux                                 0.04262 +/- 0.000465023
     heating                              3306.29 +/- 40.5706
     damage-energy                        42.9614 +/- 0.580821
 Mesh Index (14, 7, 1)
   Total Material
     Flux                                 0.0245773 +/- 0.00041435
     heating                              1868.25 +/- 36.0418
     damage-energy                        24.2441 +/- 0.43394
 Mesh Index (15, 7, 1)
   Total Material
     Flux                                 0.0133106 +/- 0.000301749
     heating                              1001.83 +/- 26.678
     damage-energy                        13.1337 +/- 0.326858
 Mesh Index (16, 7, 1)
   Total Material
     Flux                                 0.00475997 +/- 0.000130861
     heating                              226.167 +/- 8.15975
     damage-energy                        3.1063 +/- 0.115079
 Mesh Index (17, 7, 1)
   Total Material
     Flux                                 0.00326025 +/- 0.000110703
     heating                              0 +/- 0
     damage-energy                        0 +/- 0
 Mesh Index (18, 7, 1)
   Total Material
     Flux                                 0.00310402 +/- 0.000127732
     heating                              0 +/- 0
     damage-energy                        0 +/- 0
 Mesh Index (19, 7, 1)
   Total Material
     Flux                                 0.00315264 +/- 9.99662e-05
     heating                              0 +/- 0
     damage-energy                        0 +/- 0
 Mesh Index (20, 7, 1)
   Total Material
     Flux                                 0.00291025 +/- 8.37878e-05
     heating                              0 +/- 0
     damage-energy                        0 +/- 0
 Mesh Index (21, 7, 1)
   Total Material
     Flux                                 0.00206461 +/- 7.38959e-05
     heating                              0 +/- 0
     damage-energy                        0 +/- 0
 Mesh Index (22, 7, 1)
   Total Material
     Flux                                 0.00175522 +/- 6.24958e-05
     heating                              0 +/- 0
     damage-energy                        0 +/- 0
 Mesh Index (23, 7, 1)
   Total Material
     Flux                                 0.00146917 +/- 6.04809e-05
     heating                              0 +/- 0
     damage-energy                        0 +/- 0
 Mesh Index (24, 7, 1)
   Total Material
     Flux                                 0.00122378 +/- 6.24564e-05
     heating                              0 +/- 0
     damage-energy                        0 +/- 0
 Mesh Index (1, 1, 2)
   Total Material
     Flux                                 0.0548405 +/- 0.00042193
     heating                              0 +/- 0
     damage-energy                        0 +/- 0
 Mesh Index (2, 1, 2)
   Total Material
     Flux                                 0.0669051 +/- 0.000466937
     heating                              0 +/- 0
     damage-energy                        0 +/- 0
 Mesh Index (3, 1, 2)
   Total Material
     Flux                                 0.0795195 +/- 0.000639799
     heating                              0 +/- 0
     damage-energy                        0 +/- 0
 Mesh Index (4, 1, 2)
   Total Material
     Flux                                 0.0920113 +/- 0.0006239
     heating                              0 +/- 0
     damage-energy                        0 +/- 0
 Mesh Index (5, 1, 2)
   Total Material
     Flux                                 0.103658 +/- 0.000658494
     heating                              0 +/- 0
     damage-energy                        0 +/- 0
 Mesh Index (6, 1, 2)
   Total Material
     Flux                                 0.114221 +/- 0.000756441
     heating                              0 +/- 0
     damage-energy                        0 +/- 0
 Mesh Index (7, 1, 2)
   Total Material
     Flux                                 0.124812 +/- 0.000701122
     heating                              0 +/- 0
     damage-energy                        0 +/- 0
 Mesh Index (8, 1, 2)
   Total Material
     Flux                                 0.136467 +/- 0.000818842
     heating                              0 +/- 0
     damage-energy                        0 +/- 0
 Mesh Index (9, 1, 2)
   Total Material
     Flux                                 0.147568 +/- 0.000814828
     heating                              0 +/- 0
     damage-energy                        0 +/- 0
 Mesh Index (10, 1, 2)
   Total Material
     Flux                                 0.134587 +/- 0.000878332
     heating                              2387.15 +/- 25.3628
     damage-energy                        553.397 +/- 4.88873
 Mesh Index (11, 1, 2)
   Total Material
     Flux                                 0.111472 +/- 0.000815938
     heating                              3906.2 +/- 37.791
     damage-energy                        48.0588 +/- 0.425797
 Mesh Index (12, 1, 2)
   Total Material
     Flux                                 0.0753935 +/- 0.000804775
     heating                              6104.56 +/- 72.8411
     damage-energy                        79.8567 +/- 0.911276
 Mesh Index (13, 1, 2)
   Total Material
     Flux                                 0.0471339 +/- 0.00045952
     heating                              3612.6 +/- 43.1999
     damage-energy                        48.2684 +/- 0.596173
 Mesh Index (14, 1, 2)
   Total Material
     Flux                                 0.027961 +/- 0.000441986
     heating                              2095.71 +/- 34.9301
     damage-energy                        28.3524 +/- 0.520879
 Mesh Index (15, 1, 2)
   Total Material
     Flux                                 0.0149631 +/- 0.000263475
     heating                              1107.26 +/- 24.4453
     damage-energy                        14.7827 +/- 0.309778
 Mesh Index (16, 1, 2)
   Total Material
     Flux                                 0.00558983 +/- 0.000153466
     heating                              269.452 +/- 11.1498
     damage-energy                        3.78067 +/- 0.130752
 Mesh Index (17, 1, 2)
   Total Material
     Flux                                 0.00363195 +/- 9.48064e-05
     heating                              0 +/- 0
     damage-energy                        0 +/- 0
 Mesh Index (18, 1, 2)
   Total Material
     Flux                                 0.00346555 +/- 8.87592e-05
     heating                              0 +/- 0
     damage-energy                        0 +/- 0
 Mesh Index (19, 1, 2)
   Total Material
     Flux                                 0.00350172 +/- 8.00988e-05
     heating                              0 +/- 0
     damage-energy                        0 +/- 0
 Mesh Index (20, 1, 2)
   Total Material
     Flux                                 0.00330042 +/- 9.89628e-05
     heating                              0 +/- 0
     damage-energy                        0 +/- 0
 Mesh Index (21, 1, 2)
   Total Material
     Flux                                 0.00231879 +/- 7.44907e-05
     heating                              0 +/- 0
     damage-energy                        0 +/- 0
 Mesh Index (22, 1, 2)
   Total Material
     Flux                                 0.00191964 +/- 7.23161e-05
     heating                              0 +/- 0
     damage-energy                        0 +/- 0
 Mesh Index (23, 1, 2)
   Total Material
     Flux                                 0.00155218 +/- 5.7359e-05
     heating                              0 +/- 0
     damage-energy                        0 +/- 0
 Mesh Index (24, 1, 2)
   Total Material
     Flux                                 0.00131593 +/- 5.72938e-05
     heating                              0 +/- 0
     damage-energy                        0 +/- 0
 Mesh Index (1, 2, 2)
   Total Material
     Flux                                 0.0551117 +/- 0.000433467
     heating                              0 +/- 0
     damage-energy                        0 +/- 0
 Mesh Index (2, 2, 2)
   Total Material
     Flux                                 0.0675907 +/- 0.000431673
     heating                              0 +/- 0
     damage-energy                        0 +/- 0
 Mesh Index (3, 2, 2)
   Total Material
     Flux                                 0.0798629 +/- 0.000434427
     heating                              0 +/- 0
     damage-energy                        0 +/- 0
 Mesh Index (4, 2, 2)
   Total Material
     Flux                                 0.0918571 +/- 0.00060765
     heating                              0 +/- 0
     damage-energy                        0 +/- 0
 Mesh Index (5, 2, 2)
   Total Material
     Flux                                 0.102367 +/- 0.000536059
     heating                              0 +/- 0
     damage-energy                        0 +/- 0
 Mesh Index (6, 2, 2)
   Total Material
     Flux                                 0.113233 +/- 0.000705576
     heating                              0 +/- 0
     damage-energy                        0 +/- 0
 Mesh Index (7, 2, 2)
   Total Material
     Flux                                 0.125201 +/- 0.000670534
     heating                              0 +/- 0
     damage-energy                        0 +/- 0
 Mesh Index (8, 2, 2)
   Total Material
     Flux                                 0.135697 +/- 0.000783051
     heating                              0 +/- 0
     damage-energy                        0 +/- 0
 Mesh Index (9, 2, 2)
   Total Material
     Flux                                 0.146736 +/- 0.000826037
     heating                              0 +/- 0
     damage-energy                        0 +/- 0
 Mesh Index (10, 2, 2)
   Total Material
     Flux                                 0.134402 +/- 0.000744601
     heating                              2339.24 +/- 26.1666
     damage-energy                        544.148 +/- 4.70889
 Mesh Index (11, 2, 2)
   Total Material
     Flux                                 0.110253 +/- 0.000743542
     heating                              3848.31 +/- 36.827
     damage-energy                        46.7503 +/- 0.43415
 Mesh Index (12, 2, 2)
   Total Material
     Flux                                 0.0747006 +/- 0.000685298
     heating                              6082.61 +/- 59.358
     damage-energy                        78.6591 +/- 0.764333
 Mesh Index (13, 2, 2)
   Total Material
     Flux                                 0.0464589 +/- 0.000503632
     heating                              3588.75 +/- 42.6121
     damage-energy                        47.406 +/- 0.575761
 Mesh Index (14, 2, 2)
   Total Material
     Flux                                 0.0269133 +/- 0.000428306
     heating                              2029.54 +/- 36.2694
     damage-energy                        27.0065 +/- 0.478147
 Mesh Index (15, 2, 2)
   Total Material
     Flux                                 0.0144163 +/- 0.00034524
     heating                              1065.86 +/- 30.1508
     damage-energy                        14.29 +/- 0.350715
 Mesh Index (16, 2, 2)
   Total Material
     Flux                                 0.00551285 +/- 0.000151568
     heating                              266.874 +/- 9.40988
     damage-energy                        3.66741 +/- 0.124175
 Mesh Index (17, 2, 2)
   Total Material
     Flux                                 0.00366546 +/- 0.000101357
     heating                              0 +/- 0
     damage-energy                        0 +/- 0
 Mesh Index (18, 2, 2)
   Total Material
     Flux                                 0.00360803 +/- 0.00010213
     heating                              0 +/- 0
     damage-energy                        0 +/- 0
 Mesh Index (19, 2, 2)
   Total Material
     Flux                                 0.00348563 +/- 9.65686e-05
     heating                              0 +/- 0
     damage-energy                        0 +/- 0
 Mesh Index (20, 2, 2)
   Total Material
     Flux                                 0.0032408 +/- 7.95179e-05
     heating                              0 +/- 0
     damage-energy                        0 +/- 0
 Mesh Index (21, 2, 2)
   Total Material
     Flux                                 0.00158933 +/- 5.87069e-05
     heating                              0 +/- 0
     damage-energy                        0 +/- 0
 Mesh Index (22, 2, 2)
   Total Material
     Flux                                 0.00108833 +/- 6.13924e-05
     heating                              0 +/- 0
     damage-energy                        0 +/- 0
 Mesh Index (23, 2, 2)
   Total Material
     Flux                                 0.000769993 +/- 4.37103e-05
     heating                              0 +/- 0
     damage-energy                        0 +/- 0
 Mesh Index (24, 2, 2)
   Total Material
     Flux                                 0.000517863 +/- 3.48549e-05
     heating                              0 +/- 0
     damage-energy                        0 +/- 0
 Mesh Index (1, 3, 2)
   Total Material
     Flux                                 0.0556025 +/- 0.000433298
     heating                              0 +/- 0
     damage-energy                        0 +/- 0
 Mesh Index (2, 3, 2)
   Total Material
     Flux                                 0.066492 +/- 0.00049483
     heating                              0 +/- 0
     damage-energy                        0 +/- 0
 Mesh Index (3, 3, 2)
   Total Material
     Flux                                 0.0793657 +/- 0.000606448
     heating                              0 +/- 0
     damage-energy                        0 +/- 0
 Mesh Index (4, 3, 2)
   Total Material
     Flux                                 0.0916179 +/- 0.00054363
     heating                              0 +/- 0
     damage-energy                        0 +/- 0
 Mesh Index (5, 3, 2)
   Total Material
     Flux                                 0.103713 +/- 0.000616465
     heating                              0 +/- 0
     damage-energy                        0 +/- 0
 Mesh Index (6, 3, 2)
   Total Material
     Flux                                 0.113309 +/- 0.000601102
     heating                              0 +/- 0
     damage-energy                        0 +/- 0
 Mesh Index (7, 3, 2)
   Total Material
     Flux                                 0.125293 +/- 0.000742595
     heating                              0 +/- 0
     damage-energy                        0 +/- 0
 Mesh Index (8, 3, 2)
   Total Material
     Flux                                 0.135711 +/- 0.000799896
     heating                              0 +/- 0
     damage-energy                        0 +/- 0
 Mesh Index (9, 3, 2)
   Total Material
     Flux                                 0.146952 +/- 0.000803454
     heating                              0 +/- 0
     damage-energy                        0 +/- 0
 Mesh Index (10, 3, 2)
   Total Material
     Flux                                 0.133609 +/- 0.000854517
     heating                              2326.35 +/- 26.6949
     damage-energy                        542.708 +/- 4.81824
 Mesh Index (11, 3, 2)
   Total Material
     Flux                                 0.112062 +/- 0.000996753
     heating                              3904.95 +/- 46.2916
     damage-energy                        47.647 +/- 0.554526
 Mesh Index (12, 3, 2)
   Total Material
     Flux                                 0.074431 +/- 0.000651407
     heating                              6027.32 +/- 60.9808
     damage-energy                        78.2082 +/- 0.784448
 Mesh Index (13, 3, 2)
   Total Material
     Flux                                 0.0453016 +/- 0.000567119
     heating                              3449.88 +/- 44.4673
     damage-energy                        46.3951 +/- 0.652948
 Mesh Index (14, 3, 2)
   Total Material
     Flux                                 0.026744 +/- 0.00048692
     heating                              1988.73 +/- 40.1393
     damage-energy                        26.8012 +/- 0.490939
 Mesh Index (15, 3, 2)
   Total Material
     Flux                                 0.014704 +/- 0.000287991
     heating                              1095.48 +/- 25.0246
     damage-energy                        14.3393 +/- 0.327086
 Mesh Index (16, 3, 2)
   Total Material
     Flux                                 0.00572668 +/- 0.000146943
     heating                              270.563 +/- 8.47085
     damage-energy                        3.80118 +/- 0.104937
 Mesh Index (17, 3, 2)
   Total Material
     Flux                                 0.00370793 +/- 0.0001058
     heating                              0 +/- 0
     damage-energy                        0 +/- 0
 Mesh Index (18, 3, 2)
   Total Material
     Flux                                 0.00360231 +/- 9.04548e-05
     heating                              0 +/- 0
     damage-energy                        0 +/- 0
 Mesh Index (19, 3, 2)
   Total Material
     Flux                                 0.00348003 +/- 9.81557e-05
     heating                              0 +/- 0
     damage-energy                        0 +/- 0
 Mesh Index (20, 3, 2)
   Total Material
     Flux                                 0.00332749 +/- 0.000100201
     heating                              0 +/- 0
     damage-energy                        0 +/- 0
 Mesh Index (21, 3, 2)
   Total Material
     Flux                                 0.00327294 +/- 0.000102332
     heating                              0 +/- 0
     damage-energy                        0 +/- 0
 Mesh Index (22, 3, 2)
   Total Material
     Flux                                 0.00279356 +/- 8.71999e-05
     heating                              0 +/- 0
     damage-energy                        0 +/- 0
 Mesh Index (23, 3, 2)
   Total Material
     Flux                                 0.0022741 +/- 7.29561e-05
     heating                              0 +/- 0
     damage-energy                        0 +/- 0
 Mesh Index (24, 3, 2)
   Total Material
     Flux                                 0.00172529 +/- 6.33008e-05
     heating                              0 +/- 0
     damage-energy                        0 +/- 0
 Mesh Index (1, 4, 2)
   Total Material
     Flux                                 0.056023 +/- 0.000511035
     heating                              0 +/- 0
     damage-energy                        0 +/- 0
 Mesh Index (2, 4, 2)
   Total Material
     Flux                                 0.0679723 +/- 0.000484455
     heating                              0 +/- 0
     damage-energy                        0 +/- 0
 Mesh Index (3, 4, 2)
   Total Material
     Flux                                 0.0795659 +/- 0.000604918
     heating                              0 +/- 0
     damage-energy                        0 +/- 0
 Mesh Index (4, 4, 2)
   Total Material
     Flux                                 0.0901768 +/- 0.000547115
     heating                              0 +/- 0
     damage-energy                        0 +/- 0
 Mesh Index (5, 4, 2)
   Total Material
     Flux                                 0.102792 +/- 0.000595485
     heating                              0 +/- 0
     damage-energy                        0 +/- 0
 Mesh Index (6, 4, 2)
   Total Material
     Flux                                 0.114734 +/- 0.000735665
     heating                              0 +/- 0
     damage-energy                        0 +/- 0
 Mesh Index (7, 4, 2)
   Total Material
     Flux                                 0.12371 +/- 0.000719137
     heating                              0 +/- 0
     damage-energy                        0 +/- 0
 Mesh Index (8, 4, 2)
   Total Material
     Flux                                 0.135617 +/- 0.000745627
     heating                              0 +/- 0
     damage-energy                        0 +/- 0
 Mesh Index (9, 4, 2)
   Total Material
     Flux                                 0.145577 +/- 0.000827537
     heating                              0 +/- 0
     damage-energy                        0 +/- 0
 Mesh Index (10, 4, 2)
   Total Material
     Flux                                 0.133357 +/- 0.000771744
     heating                              2358.92 +/- 20.5372
     damage-energy                        544.83 +/- 3.68685
 Mesh Index (11, 4, 2)
   Total Material
     Flux                                 0.11243 +/- 0.000822285
     heating                              3909.95 +/- 37.8663
     damage-energy                        48.2651 +/- 0.444725
 Mesh Index (12, 4, 2)
   Total Material
     Flux                                 0.0755484 +/- 0.000684904
     heating                              6154.94 +/- 70.7596
     damage-energy                        80.0381 +/- 0.750814
 Mesh Index (13, 4, 2)
   Total Material
     Flux                                 0.0464815 +/- 0.000656163
     heating                              3611.72 +/- 55.9706
     damage-energy                        47.3075 +/- 0.757178
 Mesh Index (14, 4, 2)
   Total Material
     Flux                                 0.0275073 +/- 0.000437393
     heating                              2087.52 +/- 38.5848
     damage-energy                        27.6673 +/- 0.509831
 Mesh Index (15, 4, 2)
   Total Material
     Flux                                 0.0146036 +/- 0.000369609
     heating                              1115.24 +/- 31.831
     damage-energy                        14.4965 +/- 0.38938
 Mesh Index (16, 4, 2)
   Total Material
     Flux                                 0.0054175 +/- 0.000120055
     heating                              258.307 +/- 8.7123
     damage-energy                        3.69662 +/- 0.112863
 Mesh Index (17, 4, 2)
   Total Material
     Flux                                 0.00366926 +/- 0.000111411
     heating                              0 +/- 0
     damage-energy                        0 +/- 0
 Mesh Index (18, 4, 2)
   Total Material
     Flux                                 0.00347157 +/- 8.35733e-05
     heating                              0 +/- 0
     damage-energy                        0 +/- 0
 Mesh Index (19, 4, 2)
   Total Material
     Flux                                 0.00332459 +/- 9.39457e-05
     heating                              0 +/- 0
     damage-energy                        0 +/- 0
 Mesh Index (20, 4, 2)
   Total Material
     Flux                                 0.00314127 +/- 8.21314e-05
     heating                              0 +/- 0
     damage-energy                        0 +/- 0
 Mesh Index (21, 4, 2)
   Total Material
     Flux                                 0.00148565 +/- 5.53441e-05
     heating                              0 +/- 0
     damage-energy                        0 +/- 0
 Mesh Index (22, 4, 2)
   Total Material
     Flux                                 0.000566447 +/- 3.50122e-05
     heating                              0 +/- 0
     damage-energy                        0 +/- 0
 Mesh Index (23, 4, 2)
   Total Material
     Flux                                 5.35177e-05 +/- 6.89178e-06
     heating                              0 +/- 0
     damage-energy                        0 +/- 0
 Mesh Index (24, 4, 2)
   Total Material
     Flux                                 0 +/- 0
     heating                              0 +/- 0
     damage-energy                        0 +/- 0
 Mesh Index (1, 5, 2)
   Total Material
     Flux                                 0.0556138 +/- 0.000471683
     heating                              0 +/- 0
     damage-energy                        0 +/- 0
 Mesh Index (2, 5, 2)
   Total Material
     Flux                                 0.0677321 +/- 0.000427337
     heating                              0 +/- 0
     damage-energy                        0 +/- 0
 Mesh Index (3, 5, 2)
   Total Material
     Flux                                 0.0794104 +/- 0.000486018
     heating                              0 +/- 0
     damage-energy                        0 +/- 0
 Mesh Index (4, 5, 2)
   Total Material
     Flux                                 0.0916744 +/- 0.00063726
     heating                              0 +/- 0
     damage-energy                        0 +/- 0
 Mesh Index (5, 5, 2)
   Total Material
     Flux                                 0.103467 +/- 0.000642506
     heating                              0 +/- 0
     damage-energy                        0 +/- 0
 Mesh Index (6, 5, 2)
   Total Material
     Flux                                 0.114501 +/- 0.000618472
     heating                              0 +/- 0
     damage-energy                        0 +/- 0
 Mesh Index (7, 5, 2)
   Total Material
     Flux                                 0.124671 +/- 0.00063449
     heating                              0 +/- 0
     damage-energy                        0 +/- 0
 Mesh Index (8, 5, 2)
   Total Material
     Flux                                 0.135069 +/- 0.000742441
     heating                              0 +/- 0
     damage-energy                        0 +/- 0
 Mesh Index (9, 5, 2)
   Total Material
     Flux                                 0.147149 +/- 0.000875387
     heating                              0 +/- 0
     damage-energy                        0 +/- 0
 Mesh Index (10, 5, 2)
   Total Material
     Flux                                 0.132981 +/- 0.000825102
     heating                              2331.45 +/- 22.9776
     damage-energy                        542.62 +/- 4.53494
 Mesh Index (11, 5, 2)
   Total Material
     Flux                                 0.112317 +/- 0.000660523
     heating                              3919.34 +/- 34.734
     damage-energy                        47.8638 +/- 0.407411
 Mesh Index (12, 5, 2)
   Total Material
     Flux                                 0.0754983 +/- 0.000694922
     heating                              6140.16 +/- 61.401
     damage-energy                        79.908 +/- 0.778206
 Mesh Index (13, 5, 2)
   Total Material
     Flux                                 0.0452823 +/- 0.000563157
     heating                              3510.08 +/- 51.1721
     damage-energy                        46.0442 +/- 0.650156
 Mesh Index (14, 5, 2)
   Total Material
     Flux                                 0.0269951 +/- 0.000479901
     heating                              2025.46 +/- 45.4573
     damage-energy                        26.6416 +/- 0.504698
 Mesh Index (15, 5, 2)
   Total Material
     Flux                                 0.0144609 +/- 0.000325653
     heating                              1068.79 +/- 23.855
     damage-energy                        14.099 +/- 0.328652
 Mesh Index (16, 5, 2)
   Total Material
     Flux                                 0.00543278 +/- 0.000147968
     heating                              257.002 +/- 8.57875
     damage-energy                        3.67078 +/- 0.121547
 Mesh Index (17, 5, 2)
   Total Material
     Flux                                 0.00377201 +/- 0.000124702
     heating                              0 +/- 0
     damage-energy                        0 +/- 0
 Mesh Index (18, 5, 2)
   Total Material
     Flux                                 0.00359095 +/- 0.000105833
     heating                              0 +/- 0
     damage-energy                        0 +/- 0
 Mesh Index (19, 5, 2)
   Total Material
     Flux                                 0.00348133 +/- 0.000136569
     heating                              0 +/- 0
     damage-energy                        0 +/- 0
 Mesh Index (20, 5, 2)
   Total Material
     Flux                                 0.00332307 +/- 0.000115357
     heating                              0 +/- 0
     damage-energy                        0 +/- 0
 Mesh Index (21, 5, 2)
   Total Material
     Flux                                 0.00311698 +/- 0.000101504
     heating                              0 +/- 0
     damage-energy                        0 +/- 0
 Mesh Index (22, 5, 2)
   Total Material
     Flux                                 0.00266227 +/- 8.74573e-05
     heating                              0 +/- 0
     damage-energy                        0 +/- 0
 Mesh Index (23, 5, 2)
   Total Material
     Flux                                 0.0022336 +/- 8.30565e-05
     heating                              0 +/- 0
     damage-energy                        0 +/- 0
 Mesh Index (24, 5, 2)
   Total Material
     Flux                                 0.00179508 +/- 6.07268e-05
     heating                              0 +/- 0
     damage-energy                        0 +/- 0
 Mesh Index (1, 6, 2)
   Total Material
     Flux                                 0.0549157 +/- 0.000409543
     heating                              0 +/- 0
     damage-energy                        0 +/- 0
 Mesh Index (2, 6, 2)
   Total Material
     Flux                                 0.0677374 +/- 0.000530973
     heating                              0 +/- 0
     damage-energy                        0 +/- 0
 Mesh Index (3, 6, 2)
   Total Material
     Flux                                 0.0793953 +/- 0.000457765
     heating                              0 +/- 0
     damage-energy                        0 +/- 0
 Mesh Index (4, 6, 2)
   Total Material
     Flux                                 0.0916916 +/- 0.000523151
     heating                              0 +/- 0
     damage-energy                        0 +/- 0
 Mesh Index (5, 6, 2)
   Total Material
     Flux                                 0.102894 +/- 0.00054632
     heating                              0 +/- 0
     damage-energy                        0 +/- 0
 Mesh Index (6, 6, 2)
   Total Material
     Flux                                 0.113402 +/- 0.000703264
     heating                              0 +/- 0
     damage-energy                        0 +/- 0
 Mesh Index (7, 6, 2)
   Total Material
     Flux                                 0.125379 +/- 0.00081703
     heating                              0 +/- 0
     damage-energy                        0 +/- 0
 Mesh Index (8, 6, 2)
   Total Material
     Flux                                 0.137027 +/- 0.000619212
     heating                              0 +/- 0
     damage-energy                        0 +/- 0
 Mesh Index (9, 6, 2)
   Total Material
     Flux                                 0.148733 +/- 0.000861578
     heating                              0 +/- 0
     damage-energy                        0 +/- 0
 Mesh Index (10, 6, 2)
   Total Material
     Flux                                 0.13482 +/- 0.000860967
     heating                              2367.77 +/- 28.4351
     damage-energy                        550.634 +/- 4.76641
 Mesh Index (11, 6, 2)
   Total Material
     Flux                                 0.112735 +/- 0.000771654
     heating                              3921.39 +/- 40.7956
     damage-energy                        48.3645 +/- 0.437236
 Mesh Index (12, 6, 2)
   Total Material
     Flux                                 0.0751401 +/- 0.000564024
     heating                              6128.69 +/- 48.8107
     damage-energy                        79.6866 +/- 0.70209
 Mesh Index (13, 6, 2)
   Total Material
     Flux                                 0.0456825 +/- 0.00054431
     heating                              3493.21 +/- 50.3454
     damage-energy                        46.8184 +/- 0.541496
 Mesh Index (14, 6, 2)
   Total Material
     Flux                                 0.0267977 +/- 0.000469857
     heating                              2014.19 +/- 43.9397
     damage-energy                        26.9241 +/- 0.447176
 Mesh Index (15, 6, 2)
   Total Material
     Flux                                 0.0144356 +/- 0.000284721
     heating                              1076.58 +/- 23.459
     damage-energy                        14.3173 +/- 0.325277
 Mesh Index (16, 6, 2)
   Total Material
     Flux                                 0.00550062 +/- 0.000107827
     heating                              261.328 +/- 7.96399
     damage-energy                        3.75384 +/- 0.114197
 Mesh Index (17, 6, 2)
   Total Material
     Flux                                 0.0037648 +/- 0.00010535
     heating                              0 +/- 0
     damage-energy                        0 +/- 0
 Mesh Index (18, 6, 2)
   Total Material
     Flux                                 0.00355967 +/- 9.12725e-05
     heating                              0 +/- 0
     damage-energy                        0 +/- 0
 Mesh Index (19, 6, 2)
   Total Material
     Flux                                 0.00316929 +/- 0.000113253
     heating                              0 +/- 0
     damage-energy                        0 +/- 0
 Mesh Index (20, 6, 2)
   Total Material
     Flux                                 0.00295232 +/- 8.63358e-05
     heating                              0 +/- 0
     damage-energy                        0 +/- 0
 Mesh Index (21, 6, 2)
   Total Material
     Flux                                 0.00159021 +/- 6.14179e-05
     heating                              0 +/- 0
     damage-energy                        0 +/- 0
 Mesh Index (22, 6, 2)
   Total Material
     Flux                                 0.00104166 +/- 4.95438e-05
     heating                              0 +/- 0
     damage-energy                        0 +/- 0
 Mesh Index (23, 6, 2)
   Total Material
     Flux                                 0.000753976 +/- 4.32251e-05
     heating                              0 +/- 0
     damage-energy                        0 +/- 0
 Mesh Index (24, 6, 2)
   Total Material
     Flux                                 0.000542528 +/- 3.75771e-05
     heating                              0 +/- 0
     damage-energy                        0 +/- 0
 Mesh Index (1, 7, 2)
   Total Material
     Flux                                 0.0555692 +/- 0.000456268
     heating                              0 +/- 0
     damage-energy                        0 +/- 0
 Mesh Index (2, 7, 2)
   Total Material
     Flux                                 0.0673963 +/- 0.000519126
     heating                              0 +/- 0
     damage-energy                        0 +/- 0
 Mesh Index (3, 7, 2)
   Total Material
     Flux                                 0.0792411 +/- 0.000621801
     heating                              0 +/- 0
     damage-energy                        0 +/- 0
 Mesh Index (4, 7, 2)
   Total Material
     Flux                                 0.0920746 +/- 0.000598064
     heating                              0 +/- 0
     damage-energy                        0 +/- 0
 Mesh Index (5, 7, 2)
   Total Material
     Flux                                 0.103276 +/- 0.000697277
     heating                              0 +/- 0
     damage-energy                        0 +/- 0
 Mesh Index (6, 7, 2)
   Total Material
     Flux                                 0.114128 +/- 0.000602042
     heating                              0 +/- 0
     damage-energy                        0 +/- 0
 Mesh Index (7, 7, 2)
   Total Material
     Flux                                 0.124698 +/- 0.000579412
     heating                              0 +/- 0
     damage-energy                        0 +/- 0
 Mesh Index (8, 7, 2)
   Total Material
     Flux                                 0.136118 +/- 0.000782176
     heating                              0 +/- 0
     damage-energy                        0 +/- 0
 Mesh Index (9, 7, 2)
   Total Material
     Flux                                 0.147391 +/- 0.000775041
     heating                              0 +/- 0
     damage-energy                        0 +/- 0
 Mesh Index (10, 7, 2)
   Total Material
     Flux                                 0.13342 +/- 0.000806379
     heating                              2323.22 +/- 23.0385
     damage-energy                        542.204 +/- 4.20656
 Mesh Index (11, 7, 2)
   Total Material
     Flux                                 0.112677 +/- 0.00094856
     heating                              3920.18 +/- 40.2275
     damage-energy                        48.2996 +/- 0.541601
 Mesh Index (12, 7, 2)
   Total Material
     Flux                                 0.0753183 +/- 0.000787956
     heating                              6062.02 +/- 69.9879
     damage-energy                        79.3889 +/- 0.982207
 Mesh Index (13, 7, 2)
   Total Material
     Flux                                 0.0460852 +/- 0.000592532
     heating                              3526.1 +/- 45.9487
     damage-energy                        46.8702 +/- 0.690479
 Mesh Index (14, 7, 2)
   Total Material
     Flux                                 0.0271742 +/- 0.000425626
     heating                              2041.77 +/- 35.75
     damage-energy                        26.998 +/- 0.453711
 Mesh Index (15, 7, 2)
   Total Material
     Flux                                 0.0148268 +/- 0.000281367
     heating                              1099.01 +/- 23.8337
     damage-energy                        14.8996 +/- 0.326452
 Mesh Index (16, 7, 2)
   Total Material
     Flux                                 0.00561474 +/- 0.000123573
     heating                              268.082 +/- 8.91089
     damage-energy                        3.68262 +/- 0.111744
 Mesh Index (17, 7, 2)
   Total Material
     Flux                                 0.00381263 +/- 0.000113238
     heating                              0 +/- 0
     damage-energy                        0 +/- 0
 Mesh Index (18, 7, 2)
   Total Material
     Flux                                 0.00364898 +/- 0.000112506
     heating                              0 +/- 0
     damage-energy                        0 +/- 0
 Mesh Index (19, 7, 2)
   Total Material
     Flux                                 0.00353832 +/- 9.49692e-05
     heating                              0 +/- 0
     damage-energy                        0 +/- 0
 Mesh Index (20, 7, 2)
   Total Material
     Flux                                 0.00323295 +/- 0.000100028
     heating                              0 +/- 0
     damage-energy                        0 +/- 0
 Mesh Index (21, 7, 2)
   Total Material
     Flux                                 0.00250196 +/- 8.953e-05
     heating                              0 +/- 0
     damage-energy                        0 +/- 0
 Mesh Index (22, 7, 2)
   Total Material
     Flux                                 0.00200015 +/- 8.76052e-05
     heating                              0 +/- 0
     damage-energy                        0 +/- 0
 Mesh Index (23, 7, 2)
   Total Material
     Flux                                 0.0016203 +/- 7.29336e-05
     heating                              0 +/- 0
     damage-energy                        0 +/- 0
 Mesh Index (24, 7, 2)
   Total Material
     Flux                                 0.00128798 +/- 6.20837e-05
     heating                              0 +/- 0
     damage-energy                        0 +/- 0
 Mesh Index (1, 1, 3)
   Total Material
     Flux                                 0.0574653 +/- 0.000575968
     heating                              0 +/- 0
     damage-energy                        0 +/- 0
 Mesh Index (2, 1, 3)
   Total Material
     Flux                                 0.0698819 +/- 0.000417624
     heating                              0 +/- 0
     damage-energy                        0 +/- 0
 Mesh Index (3, 1, 3)
   Total Material
     Flux                                 0.0822619 +/- 0.000562605
     heating                              0 +/- 0
     damage-energy                        0 +/- 0
 Mesh Index (4, 1, 3)
   Total Material
     Flux                                 0.0949739 +/- 0.000592853
     heating                              0 +/- 0
     damage-energy                        0 +/- 0
 Mesh Index (5, 1, 3)
   Total Material
     Flux                                 0.106474 +/- 0.000572827
     heating                              0 +/- 0
     damage-energy                        0 +/- 0
 Mesh Index (6, 1, 3)
   Total Material
     Flux                                 0.118377 +/- 0.000667295
     heating                              0 +/- 0
     damage-energy                        0 +/- 0
 Mesh Index (7, 1, 3)
   Total Material
     Flux                                 0.128656 +/- 0.000797856
     heating                              0 +/- 0
     damage-energy                        0 +/- 0
 Mesh Index (8, 1, 3)
   Total Material
     Flux                                 0.139619 +/- 0.000796132
     heating                              0 +/- 0
     damage-energy                        0 +/- 0
 Mesh Index (9, 1, 3)
   Total Material
     Flux                                 0.151569 +/- 0.00082549
     heating                              0 +/- 0
     damage-energy                        0 +/- 0
 Mesh Index (10, 1, 3)
   Total Material
     Flux                                 0.139593 +/- 0.000870675
     heating                              2596.54 +/- 21.8832
     damage-energy                        592.096 +/- 3.87077
 Mesh Index (11, 1, 3)
   Total Material
     Flux                                 0.118223 +/- 0.00078153
     heating                              4114.01 +/- 40.2881
     damage-energy                        51.7678 +/- 0.538407
 Mesh Index (12, 1, 3)
   Total Material
     Flux                                 0.0806952 +/- 0.000688138
     heating                              6508.8 +/- 61.186
     damage-energy                        86.382 +/- 0.776015
 Mesh Index (13, 1, 3)
   Total Material
     Flux                                 0.05065 +/- 0.000590861
     heating                              3856.34 +/- 54.9784
     damage-energy                        52.9268 +/- 0.640825
 Mesh Index (14, 1, 3)
   Total Material
     Flux                                 0.0291582 +/- 0.000373695
     heating                              2156.68 +/- 29.2476
     damage-energy                        29.5411 +/- 0.411164
 Mesh Index (15, 1, 3)
   Total Material
     Flux                                 0.0160448 +/- 0.000299432
     heating                              1210.43 +/- 27.9847
     damage-energy                        16.1135 +/- 0.333943
 Mesh Index (16, 1, 3)
   Total Material
     Flux                                 0.00618384 +/- 0.000144463
     heating                              286.42 +/- 9.05619
     damage-energy                        4.2213 +/- 0.116422
 Mesh Index (17, 1, 3)
   Total Material
     Flux                                 0.00408932 +/- 9.55392e-05
     heating                              0 +/- 0
     damage-energy                        0 +/- 0
 Mesh Index (18, 1, 3)
   Total Material
     Flux                                 0.00390761 +/- 9.71262e-05
     heating                              0 +/- 0
     damage-energy                        0 +/- 0
 Mesh Index (19, 1, 3)
   Total Material
     Flux                                 0.0038614 +/- 0.000107752
     heating                              0 +/- 0
     damage-energy                        0 +/- 0
 Mesh Index (20, 1, 3)
   Total Material
     Flux                                 0.00342395 +/- 9.2717e-05
     heating                              0 +/- 0
     damage-energy                        0 +/- 0
 Mesh Index (21, 1, 3)
   Total Material
     Flux                                 0.00257397 +/- 0.000103166
     heating                              0 +/- 0
     damage-energy                        0 +/- 0
 Mesh Index (22, 1, 3)
   Total Material
     Flux                                 0.00196886 +/- 7.84707e-05
     heating                              0 +/- 0
     damage-energy                        0 +/- 0
 Mesh Index (23, 1, 3)
   Total Material
     Flux                                 0.00169921 +/- 7.63197e-05
     heating                              0 +/- 0
     damage-energy                        0 +/- 0
 Mesh Index (24, 1, 3)
   Total Material
     Flux                                 0.00141141 +/- 6.41891e-05
     heating                              0 +/- 0
     damage-energy                        0 +/- 0
 Mesh Index (1, 2, 3)
   Total Material
     Flux                                 0.0574746 +/- 0.000456057
     heating                              0 +/- 0
     damage-energy                        0 +/- 0
 Mesh Index (2, 2, 3)
   Total Material
     Flux                                 0.0697411 +/- 0.00054684
     heating                              0 +/- 0
     damage-energy                        0 +/- 0
 Mesh Index (3, 2, 3)
   Total Material
     Flux                                 0.081376 +/- 0.00048009
     heating                              0 +/- 0
     damage-energy                        0 +/- 0
 Mesh Index (4, 2, 3)
   Total Material
     Flux                                 0.0948502 +/- 0.000598817
     heating                              0 +/- 0
     damage-energy                        0 +/- 0
 Mesh Index (5, 2, 3)
   Total Material
     Flux                                 0.104834 +/- 0.000689994
     heating                              0 +/- 0
     damage-energy                        0 +/- 0
 Mesh Index (6, 2, 3)
   Total Material
     Flux                                 0.1161 +/- 0.000712886
     heating                              0 +/- 0
     damage-energy                        0 +/- 0
 Mesh Index (7, 2, 3)
   Total Material
     Flux                                 0.12926 +/- 0.000578804
     heating                              0 +/- 0
     damage-energy                        0 +/- 0
 Mesh Index (8, 2, 3)
   Total Material
     Flux                                 0.140841 +/- 0.00087389
     heating                              0 +/- 0
     damage-energy                        0 +/- 0
 Mesh Index (9, 2, 3)
   Total Material
     Flux                                 0.151651 +/- 0.000800113
     heating                              0 +/- 0
     damage-energy                        0 +/- 0
 Mesh Index (10, 2, 3)
   Total Material
     Flux                                 0.14133 +/- 0.000845057
     heating                              2592.53 +/- 27.3789
     damage-energy                        593.243 +/- 5.04635
 Mesh Index (11, 2, 3)
   Total Material
     Flux                                 0.118925 +/- 0.000833858
     heating                              4178.28 +/- 37.974
     damage-energy                        51.464 +/- 0.527939
 Mesh Index (12, 2, 3)
   Total Material
     Flux                                 0.0808058 +/- 0.000673353
     heating                              6534.89 +/- 64.1604
     damage-energy                        86.4354 +/- 0.825657
 Mesh Index (13, 2, 3)
   Total Material
     Flux                                 0.0503516 +/- 0.000527633
     heating                              3878.85 +/- 54.6767
     damage-energy                        52.0043 +/- 0.650972
 Mesh Index (14, 2, 3)
   Total Material
     Flux                                 0.0295877 +/- 0.000384785
     heating                              2210.21 +/- 31.6717
     damage-energy                        29.9924 +/- 0.41773
 Mesh Index (15, 2, 3)
   Total Material
     Flux                                 0.0160646 +/- 0.00034208
     heating                              1180.87 +/- 25.2219
     damage-energy                        16.2173 +/- 0.402695
 Mesh Index (16, 2, 3)
   Total Material
     Flux                                 0.00615141 +/- 0.000141171
     heating                              294.405 +/- 9.89167
     damage-energy                        4.18824 +/- 0.107666
 Mesh Index (17, 2, 3)
   Total Material
     Flux                                 0.00429985 +/- 0.000145635
     heating                              0 +/- 0
     damage-energy                        0 +/- 0
 Mesh Index (18, 2, 3)
   Total Material
     Flux                                 0.00405657 +/- 0.000108511
     heating                              0 +/- 0
     damage-energy                        0 +/- 0
 Mesh Index (19, 2, 3)
   Total Material
     Flux                                 0.00382868 +/- 0.00011261
     heating                              0 +/- 0
     damage-energy                        0 +/- 0
 Mesh Index (20, 2, 3)
   Total Material
     Flux                                 0.0035279 +/- 8.64327e-05
     heating                              0 +/- 0
     damage-energy                        0 +/- 0
 Mesh Index (21, 2, 3)
   Total Material
     Flux                                 0.00181098 +/- 6.76975e-05
     heating                              0 +/- 0
     damage-energy                        0 +/- 0
 Mesh Index (22, 2, 3)
   Total Material
     Flux                                 0.00118938 +/- 5.59777e-05
     heating                              0 +/- 0
     damage-energy                        0 +/- 0
 Mesh Index (23, 2, 3)
   Total Material
     Flux                                 0.000817199 +/- 4.67663e-05
     heating                              0 +/- 0
     damage-energy                        0 +/- 0
 Mesh Index (24, 2, 3)
   Total Material
     Flux                                 0.000454209 +/- 3.1036e-05
     heating                              0 +/- 0
     damage-energy                        0 +/- 0
 Mesh Index (1, 3, 3)
   Total Material
     Flux                                 0.057611 +/- 0.000471255
     heating                              0 +/- 0
     damage-energy                        0 +/- 0
 Mesh Index (2, 3, 3)
   Total Material
     Flux                                 0.0690611 +/- 0.00061815
     heating                              0 +/- 0
     damage-energy                        0 +/- 0
 Mesh Index (3, 3, 3)
   Total Material
     Flux                                 0.0820654 +/- 0.000649038
     heating                              0 +/- 0
     damage-energy                        0 +/- 0
 Mesh Index (4, 3, 3)
   Total Material
     Flux                                 0.0945187 +/- 0.000578769
     heating                              0 +/- 0
     damage-energy                        0 +/- 0
 Mesh Index (5, 3, 3)
   Total Material
     Flux                                 0.107458 +/- 0.000605146
     heating                              0 +/- 0
     damage-energy                        0 +/- 0
 Mesh Index (6, 3, 3)
   Total Material
     Flux                                 0.118528 +/- 0.00057615
     heating                              0 +/- 0
     damage-energy                        0 +/- 0
 Mesh Index (7, 3, 3)
   Total Material
     Flux                                 0.129469 +/- 0.000626944
     heating                              0 +/- 0
     damage-energy                        0 +/- 0
 Mesh Index (8, 3, 3)
   Total Material
     Flux                                 0.141595 +/- 0.00056208
     heating                              0 +/- 0
     damage-energy                        0 +/- 0
 Mesh Index (9, 3, 3)
   Total Material
     Flux                                 0.152134 +/- 0.000773128
     heating                              0 +/- 0
     damage-energy                        0 +/- 0
 Mesh Index (10, 3, 3)
   Total Material
     Flux                                 0.139922 +/- 0.000966238
     heating                              2613.04 +/- 28.6705
     damage-energy                        594.498 +/- 5.65774
 Mesh Index (11, 3, 3)
   Total Material
     Flux                                 0.119491 +/- 0.000800495
     heating                              4151.66 +/- 34.851
     damage-energy                        51.4586 +/- 0.479752
 Mesh Index (12, 3, 3)
   Total Material
     Flux                                 0.0817856 +/- 0.000761845
     heating                              6610.35 +/- 66.8712
     damage-energy                        87.6667 +/- 0.819844
 Mesh Index (13, 3, 3)
   Total Material
     Flux                                 0.0508057 +/- 0.000732615
     heating                              3851.04 +/- 61.3266
     damage-energy                        53.2736 +/- 0.79657
 Mesh Index (14, 3, 3)
   Total Material
     Flux                                 0.0302661 +/- 0.000469242
     heating                              2254.98 +/- 43.3524
     damage-energy                        30.6075 +/- 0.52345
 Mesh Index (15, 3, 3)
   Total Material
     Flux                                 0.0169341 +/- 0.000325778
     heating                              1275.47 +/- 28.5496
     damage-energy                        16.9218 +/- 0.332745
 Mesh Index (16, 3, 3)
   Total Material
     Flux                                 0.00633857 +/- 0.000169557
     heating                              304.598 +/- 10.4323
     damage-energy                        4.3316 +/- 0.138248
 Mesh Index (17, 3, 3)
   Total Material
     Flux                                 0.00417098 +/- 0.000110087
     heating                              0 +/- 0
     damage-energy                        0 +/- 0
 Mesh Index (18, 3, 3)
   Total Material
     Flux                                 0.00376334 +/- 0.000100181
     heating                              0 +/- 0
     damage-energy                        0 +/- 0
 Mesh Index (19, 3, 3)
   Total Material
     Flux                                 0.00378244 +/- 9.01716e-05
     heating                              0 +/- 0
     damage-energy                        0 +/- 0
 Mesh Index (20, 3, 3)
   Total Material
     Flux                                 0.00381636 +/- 0.000107264
     heating                              0 +/- 0
     damage-energy                        0 +/- 0
 Mesh Index (21, 3, 3)
   Total Material
     Flux                                 0.0036088 +/- 0.00011254
     heating                              0 +/- 0
     damage-energy                        0 +/- 0
 Mesh Index (22, 3, 3)
   Total Material
     Flux                                 0.00291377 +/- 9.2253e-05
     heating                              0 +/- 0
     damage-energy                        0 +/- 0
 Mesh Index (23, 3, 3)
   Total Material
     Flux                                 0.00253959 +/- 8.69032e-05
     heating                              0 +/- 0
     damage-energy                        0 +/- 0
 Mesh Index (24, 3, 3)
   Total Material
     Flux                                 0.00188936 +/- 7.32776e-05
     heating                              0 +/- 0
     damage-energy                        0 +/- 0
 Mesh Index (1, 4, 3)
   Total Material
     Flux                                 0.0578379 +/- 0.000482904
     heating                              0 +/- 0
     damage-energy                        0 +/- 0
 Mesh Index (2, 4, 3)
   Total Material
     Flux                                 0.0701975 +/- 0.000500235
     heating                              0 +/- 0
     damage-energy                        0 +/- 0
 Mesh Index (3, 4, 3)
   Total Material
     Flux                                 0.0832553 +/- 0.000524732
     heating                              0 +/- 0
     damage-energy                        0 +/- 0
 Mesh Index (4, 4, 3)
   Total Material
     Flux                                 0.0940407 +/- 0.000494588
     heating                              0 +/- 0
     damage-energy                        0 +/- 0
 Mesh Index (5, 4, 3)
   Total Material
     Flux                                 0.1063 +/- 0.000640119
     heating                              0 +/- 0
     damage-energy                        0 +/- 0
 Mesh Index (6, 4, 3)
   Total Material
     Flux                                 0.117348 +/- 0.000724758
     heating                              0 +/- 0
     damage-energy                        0 +/- 0
 Mesh Index (7, 4, 3)
   Total Material
     Flux                                 0.128426 +/- 0.000686812
     heating                              0 +/- 0
     damage-energy                        0 +/- 0
 Mesh Index (8, 4, 3)
   Total Material
     Flux                                 0.139368 +/- 0.000763474
     heating                              0 +/- 0
     damage-energy                        0 +/- 0
 Mesh Index (9, 4, 3)
   Total Material
     Flux                                 0.151293 +/- 0.000829395
     heating                              0 +/- 0
     damage-energy                        0 +/- 0
 Mesh Index (10, 4, 3)
   Total Material
     Flux                                 0.141207 +/- 0.00100495
     heating                              2647.63 +/- 28.1117
     damage-energy                        601.052 +/- 5.13532
 Mesh Index (11, 4, 3)
   Total Material
     Flux                                 0.120781 +/- 0.000909672
     heating                              4201.75 +/- 41.898
     damage-energy                        52.2408 +/- 0.528146
 Mesh Index (12, 4, 3)
   Total Material
     Flux                                 0.0821049 +/- 0.000775674
     heating                              6643.55 +/- 73.6201
     damage-energy                        87.8884 +/- 0.915639
 Mesh Index (13, 4, 3)
   Total Material
     Flux                                 0.0503658 +/- 0.000507187
     heating                              3859.43 +/- 48.6319
     damage-energy                        52.2756 +/- 0.602439
 Mesh Index (14, 4, 3)
   Total Material
     Flux                                 0.030491 +/- 0.00047537
     heating                              2289.1 +/- 41.3073
     damage-energy                        30.5904 +/- 0.489092
 Mesh Index (15, 4, 3)
   Total Material
     Flux                                 0.0162616 +/- 0.000269383
     heating                              1211.35 +/- 24.8891
     damage-energy                        16.2732 +/- 0.316485
 Mesh Index (16, 4, 3)
   Total Material
     Flux                                 0.00632551 +/- 0.000177858
     heating                              306.265 +/- 12.132
     damage-energy                        4.35569 +/- 0.154171
 Mesh Index (17, 4, 3)
   Total Material
     Flux                                 0.00411269 +/- 0.000107997
     heating                              0 +/- 0
     damage-energy                        0 +/- 0
 Mesh Index (18, 4, 3)
   Total Material
     Flux                                 0.00380699 +/- 0.000123814
     heating                              0 +/- 0
     damage-energy                        0 +/- 0
 Mesh Index (19, 4, 3)
   Total Material
     Flux                                 0.00366052 +/- 0.000141944
     heating                              0 +/- 0
     damage-energy                        0 +/- 0
 Mesh Index (20, 4, 3)
   Total Material
     Flux                                 0.00344428 +/- 0.000115474
     heating                              0 +/- 0
     damage-energy                        0 +/- 0
 Mesh Index (21, 4, 3)
   Total Material
     Flux                                 0.0016244 +/- 7.3084e-05
     heating                              0 +/- 0
     damage-energy                        0 +/- 0
 Mesh Index (22, 4, 3)
   Total Material
     Flux                                 0.000621207 +/- 4.33447e-05
     heating                              0 +/- 0
     damage-energy                        0 +/- 0
 Mesh Index (23, 4, 3)
   Total Material
     Flux                                 4.51058e-05 +/- 5.83259e-06
     heating                              0 +/- 0
     damage-energy                        0 +/- 0
 Mesh Index (24, 4, 3)
   Total Material
     Flux                                 0 +/- 0
     heating                              0 +/- 0
     damage-energy                        0 +/- 0
 Mesh Index (1, 5, 3)
   Total Material
     Flux                                 0.0569294 +/- 0.0004098
     heating                              0 +/- 0
     damage-energy                        0 +/- 0
 Mesh Index (2, 5, 3)
   Total Material
     Flux                                 0.0693598 +/- 0.000438561
     heating                              0 +/- 0
     damage-energy                        0 +/- 0
 Mesh Index (3, 5, 3)
   Total Material
     Flux                                 0.082293 +/- 0.000532744
     heating                              0 +/- 0
     damage-energy                        0 +/- 0
 Mesh Index (4, 5, 3)
   Total Material
     Flux                                 0.0940666 +/- 0.000566368
     heating                              0 +/- 0
     damage-energy                        0 +/- 0
 Mesh Index (5, 5, 3)
   Total Material
     Flux                                 0.105924 +/- 0.000633547
     heating                              0 +/- 0
     damage-energy                        0 +/- 0
 Mesh Index (6, 5, 3)
   Total Material
     Flux                                 0.117507 +/- 0.000678969
     heating                              0 +/- 0
     damage-energy                        0 +/- 0
 Mesh Index (7, 5, 3)
   Total Material
     Flux                                 0.129013 +/- 0.000796188
     heating                              0 +/- 0
     damage-energy                        0 +/- 0
 Mesh Index (8, 5, 3)
   Total Material
     Flux                                 0.141026 +/- 0.000595777
     heating                              0 +/- 0
     damage-energy                        0 +/- 0
 Mesh Index (9, 5, 3)
   Total Material
     Flux                                 0.152126 +/- 0.000887935
     heating                              0 +/- 0
     damage-energy                        0 +/- 0
 Mesh Index (10, 5, 3)
   Total Material
     Flux                                 0.140713 +/- 0.000860995
     heating                              2603.53 +/- 32.7608
     damage-energy                        593.648 +/- 5.90561
 Mesh Index (11, 5, 3)
   Total Material
     Flux                                 0.119812 +/- 0.000663456
     heating                              4135.47 +/- 33.8965
     damage-energy                        51.4363 +/- 0.407013
 Mesh Index (12, 5, 3)
   Total Material
     Flux                                 0.0815556 +/- 0.000713744
     heating                              6663.14 +/- 65.1634
     damage-energy                        87.2564 +/- 0.759154
 Mesh Index (13, 5, 3)
   Total Material
     Flux                                 0.0501317 +/- 0.000542102
     heating                              3851.26 +/- 52.2145
     damage-energy                        52.1499 +/- 0.577262
 Mesh Index (14, 5, 3)
   Total Material
     Flux                                 0.0301982 +/- 0.000416838
     heating                              2253.21 +/- 35.1244
     damage-energy                        29.974 +/- 0.470256
 Mesh Index (15, 5, 3)
   Total Material
     Flux                                 0.0163563 +/- 0.000433198
     heating                              1192.58 +/- 29.8125
     damage-energy                        16.0596 +/- 0.426797
 Mesh Index (16, 5, 3)
   Total Material
     Flux                                 0.00602497 +/- 0.000144347
     heating                              275.952 +/- 7.31657
     damage-energy                        3.93943 +/- 0.109227
 Mesh Index (17, 5, 3)
   Total Material
     Flux                                 0.00411462 +/- 0.00013092
     heating                              0 +/- 0
     damage-energy                        0 +/- 0
 Mesh Index (18, 5, 3)
   Total Material
     Flux                                 0.00387971 +/- 0.000111366
     heating                              0 +/- 0
     damage-energy                        0 +/- 0
 Mesh Index (19, 5, 3)
   Total Material
     Flux                                 0.00375167 +/- 0.000122367
     heating                              0 +/- 0
     damage-energy                        0 +/- 0
 Mesh Index (20, 5, 3)
   Total Material
     Flux                                 0.00372592 +/- 0.000110318
     heating                              0 +/- 0
     damage-energy                        0 +/- 0
 Mesh Index (21, 5, 3)
   Total Material
     Flux                                 0.00349432 +/- 8.81563e-05
     heating                              0 +/- 0
     damage-energy                        0 +/- 0
 Mesh Index (22, 5, 3)
   Total Material
     Flux                                 0.00293988 +/- 8.17002e-05
     heating                              0 +/- 0
     damage-energy                        0 +/- 0
 Mesh Index (23, 5, 3)
   Total Material
     Flux                                 0.00242899 +/- 8.06975e-05
     heating                              0 +/- 0
     damage-energy                        0 +/- 0
 Mesh Index (24, 5, 3)
   Total Material
     Flux                                 0.00194566 +/- 7.48601e-05
     heating                              0 +/- 0
     damage-energy                        0 +/- 0
 Mesh Index (1, 6, 3)
   Total Material
     Flux                                 0.0569518 +/- 0.000464624
     heating                              0 +/- 0
     damage-energy                        0 +/- 0
 Mesh Index (2, 6, 3)
   Total Material
     Flux                                 0.0708076 +/- 0.000485279
     heating                              0 +/- 0
     damage-energy                        0 +/- 0
 Mesh Index (3, 6, 3)
   Total Material
     Flux                                 0.0819057 +/- 0.000582778
     heating                              0 +/- 0
     damage-energy                        0 +/- 0
 Mesh Index (4, 6, 3)
   Total Material
     Flux                                 0.0937612 +/- 0.000599177
     heating                              0 +/- 0
     damage-energy                        0 +/- 0
 Mesh Index (5, 6, 3)
   Total Material
     Flux                                 0.105494 +/- 0.000507563
     heating                              0 +/- 0
     damage-energy                        0 +/- 0
 Mesh Index (6, 6, 3)
   Total Material
     Flux                                 0.117674 +/- 0.000579974
     heating                              0 +/- 0
     damage-energy                        0 +/- 0
 Mesh Index (7, 6, 3)
   Total Material
     Flux                                 0.129009 +/- 0.000754125
     heating                              0 +/- 0
     damage-energy                        0 +/- 0
 Mesh Index (8, 6, 3)
   Total Material
     Flux                                 0.140217 +/- 0.000692729
     heating                              0 +/- 0
     damage-energy                        0 +/- 0
 Mesh Index (9, 6, 3)
   Total Material
     Flux                                 0.153637 +/- 0.000818487
     heating                              0 +/- 0
     damage-energy                        0 +/- 0
 Mesh Index (10, 6, 3)
   Total Material
     Flux                                 0.141351 +/- 0.000833724
     heating                              2637.83 +/- 30.7678
     damage-energy                        601.171 +/- 5.18422
 Mesh Index (11, 6, 3)
   Total Material
     Flux                                 0.119085 +/- 0.000812812
     heating                              4113.39 +/- 34.0952
     damage-energy                        52.0801 +/- 0.491979
 Mesh Index (12, 6, 3)
   Total Material
     Flux                                 0.0811583 +/- 0.000578835
     heating                              6605.36 +/- 51.3135
     damage-energy                        87.3651 +/- 0.776198
 Mesh Index (13, 6, 3)
   Total Material
     Flux                                 0.0498955 +/- 0.000546655
     heating                              3793.07 +/- 48.4362
     damage-energy                        52.0003 +/- 0.648325
 Mesh Index (14, 6, 3)
   Total Material
     Flux                                 0.0303262 +/- 0.000422851
     heating                              2284.35 +/- 38.0536
     damage-energy                        30.4035 +/- 0.477852
 Mesh Index (15, 6, 3)
   Total Material
     Flux                                 0.0161707 +/- 0.000262616
     heating                              1188.92 +/- 24.6764
     damage-energy                        15.9091 +/- 0.258314
 Mesh Index (16, 6, 3)
   Total Material
     Flux                                 0.00605107 +/- 0.000142084
     heating                              296.499 +/- 9.09747
     damage-energy                        3.95508 +/- 0.118706
 Mesh Index (17, 6, 3)
   Total Material
     Flux                                 0.00425936 +/- 0.000128954
     heating                              0 +/- 0
     damage-energy                        0 +/- 0
 Mesh Index (18, 6, 3)
   Total Material
     Flux                                 0.00399847 +/- 0.000106641
     heating                              0 +/- 0
     damage-energy                        0 +/- 0
 Mesh Index (19, 6, 3)
   Total Material
     Flux                                 0.00398942 +/- 9.19655e-05
     heating                              0 +/- 0
     damage-energy                        0 +/- 0
 Mesh Index (20, 6, 3)
   Total Material
     Flux                                 0.00375312 +/- 0.000116484
     heating                              0 +/- 0
     damage-energy                        0 +/- 0
 Mesh Index (21, 6, 3)
   Total Material
     Flux                                 0.00183577 +/- 7.83056e-05
     heating                              0 +/- 0
     damage-energy                        0 +/- 0
 Mesh Index (22, 6, 3)
   Total Material
     Flux                                 0.0011498 +/- 4.44741e-05
     heating                              0 +/- 0
     damage-energy                        0 +/- 0
 Mesh Index (23, 6, 3)
   Total Material
     Flux                                 0.000818936 +/- 3.91699e-05
     heating                              0 +/- 0
     damage-energy                        0 +/- 0
 Mesh Index (24, 6, 3)
   Total Material
     Flux                                 0.000506549 +/- 3.1602e-05
     heating                              0 +/- 0
     damage-energy                        0 +/- 0
 Mesh Index (1, 7, 3)
   Total Material
     Flux                                 0.0576031 +/- 0.000469222
     heating                              0 +/- 0
     damage-energy                        0 +/- 0
 Mesh Index (2, 7, 3)
   Total Material
     Flux                                 0.0696734 +/- 0.000500273
     heating                              0 +/- 0
     damage-energy                        0 +/- 0
 Mesh Index (3, 7, 3)
   Total Material
     Flux                                 0.0820652 +/- 0.000616575
     heating                              0 +/- 0
     damage-energy                        0 +/- 0
 Mesh Index (4, 7, 3)
   Total Material
     Flux                                 0.0952955 +/- 0.000628037
     heating                              0 +/- 0
     damage-energy                        0 +/- 0
 Mesh Index (5, 7, 3)
   Total Material
     Flux                                 0.107103 +/- 0.00067762
     heating                              0 +/- 0
     damage-energy                        0 +/- 0
 Mesh Index (6, 7, 3)
   Total Material
     Flux                                 0.118253 +/- 0.000656112
     heating                              0 +/- 0
     damage-energy                        0 +/- 0
 Mesh Index (7, 7, 3)
   Total Material
     Flux                                 0.129217 +/- 0.000606457
     heating                              0 +/- 0
     damage-energy                        0 +/- 0
 Mesh Index (8, 7, 3)
   Total Material
     Flux                                 0.140322 +/- 0.000667832
     heating                              0 +/- 0
     damage-energy                        0 +/- 0
 Mesh Index (9, 7, 3)
   Total Material
     Flux                                 0.152937 +/- 0.000768306
     heating                              0 +/- 0
     damage-energy                        0 +/- 0
 Mesh Index (10, 7, 3)
   Total Material
     Flux                                 0.141506 +/- 0.000909616
     heating                              2618.5 +/- 23.0717
     damage-energy                        594.476 +/- 4.2695
 Mesh Index (11, 7, 3)
   Total Material
     Flux                                 0.119604 +/- 0.000929489
     heating                              4143.46 +/- 44.603
     damage-energy                        51.7298 +/- 0.547956
 Mesh Index (12, 7, 3)
   Total Material
     Flux                                 0.0810567 +/- 0.000746731
     heating                              6512.53 +/- 72.6559
     damage-energy                        86.28 +/- 0.948054
 Mesh Index (13, 7, 3)
   Total Material
     Flux                                 0.0505482 +/- 0.000616087
     heating                              3861.6 +/- 55.6185
     damage-energy                        52.3689 +/- 0.701403
 Mesh Index (14, 7, 3)
   Total Material
     Flux                                 0.0301865 +/- 0.000522386
     heating                              2277.48 +/- 42.8176
     damage-energy                        30.401 +/- 0.560001
 Mesh Index (15, 7, 3)
   Total Material
     Flux                                 0.0163215 +/- 0.000295484
     heating                              1193.41 +/- 26.5038
     damage-energy                        16.2658 +/- 0.291435
 Mesh Index (16, 7, 3)
   Total Material
     Flux                                 0.00627894 +/- 0.000138562
     heating                              290.962 +/- 8.42372
     damage-energy                        4.27342 +/- 0.117384
 Mesh Index (17, 7, 3)
   Total Material
     Flux                                 0.0043985 +/- 0.00011634
     heating                              0 +/- 0
     damage-energy                        0 +/- 0
 Mesh Index (18, 7, 3)
   Total Material
     Flux                                 0.00412192 +/- 0.000101832
     heating                              0 +/- 0
     damage-energy                        0 +/- 0
 Mesh Index (19, 7, 3)
   Total Material
     Flux                                 0.00395097 +/- 0.000120806
     heating                              0 +/- 0
     damage-energy                        0 +/- 0
 Mesh Index (20, 7, 3)
   Total Material
     Flux                                 0.0037263 +/- 0.000107964
     heating                              0 +/- 0
     damage-energy                        0 +/- 0
 Mesh Index (21, 7, 3)
   Total Material
     Flux                                 0.00266814 +/- 8.86254e-05
     heating                              0 +/- 0
     damage-energy                        0 +/- 0
 Mesh Index (22, 7, 3)
   Total Material
     Flux                                 0.00202457 +/- 7.95221e-05
     heating                              0 +/- 0
     damage-energy                        0 +/- 0
 Mesh Index (23, 7, 3)
   Total Material
     Flux                                 0.00169244 +/- 8.36626e-05
     heating                              0 +/- 0
     damage-energy                        0 +/- 0
 Mesh Index (24, 7, 3)
   Total Material
     Flux                                 0.00133018 +/- 5.53011e-05
     heating                              0 +/- 0
     damage-energy                        0 +/- 0
 Mesh Index (1, 1, 4)
   Total Material
     Flux                                 0.0597846 +/- 0.000486952
     heating                              0 +/- 0
     damage-energy                        0 +/- 0
 Mesh Index (2, 1, 4)
   Total Material
     Flux                                 0.0729364 +/- 0.000484395
     heating                              0 +/- 0
     damage-energy                        0 +/- 0
 Mesh Index (3, 1, 4)
   Total Material
     Flux                                 0.0849057 +/- 0.000605095
     heating                              0 +/- 0
     damage-energy                        0 +/- 0
 Mesh Index (4, 1, 4)
   Total Material
     Flux                                 0.0981154 +/- 0.000631522
     heating                              0 +/- 0
     damage-energy                        0 +/- 0
 Mesh Index (5, 1, 4)
   Total Material
     Flux                                 0.110715 +/- 0.000515944
     heating                              0 +/- 0
     damage-energy                        0 +/- 0
 Mesh Index (6, 1, 4)
   Total Material
     Flux                                 0.123084 +/- 0.00068362
     heating                              0 +/- 0
     damage-energy                        0 +/- 0
 Mesh Index (7, 1, 4)
   Total Material
     Flux                                 0.134264 +/- 0.000802287
     heating                              0 +/- 0
     damage-energy                        0 +/- 0
 Mesh Index (8, 1, 4)
   Total Material
     Flux                                 0.145122 +/- 0.000686792
     heating                              0 +/- 0
     damage-energy                        0 +/- 0
 Mesh Index (9, 1, 4)
   Total Material
     Flux                                 0.158087 +/- 0.0010365
     heating                              0 +/- 0
     damage-energy                        0 +/- 0
 Mesh Index (10, 1, 4)
   Total Material
     Flux                                 0.148004 +/- 0.000972261
     heating                              2869.56 +/- 26.9494
     damage-energy                        644.794 +/- 4.75498
 Mesh Index (11, 1, 4)
   Total Material
     Flux                                 0.126527 +/- 0.000920563
     heating                              4378.41 +/- 51.1314
     damage-energy                        56.3067 +/- 0.578195
 Mesh Index (12, 1, 4)
   Total Material
     Flux                                 0.0879909 +/- 0.000886487
     heating                              7055.75 +/- 82.672
     damage-energy                        96.6881 +/- 0.985315
 Mesh Index (13, 1, 4)
   Total Material
     Flux                                 0.0556211 +/- 0.000665108
     heating                              4208.66 +/- 53.0632
     damage-energy                        58.9698 +/- 0.764185
 Mesh Index (14, 1, 4)
   Total Material
     Flux                                 0.0317718 +/- 0.000480057
     heating                              2345.88 +/- 38.5725
     damage-energy                        32.7173 +/- 0.546058
 Mesh Index (15, 1, 4)
   Total Material
     Flux                                 0.0177775 +/- 0.000250258
     heating                              1320.04 +/- 22.1693
     damage-energy                        17.7478 +/- 0.286705
 Mesh Index (16, 1, 4)
   Total Material
     Flux                                 0.00667599 +/- 0.000150293
     heating                              310.858 +/- 10.0245
     damage-energy                        4.63803 +/- 0.12751
 Mesh Index (17, 1, 4)
   Total Material
     Flux                                 0.00453351 +/- 0.000105292
     heating                              0 +/- 0
     damage-energy                        0 +/- 0
 Mesh Index (18, 1, 4)
   Total Material
     Flux                                 0.00442382 +/- 0.000118454
     heating                              0 +/- 0
     damage-energy                        0 +/- 0
 Mesh Index (19, 1, 4)
   Total Material
     Flux                                 0.00429406 +/- 0.000108498
     heating                              0 +/- 0
     damage-energy                        0 +/- 0
 Mesh Index (20, 1, 4)
   Total Material
     Flux                                 0.0040451 +/- 0.000127274
     heating                              0 +/- 0
     damage-energy                        0 +/- 0
 Mesh Index (21, 1, 4)
   Total Material
     Flux                                 0.00283821 +/- 8.37498e-05
     heating                              0 +/- 0
     damage-energy                        0 +/- 0
 Mesh Index (22, 1, 4)
   Total Material
     Flux                                 0.00230097 +/- 8.71048e-05
     heating                              0 +/- 0
     damage-energy                        0 +/- 0
 Mesh Index (23, 1, 4)
   Total Material
     Flux                                 0.00180089 +/- 7.72297e-05
     heating                              0 +/- 0
     damage-energy                        0 +/- 0
 Mesh Index (24, 1, 4)
   Total Material
     Flux                                 0.00142983 +/- 6.89002e-05
     heating                              0 +/- 0
     damage-energy                        0 +/- 0
 Mesh Index (1, 2, 4)
   Total Material
     Flux                                 0.0590669 +/- 0.000420437
     heating                              0 +/- 0
     damage-energy                        0 +/- 0
 Mesh Index (2, 2, 4)
   Total Material
     Flux                                 0.072061 +/- 0.000463241
     heating                              0 +/- 0
     damage-energy                        0 +/- 0
 Mesh Index (3, 2, 4)
   Total Material
     Flux                                 0.0847114 +/- 0.000533671
     heating                              0 +/- 0
     damage-energy                        0 +/- 0
 Mesh Index (4, 2, 4)
   Total Material
     Flux                                 0.0978511 +/- 0.000537504
     heating                              0 +/- 0
     damage-energy                        0 +/- 0
 Mesh Index (5, 2, 4)
   Total Material
     Flux                                 0.109305 +/- 0.000650572
     heating                              0 +/- 0
     damage-energy                        0 +/- 0
 Mesh Index (6, 2, 4)
   Total Material
     Flux                                 0.121383 +/- 0.000677463
     heating                              0 +/- 0
     damage-energy                        0 +/- 0
 Mesh Index (7, 2, 4)
   Total Material
     Flux                                 0.134037 +/- 0.000747592
     heating                              0 +/- 0
     damage-energy                        0 +/- 0
 Mesh Index (8, 2, 4)
   Total Material
     Flux                                 0.145404 +/- 0.00091873
     heating                              0 +/- 0
     damage-energy                        0 +/- 0
 Mesh Index (9, 2, 4)
   Total Material
     Flux                                 0.15923 +/- 0.00080475
     heating                              0 +/- 0
     damage-energy                        0 +/- 0
 Mesh Index (10, 2, 4)
   Total Material
     Flux                                 0.147312 +/- 0.000872267
     heating                              2872.22 +/- 28.2697
     damage-energy                        643.987 +/- 5.19023
 Mesh Index (11, 2, 4)
   Total Material
     Flux                                 0.12791 +/- 0.000774053
     heating                              4378.99 +/- 44.0128
     damage-energy                        55.8878 +/- 0.526229
 Mesh Index (12, 2, 4)
   Total Material
     Flux                                 0.0880425 +/- 0.000759354
     heating                              7059.18 +/- 69.1505
     damage-energy                        95.6374 +/- 0.902338
 Mesh Index (13, 2, 4)
   Total Material
     Flux                                 0.0557354 +/- 0.000516082
     heating                              4257.67 +/- 48.8645
     damage-energy                        58.1874 +/- 0.578008
 Mesh Index (14, 2, 4)
   Total Material
     Flux                                 0.0334065 +/- 0.00040775
     heating                              2508.74 +/- 37.165
     damage-energy                        34.1443 +/- 0.486829
 Mesh Index (15, 2, 4)
   Total Material
     Flux                                 0.0182824 +/- 0.000308177
     heating                              1346.92 +/- 26.8498
     damage-energy                        18.2881 +/- 0.340706
 Mesh Index (16, 2, 4)
   Total Material
     Flux                                 0.00698851 +/- 0.000146823
     heating                              326.441 +/- 9.87486
     damage-energy                        4.70029 +/- 0.123261
 Mesh Index (17, 2, 4)
   Total Material
     Flux                                 0.00459554 +/- 0.000132522
     heating                              0 +/- 0
     damage-energy                        0 +/- 0
 Mesh Index (18, 2, 4)
   Total Material
     Flux                                 0.00429935 +/- 0.000103103
     heating                              0 +/- 0
     damage-energy                        0 +/- 0
 Mesh Index (19, 2, 4)
   Total Material
     Flux                                 0.0042824 +/- 0.000100351
     heating                              0 +/- 0
     damage-energy                        0 +/- 0
 Mesh Index (20, 2, 4)
   Total Material
     Flux                                 0.00390381 +/- 0.000103073
     heating                              0 +/- 0
     damage-energy                        0 +/- 0
 Mesh Index (21, 2, 4)
   Total Material
     Flux                                 0.00184195 +/- 6.18095e-05
     heating                              0 +/- 0
     damage-energy                        0 +/- 0
 Mesh Index (22, 2, 4)
   Total Material
     Flux                                 0.00125836 +/- 6.1343e-05
     heating                              0 +/- 0
     damage-energy                        0 +/- 0
 Mesh Index (23, 2, 4)
   Total Material
     Flux                                 0.00082508 +/- 5.04254e-05
     heating                              0 +/- 0
     damage-energy                        0 +/- 0
 Mesh Index (24, 2, 4)
   Total Material
     Flux                                 0.000542544 +/- 4.41652e-05
     heating                              0 +/- 0
     damage-energy                        0 +/- 0
 Mesh Index (1, 3, 4)
   Total Material
     Flux                                 0.059888 +/- 0.000458272
     heating                              0 +/- 0
     damage-energy                        0 +/- 0
 Mesh Index (2, 3, 4)
   Total Material
     Flux                                 0.0724975 +/- 0.000579498
     heating                              0 +/- 0
     damage-energy                        0 +/- 0
 Mesh Index (3, 3, 4)
   Total Material
     Flux                                 0.0852768 +/- 0.000599928
     heating                              0 +/- 0
     damage-energy                        0 +/- 0
 Mesh Index (4, 3, 4)
   Total Material
     Flux                                 0.097223 +/- 0.000658448
     heating                              0 +/- 0
     damage-energy                        0 +/- 0
 Mesh Index (5, 3, 4)
   Total Material
     Flux                                 0.109877 +/- 0.000468934
     heating                              0 +/- 0
     damage-energy                        0 +/- 0
 Mesh Index (6, 3, 4)
   Total Material
     Flux                                 0.121859 +/- 0.000621712
     heating                              0 +/- 0
     damage-energy                        0 +/- 0
 Mesh Index (7, 3, 4)
   Total Material
     Flux                                 0.132874 +/- 0.000708305
     heating                              0 +/- 0
     damage-energy                        0 +/- 0
 Mesh Index (8, 3, 4)
   Total Material
     Flux                                 0.146619 +/- 0.000892164
     heating                              0 +/- 0
     damage-energy                        0 +/- 0
 Mesh Index (9, 3, 4)
   Total Material
     Flux                                 0.157469 +/- 0.00104191
     heating                              0 +/- 0
     damage-energy                        0 +/- 0
 Mesh Index (10, 3, 4)
   Total Material
     Flux                                 0.147922 +/- 0.000977846
     heating                              2906.46 +/- 29.4837
     damage-energy                        651.236 +/- 5.35405
 Mesh Index (11, 3, 4)
   Total Material
     Flux                                 0.126893 +/- 0.000980405
     heating                              4370.3 +/- 43.0423
     damage-energy                        56.2628 +/- 0.568696
 Mesh Index (12, 3, 4)
   Total Material
     Flux                                 0.0877427 +/- 0.000713882
     heating                              7091.3 +/- 66.8297
     damage-energy                        95.2388 +/- 0.833306
 Mesh Index (13, 3, 4)
   Total Material
     Flux                                 0.0549215 +/- 0.000564193
     heating                              4194.01 +/- 50.0531
     damage-energy                        58.0178 +/- 0.670131
 Mesh Index (14, 3, 4)
   Total Material
     Flux                                 0.0333703 +/- 0.000419218
     heating                              2476.16 +/- 38.3499
     damage-energy                        33.9829 +/- 0.422478
 Mesh Index (15, 3, 4)
   Total Material
     Flux                                 0.0184997 +/- 0.000334734
     heating                              1380.03 +/- 28.9702
     damage-energy                        18.6499 +/- 0.361866
 Mesh Index (16, 3, 4)
   Total Material
     Flux                                 0.006817 +/- 0.000159774
     heating                              318.484 +/- 10.1944
     damage-energy                        4.62682 +/- 0.141087
 Mesh Index (17, 3, 4)
   Total Material
     Flux                                 0.00483879 +/- 0.000140365
     heating                              0 +/- 0
     damage-energy                        0 +/- 0
 Mesh Index (18, 3, 4)
   Total Material
     Flux                                 0.0045047 +/- 0.000113715
     heating                              0 +/- 0
     damage-energy                        0 +/- 0
 Mesh Index (19, 3, 4)
   Total Material
     Flux                                 0.00430982 +/- 0.000110634
     heating                              0 +/- 0
     damage-energy                        0 +/- 0
 Mesh Index (20, 3, 4)
   Total Material
     Flux                                 0.00408978 +/- 0.000113571
     heating                              0 +/- 0
     damage-energy                        0 +/- 0
 Mesh Index (21, 3, 4)
   Total Material
     Flux                                 0.00373542 +/- 0.000109612
     heating                              0 +/- 0
     damage-energy                        0 +/- 0
 Mesh Index (22, 3, 4)
   Total Material
     Flux                                 0.00326023 +/- 8.3293e-05
     heating                              0 +/- 0
     damage-energy                        0 +/- 0
 Mesh Index (23, 3, 4)
   Total Material
     Flux                                 0.00257045 +/- 7.3945e-05
     heating                              0 +/- 0
     damage-energy                        0 +/- 0
 Mesh Index (24, 3, 4)
   Total Material
     Flux                                 0.00208455 +/- 7.1876e-05
     heating                              0 +/- 0
     damage-energy                        0 +/- 0
 Mesh Index (1, 4, 4)
   Total Material
     Flux                                 0.0597841 +/- 0.000455742
     heating                              0 +/- 0
     damage-energy                        0 +/- 0
 Mesh Index (2, 4, 4)
   Total Material
     Flux                                 0.0725746 +/- 0.000484558
     heating                              0 +/- 0
     damage-energy                        0 +/- 0
 Mesh Index (3, 4, 4)
   Total Material
     Flux                                 0.0856 +/- 0.000603034
     heating                              0 +/- 0
     damage-energy                        0 +/- 0
 Mesh Index (4, 4, 4)
   Total Material
     Flux                                 0.097901 +/- 0.000614289
     heating                              0 +/- 0
     damage-energy                        0 +/- 0
 Mesh Index (5, 4, 4)
   Total Material
     Flux                                 0.110113 +/- 0.00055651
     heating                              0 +/- 0
     damage-energy                        0 +/- 0
 Mesh Index (6, 4, 4)
   Total Material
     Flux                                 0.1211 +/- 0.000660232
     heating                              0 +/- 0
     damage-energy                        0 +/- 0
 Mesh Index (7, 4, 4)
   Total Material
     Flux                                 0.133516 +/- 0.000656864
     heating                              0 +/- 0
     damage-energy                        0 +/- 0
 Mesh Index (8, 4, 4)
   Total Material
     Flux                                 0.145685 +/- 0.000770889
     heating                              0 +/- 0
     damage-energy                        0 +/- 0
 Mesh Index (9, 4, 4)
   Total Material
     Flux                                 0.159301 +/- 0.00105789
     heating                              0 +/- 0
     damage-energy                        0 +/- 0
 Mesh Index (10, 4, 4)
   Total Material
     Flux                                 0.148127 +/- 0.000859429
     heating                              2917.28 +/- 28.484
     damage-energy                        651.528 +/- 5.10762
 Mesh Index (11, 4, 4)
   Total Material
     Flux                                 0.12736 +/- 0.000799302
     heating                              4394.73 +/- 40.4142
     damage-energy                        55.6981 +/- 0.441754
 Mesh Index (12, 4, 4)
   Total Material
     Flux                                 0.0878194 +/- 0.00069416
     heating                              7093.51 +/- 67.0339
     damage-energy                        95.9449 +/- 0.893108
 Mesh Index (13, 4, 4)
   Total Material
     Flux                                 0.0547555 +/- 0.000467867
     heating                              4140.5 +/- 44.2879
     damage-energy                        57.6304 +/- 0.561856
 Mesh Index (14, 4, 4)
   Total Material
     Flux                                 0.0336744 +/- 0.000502302
     heating                              2513.74 +/- 41.1478
     damage-energy                        34.6523 +/- 0.581906
 Mesh Index (15, 4, 4)
   Total Material
     Flux                                 0.0185869 +/- 0.000348703
     heating                              1355.01 +/- 28.3816
     damage-energy                        18.4854 +/- 0.365452
 Mesh Index (16, 4, 4)
   Total Material
     Flux                                 0.0067412 +/- 0.000200611
     heating                              317.264 +/- 12.0558
     damage-energy                        4.514 +/- 0.162097
 Mesh Index (17, 4, 4)
   Total Material
     Flux                                 0.00453625 +/- 0.000108399
     heating                              0 +/- 0
     damage-energy                        0 +/- 0
 Mesh Index (18, 4, 4)
   Total Material
     Flux                                 0.00429467 +/- 0.000124101
     heating                              0 +/- 0
     damage-energy                        0 +/- 0
 Mesh Index (19, 4, 4)
   Total Material
     Flux                                 0.00419556 +/- 0.000123794
     heating                              0 +/- 0
     damage-energy                        0 +/- 0
 Mesh Index (20, 4, 4)
   Total Material
     Flux                                 0.00387024 +/- 0.000107633
     heating                              0 +/- 0
     damage-energy                        0 +/- 0
 Mesh Index (21, 4, 4)
   Total Material
     Flux                                 0.00179008 +/- 6.81219e-05
     heating                              0 +/- 0
     damage-energy                        0 +/- 0
 Mesh Index (22, 4, 4)
   Total Material
     Flux                                 0.000715259 +/- 4.12498e-05
     heating                              0 +/- 0
     damage-energy                        0 +/- 0
 Mesh Index (23, 4, 4)
   Total Material
     Flux                                 5.19472e-05 +/- 6.30935e-06
     heating                              0 +/- 0
     damage-energy                        0 +/- 0
 Mesh Index (24, 4, 4)
   Total Material
     Flux                                 0 +/- 0
     heating                              0 +/- 0
     damage-energy                        0 +/- 0
 Mesh Index (1, 5, 4)
   Total Material
     Flux                                 0.059447 +/- 0.000533843
     heating                              0 +/- 0
     damage-energy                        0 +/- 0
 Mesh Index (2, 5, 4)
   Total Material
     Flux                                 0.07264 +/- 0.000504118
     heating                              0 +/- 0
     damage-energy                        0 +/- 0
 Mesh Index (3, 5, 4)
   Total Material
     Flux                                 0.0854372 +/- 0.000457878
     heating                              0 +/- 0
     damage-energy                        0 +/- 0
 Mesh Index (4, 5, 4)
   Total Material
     Flux                                 0.0981213 +/- 0.00069349
     heating                              0 +/- 0
     damage-energy                        0 +/- 0
 Mesh Index (5, 5, 4)
   Total Material
     Flux                                 0.110135 +/- 0.000699201
     heating                              0 +/- 0
     damage-energy                        0 +/- 0
 Mesh Index (6, 5, 4)
   Total Material
     Flux                                 0.123206 +/- 0.000615988
     heating                              0 +/- 0
     damage-energy                        0 +/- 0
 Mesh Index (7, 5, 4)
   Total Material
     Flux                                 0.135065 +/- 0.000676139
     heating                              0 +/- 0
     damage-energy                        0 +/- 0
 Mesh Index (8, 5, 4)
   Total Material
     Flux                                 0.146932 +/- 0.000747594
     heating                              0 +/- 0
     damage-energy                        0 +/- 0
 Mesh Index (9, 5, 4)
   Total Material
     Flux                                 0.15938 +/- 0.000760189
     heating                              0 +/- 0
     damage-energy                        0 +/- 0
 Mesh Index (10, 5, 4)
   Total Material
     Flux                                 0.147097 +/- 0.000879967
     heating                              2881.82 +/- 32.4369
     damage-energy                        645.111 +/- 5.66979
 Mesh Index (11, 5, 4)
   Total Material
     Flux                                 0.127219 +/- 0.000905129
     heating                              4403.47 +/- 41.8475
     damage-energy                        55.4956 +/- 0.595125
 Mesh Index (12, 5, 4)
   Total Material
     Flux                                 0.0869624 +/- 0.000910374
     heating                              7025.56 +/- 76.8684
     damage-energy                        94.4039 +/- 0.96245
 Mesh Index (13, 5, 4)
   Total Material
     Flux                                 0.054368 +/- 0.00061413
     heating                              4149.11 +/- 58.1333
     damage-energy                        57.0934 +/- 0.62553
 Mesh Index (14, 5, 4)
   Total Material
     Flux                                 0.0325864 +/- 0.000519664
     heating                              2427.63 +/- 42.5703
     damage-energy                        33.2028 +/- 0.569079
 Mesh Index (15, 5, 4)
   Total Material
     Flux                                 0.0178219 +/- 0.000361561
     heating                              1304.12 +/- 28.8208
     damage-energy                        17.7774 +/- 0.356334
 Mesh Index (16, 5, 4)
   Total Material
     Flux                                 0.0069091 +/- 0.000171486
     heating                              326.88 +/- 10.5224
     damage-energy                        4.61162 +/- 0.137822
 Mesh Index (17, 5, 4)
   Total Material
     Flux                                 0.00475356 +/- 0.00011703
     heating                              0 +/- 0
     damage-energy                        0 +/- 0
 Mesh Index (18, 5, 4)
   Total Material
     Flux                                 0.00443652 +/- 0.000112228
     heating                              0 +/- 0
     damage-energy                        0 +/- 0
 Mesh Index (19, 5, 4)
   Total Material
     Flux                                 0.00438334 +/- 0.000114447
     heating                              0 +/- 0
     damage-energy                        0 +/- 0
 Mesh Index (20, 5, 4)
   Total Material
     Flux                                 0.00408139 +/- 0.000111652
     heating                              0 +/- 0
     damage-energy                        0 +/- 0
 Mesh Index (21, 5, 4)
   Total Material
     Flux                                 0.00379486 +/- 9.0041e-05
     heating                              0 +/- 0
     damage-energy                        0 +/- 0
 Mesh Index (22, 5, 4)
   Total Material
     Flux                                 0.00301245 +/- 0.000101596
     heating                              0 +/- 0
     damage-energy                        0 +/- 0
 Mesh Index (23, 5, 4)
   Total Material
     Flux                                 0.00269204 +/- 9.64808e-05
     heating                              0 +/- 0
     damage-energy                        0 +/- 0
 Mesh Index (24, 5, 4)
   Total Material
     Flux                                 0.00213709 +/- 7.68093e-05
     heating                              0 +/- 0
     damage-energy                        0 +/- 0
 Mesh Index (1, 6, 4)
   Total Material
     Flux                                 0.0590257 +/- 0.000463684
     heating                              0 +/- 0
     damage-energy                        0 +/- 0
 Mesh Index (2, 6, 4)
   Total Material
     Flux                                 0.0731197 +/- 0.000588231
     heating                              0 +/- 0
     damage-energy                        0 +/- 0
 Mesh Index (3, 6, 4)
   Total Material
     Flux                                 0.0851528 +/- 0.000533244
     heating                              0 +/- 0
     damage-energy                        0 +/- 0
 Mesh Index (4, 6, 4)
   Total Material
     Flux                                 0.0977345 +/- 0.000625211
     heating                              0 +/- 0
     damage-energy                        0 +/- 0
 Mesh Index (5, 6, 4)
   Total Material
     Flux                                 0.109993 +/- 0.000629531
     heating                              0 +/- 0
     damage-energy                        0 +/- 0
 Mesh Index (6, 6, 4)
   Total Material
     Flux                                 0.123039 +/- 0.000693609
     heating                              0 +/- 0
     damage-energy                        0 +/- 0
 Mesh Index (7, 6, 4)
   Total Material
     Flux                                 0.135304 +/- 0.000735795
     heating                              0 +/- 0
     damage-energy                        0 +/- 0
 Mesh Index (8, 6, 4)
   Total Material
     Flux                                 0.147055 +/- 0.000823464
     heating                              0 +/- 0
     damage-energy                        0 +/- 0
 Mesh Index (9, 6, 4)
   Total Material
     Flux                                 0.159996 +/- 0.00102782
     heating                              0 +/- 0
     damage-energy                        0 +/- 0
 Mesh Index (10, 6, 4)
   Total Material
     Flux                                 0.147088 +/- 0.000922951
     heating                              2877.02 +/- 29.6526
     damage-energy                        646.348 +/- 5.42003
 Mesh Index (11, 6, 4)
   Total Material
     Flux                                 0.126723 +/- 0.000945541
     heating                              4378.13 +/- 38.6878
     damage-energy                        56.4349 +/- 0.475779
 Mesh Index (12, 6, 4)
   Total Material
     Flux                                 0.0876955 +/- 0.000798854
     heating                              7063.5 +/- 67.1482
     damage-energy                        95.4623 +/- 0.958094
 Mesh Index (13, 6, 4)
   Total Material
     Flux                                 0.0551897 +/- 0.000670328
     heating                              4214.63 +/- 51.7684
     damage-energy                        58.1054 +/- 0.791422
 Mesh Index (14, 6, 4)
   Total Material
     Flux                                 0.0330312 +/- 0.000424706
     heating                              2479.45 +/- 36.8607
     damage-energy                        33.5058 +/- 0.469874
 Mesh Index (15, 6, 4)
   Total Material
     Flux                                 0.0173623 +/- 0.000273847
     heating                              1271.11 +/- 24.6756
     damage-energy                        17.4917 +/- 0.285525
 Mesh Index (16, 6, 4)
   Total Material
     Flux                                 0.00706692 +/- 0.000141682
     heating                              339.101 +/- 8.85468
     damage-energy                        4.78688 +/- 0.114126
 Mesh Index (17, 6, 4)
   Total Material
     Flux                                 0.00470011 +/- 0.000129593
     heating                              0 +/- 0
     damage-energy                        0 +/- 0
 Mesh Index (18, 6, 4)
   Total Material
     Flux                                 0.00456567 +/- 0.000116977
     heating                              0 +/- 0
     damage-energy                        0 +/- 0
 Mesh Index (19, 6, 4)
   Total Material
     Flux                                 0.00430902 +/- 0.000116856
     heating                              0 +/- 0
     damage-energy                        0 +/- 0
 Mesh Index (20, 6, 4)
   Total Material
     Flux                                 0.00386658 +/- 9.45651e-05
     heating                              0 +/- 0
     damage-energy                        0 +/- 0
 Mesh Index (21, 6, 4)
   Total Material
     Flux                                 0.00199115 +/- 8.15086e-05
     heating                              0 +/- 0
     damage-energy                        0 +/- 0
 Mesh Index (22, 6, 4)
   Total Material
     Flux                                 0.00132967 +/- 5.74159e-05
     heating                              0 +/- 0
     damage-energy                        0 +/- 0
 Mesh Index (23, 6, 4)
   Total Material
     Flux                                 0.000882922 +/- 5.65033e-05
     heating                              0 +/- 0
     damage-energy                        0 +/- 0
 Mesh Index (24, 6, 4)
   Total Material
     Flux                                 0.000594414 +/- 4.04054e-05
     heating                              0 +/- 0
     damage-energy                        0 +/- 0
 Mesh Index (1, 7, 4)
   Total Material
     Flux                                 0.0600581 +/- 0.000416245
     heating                              0 +/- 0
     damage-energy                        0 +/- 0
 Mesh Index (2, 7, 4)
   Total Material
     Flux                                 0.0719319 +/- 0.000472345
     heating                              0 +/- 0
     damage-energy                        0 +/- 0
 Mesh Index (3, 7, 4)
   Total Material
     Flux                                 0.0851555 +/- 0.000598686
     heating                              0 +/- 0
     damage-energy                        0 +/- 0
 Mesh Index (4, 7, 4)
   Total Material
     Flux                                 0.0987661 +/- 0.000656833
     heating                              0 +/- 0
     damage-energy                        0 +/- 0
 Mesh Index (5, 7, 4)
   Total Material
     Flux                                 0.110687 +/- 0.000683367
     heating                              0 +/- 0
     damage-energy                        0 +/- 0
 Mesh Index (6, 7, 4)
   Total Material
     Flux                                 0.122844 +/- 0.000685484
     heating                              0 +/- 0
     damage-energy                        0 +/- 0
 Mesh Index (7, 7, 4)
   Total Material
     Flux                                 0.134499 +/- 0.000610517
     heating                              0 +/- 0
     damage-energy                        0 +/- 0
 Mesh Index (8, 7, 4)
   Total Material
     Flux                                 0.146406 +/- 0.000859544
     heating                              0 +/- 0
     damage-energy                        0 +/- 0
 Mesh Index (9, 7, 4)
   Total Material
     Flux                                 0.158942 +/- 0.000969051
     heating                              0 +/- 0
     damage-energy                        0 +/- 0
 Mesh Index (10, 7, 4)
   Total Material
     Flux                                 0.147303 +/- 0.000885656
     heating                              2900.22 +/- 39.7374
     damage-energy                        648.693 +/- 6.72551
 Mesh Index (11, 7, 4)
   Total Material
     Flux                                 0.125678 +/- 0.000709633
     heating                              4337.31 +/- 35.3668
     damage-energy                        55.0575 +/- 0.49615
 Mesh Index (12, 7, 4)
   Total Material
     Flux                                 0.0869079 +/- 0.000800519
     heating                              6977.5 +/- 71.5058
     damage-energy                        94.0375 +/- 0.938648
 Mesh Index (13, 7, 4)
   Total Material
     Flux                                 0.0554979 +/- 0.000561908
     heating                              4202.77 +/- 49.3786
     damage-energy                        57.8562 +/- 0.608448
 Mesh Index (14, 7, 4)
   Total Material
     Flux                                 0.0334046 +/- 0.000526986
     heating                              2474.98 +/- 42.8558
     damage-energy                        33.7985 +/- 0.58279
 Mesh Index (15, 7, 4)
   Total Material
     Flux                                 0.0180436 +/- 0.000368818
     heating                              1315.35 +/- 30.7598
     damage-energy                        17.9346 +/- 0.351891
 Mesh Index (16, 7, 4)
   Total Material
     Flux                                 0.0068022 +/- 0.000143929
     heating                              321.235 +/- 9.54722
     damage-energy                        4.52012 +/- 0.12191
 Mesh Index (17, 7, 4)
   Total Material
     Flux                                 0.00458021 +/- 0.00011226
     heating                              0 +/- 0
     damage-energy                        0 +/- 0
 Mesh Index (18, 7, 4)
   Total Material
     Flux                                 0.00466924 +/- 0.000102218
     heating                              0 +/- 0
     damage-energy                        0 +/- 0
 Mesh Index (19, 7, 4)
   Total Material
     Flux                                 0.00435486 +/- 0.000108795
     heating                              0 +/- 0
     damage-energy                        0 +/- 0
 Mesh Index (20, 7, 4)
   Total Material
     Flux                                 0.00391657 +/- 0.000106455
     heating                              0 +/- 0
     damage-energy                        0 +/- 0
 Mesh Index (21, 7, 4)
   Total Material
     Flux                                 0.00291806 +/- 9.66832e-05
     heating                              0 +/- 0
     damage-energy                        0 +/- 0
 Mesh Index (22, 7, 4)
   Total Material
     Flux                                 0.00228847 +/- 9.2582e-05
     heating                              0 +/- 0
     damage-energy                        0 +/- 0
 Mesh Index (23, 7, 4)
   Total Material
     Flux                                 0.00172903 +/- 7.63622e-05
     heating                              0 +/- 0
     damage-energy                        0 +/- 0
 Mesh Index (24, 7, 4)
   Total Material
     Flux                                 0.0014005 +/- 6.62141e-05
     heating                              0 +/- 0
     damage-energy                        0 +/- 0
 Mesh Index (1, 1, 5)
   Total Material
     Flux                                 0.0616968 +/- 0.000441999
     heating                              0 +/- 0
     damage-energy                        0 +/- 0
 Mesh Index (2, 1, 5)
   Total Material
     Flux                                 0.0762619 +/- 0.000450062
     heating                              0 +/- 0
     damage-energy                        0 +/- 0
 Mesh Index (3, 1, 5)
   Total Material
     Flux                                 0.0900255 +/- 0.000548783
     heating                              0 +/- 0
     damage-energy                        0 +/- 0
 Mesh Index (4, 1, 5)
   Total Material
     Flux                                 0.102675 +/- 0.000691387
     heating                              0 +/- 0
     damage-energy                        0 +/- 0
 Mesh Index (5, 1, 5)
   Total Material
     Flux                                 0.116462 +/- 0.000674342
     heating                              0 +/- 0
     damage-energy                        0 +/- 0
 Mesh Index (6, 1, 5)
   Total Material
     Flux                                 0.129497 +/- 0.000650081
     heating                              0 +/- 0
     damage-energy                        0 +/- 0
 Mesh Index (7, 1, 5)
   Total Material
     Flux                                 0.142506 +/- 0.000668761
     heating                              0 +/- 0
     damage-energy                        0 +/- 0
 Mesh Index (8, 1, 5)
   Total Material
     Flux                                 0.153433 +/- 0.00079178
     heating                              0 +/- 0
     damage-energy                        0 +/- 0
 Mesh Index (9, 1, 5)
   Total Material
     Flux                                 0.164988 +/- 0.000843267
     heating                              0 +/- 0
     damage-energy                        0 +/- 0
 Mesh Index (10, 1, 5)
   Total Material
     Flux                                 0.156482 +/- 0.00095047
     heating                              3273.61 +/- 29.6224
     damage-energy                        718.331 +/- 5.0773
 Mesh Index (11, 1, 5)
   Total Material
     Flux                                 0.1364 +/- 0.000951293
     heating                              4714.43 +/- 47.8926
     damage-energy                        60.8513 +/- 0.500813
 Mesh Index (12, 1, 5)
   Total Material
     Flux                                 0.0967229 +/- 0.000884498
     heating                              7757.58 +/- 77.6013
     damage-energy                        106.413 +/- 0.929419
 Mesh Index (13, 1, 5)
   Total Material
     Flux                                 0.059935 +/- 0.000737743
     heating                              4535.56 +/- 56.4021
     damage-energy                        63.661 +/- 0.799887
 Mesh Index (14, 1, 5)
   Total Material
     Flux                                 0.0363474 +/- 0.000566031
     heating                              2719.39 +/- 47.5751
     damage-energy                        37.0944 +/- 0.67145
 Mesh Index (15, 1, 5)
   Total Material
     Flux                                 0.0194906 +/- 0.000377708
     heating                              1422.08 +/- 32.3601
     damage-energy                        19.823 +/- 0.38451
 Mesh Index (16, 1, 5)
   Total Material
     Flux                                 0.0073057 +/- 0.000179017
     heating                              343.154 +/- 12.4405
     damage-energy                        5.06639 +/- 0.156082
 Mesh Index (17, 1, 5)
   Total Material
     Flux                                 0.00491579 +/- 0.000111182
     heating                              0 +/- 0
     damage-energy                        0 +/- 0
 Mesh Index (18, 1, 5)
   Total Material
     Flux                                 0.00482039 +/- 0.000102021
     heating                              0 +/- 0
     damage-energy                        0 +/- 0
 Mesh Index (19, 1, 5)
   Total Material
     Flux                                 0.00457579 +/- 0.000102693
     heating                              0 +/- 0
     damage-energy                        0 +/- 0
 Mesh Index (20, 1, 5)
   Total Material
     Flux                                 0.00419057 +/- 0.000108374
     heating                              0 +/- 0
     damage-energy                        0 +/- 0
 Mesh Index (21, 1, 5)
   Total Material
     Flux                                 0.00321355 +/- 0.000104328
     heating                              0 +/- 0
     damage-energy                        0 +/- 0
 Mesh Index (22, 1, 5)
   Total Material
     Flux                                 0.00254155 +/- 8.05467e-05
     heating                              0 +/- 0
     damage-energy                        0 +/- 0
 Mesh Index (23, 1, 5)
   Total Material
     Flux                                 0.00202575 +/- 6.62689e-05
     heating                              0 +/- 0
     damage-energy                        0 +/- 0
 Mesh Index (24, 1, 5)
   Total Material
     Flux                                 0.00158301 +/- 5.11767e-05
     heating                              0 +/- 0
     damage-energy                        0 +/- 0
 Mesh Index (1, 2, 5)
   Total Material
     Flux                                 0.0620129 +/- 0.000398119
     heating                              0 +/- 0
     damage-energy                        0 +/- 0
 Mesh Index (2, 2, 5)
   Total Material
     Flux                                 0.0748965 +/- 0.000501918
     heating                              0 +/- 0
     damage-energy                        0 +/- 0
 Mesh Index (3, 2, 5)
   Total Material
     Flux                                 0.0890206 +/- 0.000627041
     heating                              0 +/- 0
     damage-energy                        0 +/- 0
 Mesh Index (4, 2, 5)
   Total Material
     Flux                                 0.102819 +/- 0.000655614
     heating                              0 +/- 0
     damage-energy                        0 +/- 0
 Mesh Index (5, 2, 5)
   Total Material
     Flux                                 0.115996 +/- 0.000671096
     heating                              0 +/- 0
     damage-energy                        0 +/- 0
 Mesh Index (6, 2, 5)
   Total Material
     Flux                                 0.127924 +/- 0.000815937
     heating                              0 +/- 0
     damage-energy                        0 +/- 0
 Mesh Index (7, 2, 5)
   Total Material
     Flux                                 0.14109 +/- 0.000646138
     heating                              0 +/- 0
     damage-energy                        0 +/- 0
 Mesh Index (8, 2, 5)
   Total Material
     Flux                                 0.152825 +/- 0.000952665
     heating                              0 +/- 0
     damage-energy                        0 +/- 0
 Mesh Index (9, 2, 5)
   Total Material
     Flux                                 0.165583 +/- 0.00101235
     heating                              0 +/- 0
     damage-energy                        0 +/- 0
 Mesh Index (10, 2, 5)
   Total Material
     Flux                                 0.155596 +/- 0.000923015
     heating                              3226.64 +/- 30.0105
     damage-energy                        712.105 +/- 5.27799
 Mesh Index (11, 2, 5)
   Total Material
     Flux                                 0.135329 +/- 0.00101397
     heating                              4612.88 +/- 49.1072
     damage-energy                        60.3413 +/- 0.642416
 Mesh Index (12, 2, 5)
   Total Material
     Flux                                 0.0953372 +/- 0.000708842
     heating                              7571.22 +/- 71.1282
     damage-energy                        104.316 +/- 0.852229
 Mesh Index (13, 2, 5)
   Total Material
     Flux                                 0.060456 +/- 0.000575354
     heating                              4548.89 +/- 49.4152
     damage-energy                        63.7788 +/- 0.681549
 Mesh Index (14, 2, 5)
   Total Material
     Flux                                 0.0365401 +/- 0.000472645
     heating                              2728.43 +/- 43.1616
     damage-energy                        37.4418 +/- 0.511535
 Mesh Index (15, 2, 5)
   Total Material
     Flux                                 0.0201735 +/- 0.000357367
     heating                              1472.62 +/- 29.8298
     damage-energy                        20.2315 +/- 0.371273
 Mesh Index (16, 2, 5)
   Total Material
     Flux                                 0.00770078 +/- 0.000177764
     heating                              362.132 +/- 12.0958
     damage-energy                        5.34228 +/- 0.149672
 Mesh Index (17, 2, 5)
   Total Material
     Flux                                 0.00505452 +/- 0.000127348
     heating                              0 +/- 0
     damage-energy                        0 +/- 0
 Mesh Index (18, 2, 5)
   Total Material
     Flux                                 0.00481691 +/- 0.000117687
     heating                              0 +/- 0
     damage-energy                        0 +/- 0
 Mesh Index (19, 2, 5)
   Total Material
     Flux                                 0.00453157 +/- 0.000114322
     heating                              0 +/- 0
     damage-energy                        0 +/- 0
 Mesh Index (20, 2, 5)
   Total Material
     Flux                                 0.00402584 +/- 0.000122572
     heating                              0 +/- 0
     damage-energy                        0 +/- 0
 Mesh Index (21, 2, 5)
   Total Material
     Flux                                 0.00213806 +/- 8.85121e-05
     heating                              0 +/- 0
     damage-energy                        0 +/- 0
 Mesh Index (22, 2, 5)
   Total Material
     Flux                                 0.0013724 +/- 6.41486e-05
     heating                              0 +/- 0
     damage-energy                        0 +/- 0
 Mesh Index (23, 2, 5)
   Total Material
     Flux                                 0.000871964 +/- 4.97487e-05
     heating                              0 +/- 0
     damage-energy                        0 +/- 0
 Mesh Index (24, 2, 5)
   Total Material
     Flux                                 0.000616347 +/- 4.13661e-05
     heating                              0 +/- 0
     damage-energy                        0 +/- 0
 Mesh Index (1, 3, 5)
   Total Material
     Flux                                 0.0620658 +/- 0.000477505
     heating                              0 +/- 0
     damage-energy                        0 +/- 0
 Mesh Index (2, 3, 5)
   Total Material
     Flux                                 0.0753851 +/- 0.00047657
     heating                              0 +/- 0
     damage-energy                        0 +/- 0
 Mesh Index (3, 3, 5)
   Total Material
     Flux                                 0.0888684 +/- 0.000601522
     heating                              0 +/- 0
     damage-energy                        0 +/- 0
 Mesh Index (4, 3, 5)
   Total Material
     Flux                                 0.102853 +/- 0.000682722
     heating                              0 +/- 0
     damage-energy                        0 +/- 0
 Mesh Index (5, 3, 5)
   Total Material
     Flux                                 0.115987 +/- 0.000632927
     heating                              0 +/- 0
     damage-energy                        0 +/- 0
 Mesh Index (6, 3, 5)
   Total Material
     Flux                                 0.128404 +/- 0.000691023
     heating                              0 +/- 0
     damage-energy                        0 +/- 0
 Mesh Index (7, 3, 5)
   Total Material
     Flux                                 0.139647 +/- 0.000845092
     heating                              0 +/- 0
     damage-energy                        0 +/- 0
 Mesh Index (8, 3, 5)
   Total Material
     Flux                                 0.153588 +/- 0.000977543
     heating                              0 +/- 0
     damage-energy                        0 +/- 0
 Mesh Index (9, 3, 5)
   Total Material
     Flux                                 0.166175 +/- 0.000801328
     heating                              0 +/- 0
     damage-energy                        0 +/- 0
 Mesh Index (10, 3, 5)
   Total Material
     Flux                                 0.155904 +/- 0.00107058
     heating                              3255.92 +/- 28.8228
     damage-energy                        717.969 +/- 5.34841
 Mesh Index (11, 3, 5)
   Total Material
     Flux                                 0.137197 +/- 0.000986487
     heating                              4724.7 +/- 38.8197
     damage-energy                        62.272 +/- 0.446144
 Mesh Index (12, 3, 5)
   Total Material
     Flux                                 0.0959233 +/- 0.000822861
     heating                              7679.93 +/- 72.7102
     damage-energy                        106.461 +/- 0.918324
 Mesh Index (13, 3, 5)
   Total Material
     Flux                                 0.0602316 +/- 0.00060088
     heating                              4545.13 +/- 49.8291
     damage-energy                        64.5183 +/- 0.677601
 Mesh Index (14, 3, 5)
   Total Material
     Flux                                 0.0368195 +/- 0.000508349
     heating                              2730.37 +/- 46.226
     damage-energy                        38.0036 +/- 0.570806
 Mesh Index (15, 3, 5)
   Total Material
     Flux                                 0.0201129 +/- 0.000314414
     heating                              1477.99 +/- 29.9704
     damage-energy                        20.4325 +/- 0.309936
 Mesh Index (16, 3, 5)
   Total Material
     Flux                                 0.0075934 +/- 0.000166935
     heating                              358.75 +/- 10.0289
     damage-energy                        5.24964 +/- 0.127638
 Mesh Index (17, 3, 5)
   Total Material
     Flux                                 0.00508355 +/- 0.00011915
     heating                              0 +/- 0
     damage-energy                        0 +/- 0
 Mesh Index (18, 3, 5)
   Total Material
     Flux                                 0.00485321 +/- 0.000125084
     heating                              0 +/- 0
     damage-energy                        0 +/- 0
 Mesh Index (19, 3, 5)
   Total Material
     Flux                                 0.00466655 +/- 0.000114742
     heating                              0 +/- 0
     damage-energy                        0 +/- 0
 Mesh Index (20, 3, 5)
   Total Material
     Flux                                 0.00440929 +/- 0.000121501
     heating                              0 +/- 0
     damage-energy                        0 +/- 0
 Mesh Index (21, 3, 5)
   Total Material
     Flux                                 0.00403814 +/- 0.000115992
     heating                              0 +/- 0
     damage-energy                        0 +/- 0
 Mesh Index (22, 3, 5)
   Total Material
     Flux                                 0.00322288 +/- 0.000124471
     heating                              0 +/- 0
     damage-energy                        0 +/- 0
 Mesh Index (23, 3, 5)
   Total Material
     Flux                                 0.00269124 +/- 8.67571e-05
     heating                              0 +/- 0
     damage-energy                        0 +/- 0
 Mesh Index (24, 3, 5)
   Total Material
     Flux                                 0.00215521 +/- 8.20388e-05
     heating                              0 +/- 0
     damage-energy                        0 +/- 0
 Mesh Index (1, 4, 5)
   Total Material
     Flux                                 0.0617717 +/- 0.000393274
     heating                              0 +/- 0
     damage-energy                        0 +/- 0
 Mesh Index (2, 4, 5)
   Total Material
     Flux                                 0.0765038 +/- 0.000574742
     heating                              0 +/- 0
     damage-energy                        0 +/- 0
 Mesh Index (3, 4, 5)
   Total Material
     Flux                                 0.0896228 +/- 0.000537118
     heating                              0 +/- 0
     damage-energy                        0 +/- 0
 Mesh Index (4, 4, 5)
   Total Material
     Flux                                 0.103257 +/- 0.000595517
     heating                              0 +/- 0
     damage-energy                        0 +/- 0
 Mesh Index (5, 4, 5)
   Total Material
     Flux                                 0.115378 +/- 0.000558471
     heating                              0 +/- 0
     damage-energy                        0 +/- 0
 Mesh Index (6, 4, 5)
   Total Material
     Flux                                 0.127943 +/- 0.0007383
     heating                              0 +/- 0
     damage-energy                        0 +/- 0
 Mesh Index (7, 4, 5)
   Total Material
     Flux                                 0.140546 +/- 0.000767669
     heating                              0 +/- 0
     damage-energy                        0 +/- 0
 Mesh Index (8, 4, 5)
   Total Material
     Flux                                 0.154402 +/- 0.000845443
     heating                              0 +/- 0
     damage-energy                        0 +/- 0
 Mesh Index (9, 4, 5)
   Total Material
     Flux                                 0.166128 +/- 0.000797372
     heating                              0 +/- 0
     damage-energy                        0 +/- 0
 Mesh Index (10, 4, 5)
   Total Material
     Flux                                 0.156748 +/- 0.00108006
     heating                              3300.6 +/- 32.6399
     damage-energy                        722.818 +/- 6.26688
 Mesh Index (11, 4, 5)
   Total Material
     Flux                                 0.13575 +/- 0.000924753
     heating                              4735.33 +/- 42.0706
     damage-energy                        61.3493 +/- 0.552555
 Mesh Index (12, 4, 5)
   Total Material
     Flux                                 0.0947777 +/- 0.00083549
     heating                              7565.68 +/- 66.1308
     damage-energy                        104.736 +/- 0.986539
 Mesh Index (13, 4, 5)
   Total Material
     Flux                                 0.0598062 +/- 0.000620866
     heating                              4520.08 +/- 59.8191
     damage-energy                        64.0897 +/- 0.653169
 Mesh Index (14, 4, 5)
   Total Material
     Flux                                 0.0368661 +/- 0.00041966
     heating                              2696.35 +/- 37.351
     damage-energy                        37.5161 +/- 0.511468
 Mesh Index (15, 4, 5)
   Total Material
     Flux                                 0.0200406 +/- 0.000342515
     heating                              1464.98 +/- 32.5161
     damage-energy                        20.2404 +/- 0.383991
 Mesh Index (16, 4, 5)
   Total Material
     Flux                                 0.00779166 +/- 0.000199902
     heating                              371.547 +/- 12.5526
     damage-energy                        5.33217 +/- 0.161944
 Mesh Index (17, 4, 5)
   Total Material
     Flux                                 0.00531936 +/- 0.000144927
     heating                              0 +/- 0
     damage-energy                        0 +/- 0
 Mesh Index (18, 4, 5)
   Total Material
     Flux                                 0.00505485 +/- 0.00011491
     heating                              0 +/- 0
     damage-energy                        0 +/- 0
 Mesh Index (19, 4, 5)
   Total Material
     Flux                                 0.00480512 +/- 0.000128477
     heating                              0 +/- 0
     damage-energy                        0 +/- 0
 Mesh Index (20, 4, 5)
   Total Material
     Flux                                 0.00434365 +/- 0.000116308
     heating                              0 +/- 0
     damage-energy                        0 +/- 0
 Mesh Index (21, 4, 5)
   Total Material
     Flux                                 0.00207641 +/- 6.9417e-05
     heating                              0 +/- 0
     damage-energy                        0 +/- 0
 Mesh Index (22, 4, 5)
   Total Material
     Flux                                 0.00079454 +/- 4.53737e-05
     heating                              0 +/- 0
     damage-energy                        0 +/- 0
 Mesh Index (23, 4, 5)
   Total Material
     Flux                                 5.08836e-05 +/- 6.74433e-06
     heating                              0 +/- 0
     damage-energy                        0 +/- 0
 Mesh Index (24, 4, 5)
   Total Material
     Flux                                 0 +/- 0
     heating                              0 +/- 0
     damage-energy                        0 +/- 0
 Mesh Index (1, 5, 5)
   Total Material
     Flux                                 0.0621484 +/- 0.000427384
     heating                              0 +/- 0
     damage-energy                        0 +/- 0
 Mesh Index (2, 5, 5)
   Total Material
     Flux                                 0.0752358 +/- 0.000587944
     heating                              0 +/- 0
     damage-energy                        0 +/- 0
 Mesh Index (3, 5, 5)
   Total Material
     Flux                                 0.0886257 +/- 0.000591915
     heating                              0 +/- 0
     damage-energy                        0 +/- 0
 Mesh Index (4, 5, 5)
   Total Material
     Flux                                 0.103436 +/- 0.000560429
     heating                              0 +/- 0
     damage-energy                        0 +/- 0
 Mesh Index (5, 5, 5)
   Total Material
     Flux                                 0.117674 +/- 0.000571529
     heating                              0 +/- 0
     damage-energy                        0 +/- 0
 Mesh Index (6, 5, 5)
   Total Material
     Flux                                 0.129895 +/- 0.000587886
     heating                              0 +/- 0
     damage-energy                        0 +/- 0
 Mesh Index (7, 5, 5)
   Total Material
     Flux                                 0.142187 +/- 0.000787122
     heating                              0 +/- 0
     damage-energy                        0 +/- 0
 Mesh Index (8, 5, 5)
   Total Material
     Flux                                 0.153803 +/- 0.000722462
     heating                              0 +/- 0
     damage-energy                        0 +/- 0
 Mesh Index (9, 5, 5)
   Total Material
     Flux                                 0.166126 +/- 0.000728444
     heating                              0 +/- 0
     damage-energy                        0 +/- 0
 Mesh Index (10, 5, 5)
   Total Material
     Flux                                 0.156794 +/- 0.000827517
     heating                              3271.4 +/- 28.9243
     damage-energy                        717.119 +/- 5.27657
 Mesh Index (11, 5, 5)
   Total Material
     Flux                                 0.135481 +/- 0.000819609
     heating                              4678.43 +/- 45.7473
     damage-energy                        60.9103 +/- 0.597143
 Mesh Index (12, 5, 5)
   Total Material
     Flux                                 0.0949696 +/- 0.000774755
     heating                              7662.87 +/- 66.5533
     damage-energy                        105.04 +/- 0.967029
 Mesh Index (13, 5, 5)
   Total Material
     Flux                                 0.0596203 +/- 0.000601779
     heating                              4526.58 +/- 53.8463
     damage-energy                        63.4069 +/- 0.699945
 Mesh Index (14, 5, 5)
   Total Material
     Flux                                 0.0363363 +/- 0.000504215
     heating                              2679.13 +/- 40.7687
     damage-energy                        37.6124 +/- 0.62232
 Mesh Index (15, 5, 5)
   Total Material
     Flux                                 0.0194103 +/- 0.000358939
     heating                              1417.01 +/- 26.9294
     damage-energy                        19.6427 +/- 0.370711
 Mesh Index (16, 5, 5)
   Total Material
     Flux                                 0.00727718 +/- 0.000129688
     heating                              348.202 +/- 7.22444
     damage-energy                        4.98596 +/- 0.106875
 Mesh Index (17, 5, 5)
   Total Material
     Flux                                 0.0048861 +/- 0.000102842
     heating                              0 +/- 0
     damage-energy                        0 +/- 0
 Mesh Index (18, 5, 5)
   Total Material
     Flux                                 0.00484437 +/- 0.000114865
     heating                              0 +/- 0
     damage-energy                        0 +/- 0
 Mesh Index (19, 5, 5)
   Total Material
     Flux                                 0.00442016 +/- 0.000118645
     heating                              0 +/- 0
     damage-energy                        0 +/- 0
 Mesh Index (20, 5, 5)
   Total Material
     Flux                                 0.00420199 +/- 0.000102297
     heating                              0 +/- 0
     damage-energy                        0 +/- 0
 Mesh Index (21, 5, 5)
   Total Material
     Flux                                 0.0039098 +/- 0.000101853
     heating                              0 +/- 0
     damage-energy                        0 +/- 0
 Mesh Index (22, 5, 5)
   Total Material
     Flux                                 0.00342136 +/- 0.000102974
     heating                              0 +/- 0
     damage-energy                        0 +/- 0
 Mesh Index (23, 5, 5)
   Total Material
     Flux                                 0.00279325 +/- 7.73241e-05
     heating                              0 +/- 0
     damage-energy                        0 +/- 0
 Mesh Index (24, 5, 5)
   Total Material
     Flux                                 0.00211255 +/- 7.99731e-05
     heating                              0 +/- 0
     damage-energy                        0 +/- 0
 Mesh Index (1, 6, 5)
   Total Material
     Flux                                 0.0620585 +/- 0.000455438
     heating                              0 +/- 0
     damage-energy                        0 +/- 0
 Mesh Index (2, 6, 5)
   Total Material
     Flux                                 0.0759855 +/- 0.000594761
     heating                              0 +/- 0
     damage-energy                        0 +/- 0
 Mesh Index (3, 6, 5)
   Total Material
     Flux                                 0.0897071 +/- 0.000538677
     heating                              0 +/- 0
     damage-energy                        0 +/- 0
 Mesh Index (4, 6, 5)
   Total Material
     Flux                                 0.103451 +/- 0.000607708
     heating                              0 +/- 0
     damage-energy                        0 +/- 0
 Mesh Index (5, 6, 5)
   Total Material
     Flux                                 0.116699 +/- 0.000709112
     heating                              0 +/- 0
     damage-energy                        0 +/- 0
 Mesh Index (6, 6, 5)
   Total Material
     Flux                                 0.130175 +/- 0.000647034
     heating                              0 +/- 0
     damage-energy                        0 +/- 0
 Mesh Index (7, 6, 5)
   Total Material
     Flux                                 0.142221 +/- 0.000572914
     heating                              0 +/- 0
     damage-energy                        0 +/- 0
 Mesh Index (8, 6, 5)
   Total Material
     Flux                                 0.154118 +/- 0.000828951
     heating                              0 +/- 0
     damage-energy                        0 +/- 0
 Mesh Index (9, 6, 5)
   Total Material
     Flux                                 0.165915 +/- 0.000827045
     heating                              0 +/- 0
     damage-energy                        0 +/- 0
 Mesh Index (10, 6, 5)
   Total Material
     Flux                                 0.155973 +/- 0.000818727
     heating                              3246.4 +/- 29.9215
     damage-energy                        716.006 +/- 5.32323
 Mesh Index (11, 6, 5)
   Total Material
     Flux                                 0.136732 +/- 0.00103741
     heating                              4750.28 +/- 48.5492
     damage-energy                        61.5054 +/- 0.588752
 Mesh Index (12, 6, 5)
   Total Material
     Flux                                 0.0939759 +/- 0.000841201
     heating                              7545.42 +/- 72.7724
     damage-energy                        103.276 +/- 0.987395
 Mesh Index (13, 6, 5)
   Total Material
     Flux                                 0.0606476 +/- 0.000751771
     heating                              4599.18 +/- 65.8611
     damage-energy                        63.5882 +/- 0.861399
 Mesh Index (14, 6, 5)
   Total Material
     Flux                                 0.0358593 +/- 0.000536839
     heating                              2688.97 +/- 49.1041
     damage-energy                        36.8064 +/- 0.587056
 Mesh Index (15, 6, 5)
   Total Material
     Flux                                 0.0200069 +/- 0.000284599
     heating                              1466.05 +/- 22.4167
     damage-energy                        20.5331 +/- 0.317563
 Mesh Index (16, 6, 5)
   Total Material
     Flux                                 0.00745618 +/- 0.000158316
     heating                              346.485 +/- 8.97114
     damage-energy                        5.2143 +/- 0.133208
 Mesh Index (17, 6, 5)
   Total Material
     Flux                                 0.00519263 +/- 0.000113892
     heating                              0 +/- 0
     damage-energy                        0 +/- 0
 Mesh Index (18, 6, 5)
   Total Material
     Flux                                 0.00480927 +/- 0.000122711
     heating                              0 +/- 0
     damage-energy                        0 +/- 0
 Mesh Index (19, 6, 5)
   Total Material
     Flux                                 0.0046311 +/- 0.000124455
     heating                              0 +/- 0
     damage-energy                        0 +/- 0
 Mesh Index (20, 6, 5)
   Total Material
     Flux                                 0.0042082 +/- 9.90879e-05
     heating                              0 +/- 0
     damage-energy                        0 +/- 0
 Mesh Index (21, 6, 5)
   Total Material
     Flux                                 0.00211373 +/- 7.84036e-05
     heating                              0 +/- 0
     damage-energy                        0 +/- 0
 Mesh Index (22, 6, 5)
   Total Material
     Flux                                 0.00148079 +/- 7.89374e-05
     heating                              0 +/- 0
     damage-energy                        0 +/- 0
 Mesh Index (23, 6, 5)
   Total Material
     Flux                                 0.00102864 +/- 5.26753e-05
     heating                              0 +/- 0
     damage-energy                        0 +/- 0
 Mesh Index (24, 6, 5)
   Total Material
     Flux                                 0.00065929 +/- 4.1624e-05
     heating                              0 +/- 0
     damage-energy                        0 +/- 0
 Mesh Index (1, 7, 5)
   Total Material
     Flux                                 0.0618487 +/- 0.000458741
     heating                              0 +/- 0
     damage-energy                        0 +/- 0
 Mesh Index (2, 7, 5)
   Total Material
     Flux                                 0.0753619 +/- 0.000489683
     heating                              0 +/- 0
     damage-energy                        0 +/- 0
 Mesh Index (3, 7, 5)
   Total Material
     Flux                                 0.0902254 +/- 0.000567648
     heating                              0 +/- 0
     damage-energy                        0 +/- 0
 Mesh Index (4, 7, 5)
   Total Material
     Flux                                 0.103369 +/- 0.000649619
     heating                              0 +/- 0
     damage-energy                        0 +/- 0
 Mesh Index (5, 7, 5)
   Total Material
     Flux                                 0.116192 +/- 0.000717138
     heating                              0 +/- 0
     damage-energy                        0 +/- 0
 Mesh Index (6, 7, 5)
   Total Material
     Flux                                 0.129631 +/- 0.000590844
     heating                              0 +/- 0
     damage-energy                        0 +/- 0
 Mesh Index (7, 7, 5)
   Total Material
     Flux                                 0.142168 +/- 0.000648709
     heating                              0 +/- 0
     damage-energy                        0 +/- 0
 Mesh Index (8, 7, 5)
   Total Material
     Flux                                 0.15356 +/- 0.00076792
     heating                              0 +/- 0
     damage-energy                        0 +/- 0
 Mesh Index (9, 7, 5)
   Total Material
     Flux                                 0.165512 +/- 0.000911832
     heating                              0 +/- 0
     damage-energy                        0 +/- 0
 Mesh Index (10, 7, 5)
   Total Material
     Flux                                 0.157335 +/- 0.000864877
     heating                              3292.5 +/- 32.4395
     damage-energy                        725.255 +/- 5.48589
 Mesh Index (11, 7, 5)
   Total Material
     Flux                                 0.135158 +/- 0.000955591
     heating                              4655.06 +/- 44.2294
     damage-energy                        60.9275 +/- 0.578988
 Mesh Index (12, 7, 5)
   Total Material
     Flux                                 0.0954553 +/- 0.000809877
     heating                              7614.79 +/- 80.9385
     damage-energy                        105.185 +/- 0.979919
 Mesh Index (13, 7, 5)
   Total Material
     Flux                                 0.060783 +/- 0.000660169
     heating                              4604.62 +/- 55.1817
     damage-energy                        63.5518 +/- 0.756146
 Mesh Index (14, 7, 5)
   Total Material
     Flux                                 0.0366851 +/- 0.000511611
     heating                              2724.48 +/- 42.847
     damage-energy                        37.5576 +/- 0.600775
 Mesh Index (15, 7, 5)
   Total Material
     Flux                                 0.0196015 +/- 0.000311203
     heating                              1451.94 +/- 27.4429
     damage-energy                        20.095 +/- 0.400823
 Mesh Index (16, 7, 5)
   Total Material
     Flux                                 0.00706313 +/- 0.000137901
     heating                              325.374 +/- 8.26335
     damage-energy                        4.87118 +/- 0.113552
 Mesh Index (17, 7, 5)
   Total Material
     Flux                                 0.0051971 +/- 0.000118896
     heating                              0 +/- 0
     damage-energy                        0 +/- 0
 Mesh Index (18, 7, 5)
   Total Material
     Flux                                 0.00503793 +/- 0.000148437
     heating                              0 +/- 0
     damage-energy                        0 +/- 0
 Mesh Index (19, 7, 5)
   Total Material
     Flux                                 0.00465815 +/- 0.000123662
     heating                              0 +/- 0
     damage-energy                        0 +/- 0
 Mesh Index (20, 7, 5)
   Total Material
     Flux                                 0.00439869 +/- 0.000116733
     heating                              0 +/- 0
     damage-energy                        0 +/- 0
 Mesh Index (21, 7, 5)
   Total Material
     Flux                                 0.00313365 +/- 0.000109685
     heating                              0 +/- 0
     damage-energy                        0 +/- 0
 Mesh Index (22, 7, 5)
   Total Material
     Flux                                 0.00230609 +/- 9.93933e-05
     heating                              0 +/- 0
     damage-energy                        0 +/- 0
 Mesh Index (23, 7, 5)
   Total Material
     Flux                                 0.00182321 +/- 8.04304e-05
     heating                              0 +/- 0
     damage-energy                        0 +/- 0
 Mesh Index (24, 7, 5)
   Total Material
     Flux                                 0.00144093 +/- 5.78961e-05
     heating                              0 +/- 0
     damage-energy                        0 +/- 0
 Mesh Index (1, 1, 6)
   Total Material
     Flux                                 0.0649974 +/- 0.00049657
     heating                              0 +/- 0
     damage-energy                        0 +/- 0
 Mesh Index (2, 1, 6)
   Total Material
     Flux                                 0.0808165 +/- 0.000482247
     heating                              0 +/- 0
     damage-energy                        0 +/- 0
 Mesh Index (3, 1, 6)
   Total Material
     Flux                                 0.0960149 +/- 0.000683244
     heating                              0 +/- 0
     damage-energy                        0 +/- 0
 Mesh Index (4, 1, 6)
   Total Material
     Flux                                 0.109713 +/- 0.000704885
     heating                              0 +/- 0
     damage-energy                        0 +/- 0
 Mesh Index (5, 1, 6)
   Total Material
     Flux                                 0.123889 +/- 0.000695878
     heating                              0 +/- 0
     damage-energy                        0 +/- 0
 Mesh Index (6, 1, 6)
   Total Material
     Flux                                 0.138229 +/- 0.00066634
     heating                              0 +/- 0
     damage-energy                        0 +/- 0
 Mesh Index (7, 1, 6)
   Total Material
     Flux                                 0.149637 +/- 0.000800784
     heating                              0 +/- 0
     damage-energy                        0 +/- 0
 Mesh Index (8, 1, 6)
   Total Material
     Flux                                 0.16117 +/- 0.000795608
     heating                              0 +/- 0
     damage-energy                        0 +/- 0
 Mesh Index (9, 1, 6)
   Total Material
     Flux                                 0.175024 +/- 0.000783564
     heating                              0 +/- 0
     damage-energy                        0 +/- 0
 Mesh Index (10, 1, 6)
   Total Material
     Flux                                 0.165761 +/- 0.000922316
     heating                              3707.58 +/- 28.2818
     damage-energy                        798.975 +/- 4.48062
 Mesh Index (11, 1, 6)
   Total Material
     Flux                                 0.144041 +/- 0.000917819
     heating                              4957.2 +/- 51.2759
     damage-energy                        65.9492 +/- 0.645584
 Mesh Index (12, 1, 6)
   Total Material
     Flux                                 0.103665 +/- 0.00086874
     heating                              8265.59 +/- 81.6432
     damage-energy                        115.499 +/- 1.02616
 Mesh Index (13, 1, 6)
   Total Material
     Flux                                 0.0655889 +/- 0.000650331
     heating                              4982.34 +/- 58.1521
     damage-energy                        70.6783 +/- 0.730989
 Mesh Index (14, 1, 6)
   Total Material
     Flux                                 0.0389159 +/- 0.000471848
     heating                              2884.56 +/- 43.5925
     damage-energy                        40.3859 +/- 0.50166
 Mesh Index (15, 1, 6)
   Total Material
     Flux                                 0.0212532 +/- 0.000298584
     heating                              1573.04 +/- 26.5551
     damage-energy                        21.7662 +/- 0.348627
 Mesh Index (16, 1, 6)
   Total Material
     Flux                                 0.00833147 +/- 0.000187002
     heating                              397.324 +/- 10.8865
     damage-energy                        5.72999 +/- 0.155076
 Mesh Index (17, 1, 6)
   Total Material
     Flux                                 0.00570042 +/- 0.000129828
     heating                              0 +/- 0
     damage-energy                        0 +/- 0
 Mesh Index (18, 1, 6)
   Total Material
     Flux                                 0.00526573 +/- 0.000122368
     heating                              0 +/- 0
     damage-energy                        0 +/- 0
 Mesh Index (19, 1, 6)
   Total Material
     Flux                                 0.00493399 +/- 0.000104489
     heating                              0 +/- 0
     damage-energy                        0 +/- 0
 Mesh Index (20, 1, 6)
   Total Material
     Flux                                 0.00470774 +/- 9.48254e-05
     heating                              0 +/- 0
     damage-energy                        0 +/- 0
 Mesh Index (21, 1, 6)
   Total Material
     Flux                                 0.00345055 +/- 9.21543e-05
     heating                              0 +/- 0
     damage-energy                        0 +/- 0
 Mesh Index (22, 1, 6)
   Total Material
     Flux                                 0.00252532 +/- 9.44479e-05
     heating                              0 +/- 0
     damage-energy                        0 +/- 0
 Mesh Index (23, 1, 6)
   Total Material
     Flux                                 0.00197913 +/- 7.55572e-05
     heating                              0 +/- 0
     damage-energy                        0 +/- 0
 Mesh Index (24, 1, 6)
   Total Material
     Flux                                 0.0017407 +/- 6.83649e-05
     heating                              0 +/- 0
     damage-energy                        0 +/- 0
 Mesh Index (1, 2, 6)
   Total Material
     Flux                                 0.0653971 +/- 0.000486998
     heating                              0 +/- 0
     damage-energy                        0 +/- 0
 Mesh Index (2, 2, 6)
   Total Material
     Flux                                 0.0804384 +/- 0.000541338
     heating                              0 +/- 0
     damage-energy                        0 +/- 0
 Mesh Index (3, 2, 6)
   Total Material
     Flux                                 0.094952 +/- 0.000609911
     heating                              0 +/- 0
     damage-energy                        0 +/- 0
 Mesh Index (4, 2, 6)
   Total Material
     Flux                                 0.109934 +/- 0.000468507
     heating                              0 +/- 0
     damage-energy                        0 +/- 0
 Mesh Index (5, 2, 6)
   Total Material
     Flux                                 0.122233 +/- 0.000706425
     heating                              0 +/- 0
     damage-energy                        0 +/- 0
 Mesh Index (6, 2, 6)
   Total Material
     Flux                                 0.135679 +/- 0.000786537
     heating                              0 +/- 0
     damage-energy                        0 +/- 0
 Mesh Index (7, 2, 6)
   Total Material
     Flux                                 0.148768 +/- 0.000763438
     heating                              0 +/- 0
     damage-energy                        0 +/- 0
 Mesh Index (8, 2, 6)
   Total Material
     Flux                                 0.161175 +/- 0.000746136
     heating                              0 +/- 0
     damage-energy                        0 +/- 0
 Mesh Index (9, 2, 6)
   Total Material
     Flux                                 0.17431 +/- 0.000950567
     heating                              0 +/- 0
     damage-energy                        0 +/- 0
 Mesh Index (10, 2, 6)
   Total Material
     Flux                                 0.166616 +/- 0.000883535
     heating                              3701.48 +/- 33.4497
     damage-energy                        800.27 +/- 5.64495
 Mesh Index (11, 2, 6)
   Total Material
     Flux                                 0.143661 +/- 0.00110064
     heating                              4869.45 +/- 42.4019
     damage-energy                        65.7264 +/- 0.681129
 Mesh Index (12, 2, 6)
   Total Material
     Flux                                 0.101119 +/- 0.00085259
     heating                              7986.48 +/- 77.2934
     damage-energy                        113.167 +/- 1.0082
 Mesh Index (13, 2, 6)
   Total Material
     Flux                                 0.0648467 +/- 0.000656463
     heating                              4900.33 +/- 59.4204
     damage-energy                        70.3757 +/- 0.823078
 Mesh Index (14, 2, 6)
   Total Material
     Flux                                 0.0392679 +/- 0.000476104
     heating                              2876.07 +/- 41.2716
     damage-energy                        40.8015 +/- 0.537209
 Mesh Index (15, 2, 6)
   Total Material
     Flux                                 0.0223022 +/- 0.00039849
     heating                              1642.81 +/- 33.273
     damage-energy                        22.6527 +/- 0.464632
 Mesh Index (16, 2, 6)
   Total Material
     Flux                                 0.00860859 +/- 0.000185254
     heating                              394.346 +/- 10.6101
     damage-energy                        5.98397 +/- 0.14806
 Mesh Index (17, 2, 6)
   Total Material
     Flux                                 0.00564614 +/- 0.00014191
     heating                              0 +/- 0
     damage-energy                        0 +/- 0
 Mesh Index (18, 2, 6)
   Total Material
     Flux                                 0.00524724 +/- 0.000121462
     heating                              0 +/- 0
     damage-energy                        0 +/- 0
 Mesh Index (19, 2, 6)
   Total Material
     Flux                                 0.00506549 +/- 0.000112892
     heating                              0 +/- 0
     damage-energy                        0 +/- 0
 Mesh Index (20, 2, 6)
   Total Material
     Flux                                 0.00444021 +/- 0.000100374
     heating                              0 +/- 0
     damage-energy                        0 +/- 0
 Mesh Index (21, 2, 6)
   Total Material
     Flux                                 0.00224776 +/- 8.76448e-05
     heating                              0 +/- 0
     damage-energy                        0 +/- 0
 Mesh Index (22, 2, 6)
   Total Material
     Flux                                 0.00143895 +/- 7.35193e-05
     heating                              0 +/- 0
     damage-energy                        0 +/- 0
 Mesh Index (23, 2, 6)
   Total Material
     Flux                                 0.00100816 +/- 5.1074e-05
     heating                              0 +/- 0
     damage-energy                        0 +/- 0
 Mesh Index (24, 2, 6)
   Total Material
     Flux                                 0.000565906 +/- 3.83259e-05
     heating                              0 +/- 0
     damage-energy                        0 +/- 0
 Mesh Index (1, 3, 6)
   Total Material
     Flux                                 0.0643392 +/- 0.000483728
     heating                              0 +/- 0
     damage-energy                        0 +/- 0
 Mesh Index (2, 3, 6)
   Total Material
     Flux                                 0.0799205 +/- 0.00057026
     heating                              0 +/- 0
     damage-energy                        0 +/- 0
 Mesh Index (3, 3, 6)
   Total Material
     Flux                                 0.0942845 +/- 0.000572071
     heating                              0 +/- 0
     damage-energy                        0 +/- 0
 Mesh Index (4, 3, 6)
   Total Material
     Flux                                 0.109395 +/- 0.00065234
     heating                              0 +/- 0
     damage-energy                        0 +/- 0
 Mesh Index (5, 3, 6)
   Total Material
     Flux                                 0.123381 +/- 0.000735273
     heating                              0 +/- 0
     damage-energy                        0 +/- 0
 Mesh Index (6, 3, 6)
   Total Material
     Flux                                 0.136167 +/- 0.000689376
     heating                              0 +/- 0
     damage-energy                        0 +/- 0
 Mesh Index (7, 3, 6)
   Total Material
     Flux                                 0.147948 +/- 0.000721984
     heating                              0 +/- 0
     damage-energy                        0 +/- 0
 Mesh Index (8, 3, 6)
   Total Material
     Flux                                 0.163565 +/- 0.000914711
     heating                              0 +/- 0
     damage-energy                        0 +/- 0
 Mesh Index (9, 3, 6)
   Total Material
     Flux                                 0.174966 +/- 0.000923121
     heating                              0 +/- 0
     damage-energy                        0 +/- 0
 Mesh Index (10, 3, 6)
   Total Material
     Flux                                 0.167619 +/- 0.00107926
     heating                              3769.18 +/- 38.5623
     damage-energy                        810.864 +/- 6.8242
 Mesh Index (11, 3, 6)
   Total Material
     Flux                                 0.145193 +/- 0.00100633
     heating                              4989.25 +/- 48.4773
     damage-energy                        66.9269 +/- 0.629232
 Mesh Index (12, 3, 6)
   Total Material
     Flux                                 0.103954 +/- 0.000733
     heating                              8272.73 +/- 69.9875
     damage-energy                        116.266 +/- 0.998042
 Mesh Index (13, 3, 6)
   Total Material
     Flux                                 0.0669553 +/- 0.000666493
     heating                              5060.04 +/- 55.0108
     damage-energy                        71.7986 +/- 0.826864
 Mesh Index (14, 3, 6)
   Total Material
     Flux                                 0.0411747 +/- 0.000507697
     heating                              3034.91 +/- 41.6165
     damage-energy                        42.7923 +/- 0.596422
 Mesh Index (15, 3, 6)
   Total Material
     Flux                                 0.021827 +/- 0.000308369
     heating                              1599.76 +/- 28.9739
     damage-energy                        22.3037 +/- 0.368795
 Mesh Index (16, 3, 6)
   Total Material
     Flux                                 0.008308 +/- 0.000168314
     heating                              385.303 +/- 9.78269
     damage-energy                        5.75142 +/- 0.13778
 Mesh Index (17, 3, 6)
   Total Material
     Flux                                 0.00531137 +/- 0.000107254
     heating                              0 +/- 0
     damage-energy                        0 +/- 0
 Mesh Index (18, 3, 6)
   Total Material
     Flux                                 0.00524239 +/- 9.78524e-05
     heating                              0 +/- 0
     damage-energy                        0 +/- 0
 Mesh Index (19, 3, 6)
   Total Material
     Flux                                 0.00514243 +/- 0.000123833
     heating                              0 +/- 0
     damage-energy                        0 +/- 0
 Mesh Index (20, 3, 6)
   Total Material
     Flux                                 0.00480055 +/- 0.000124525
     heating                              0 +/- 0
     damage-energy                        0 +/- 0
 Mesh Index (21, 3, 6)
   Total Material
     Flux                                 0.0043525 +/- 0.00011198
     heating                              0 +/- 0
     damage-energy                        0 +/- 0
 Mesh Index (22, 3, 6)
   Total Material
     Flux                                 0.00358216 +/- 0.000100129
     heating                              0 +/- 0
     damage-energy                        0 +/- 0
 Mesh Index (23, 3, 6)
   Total Material
     Flux                                 0.00309404 +/- 0.000103838
     heating                              0 +/- 0
     damage-energy                        0 +/- 0
 Mesh Index (24, 3, 6)
   Total Material
     Flux                                 0.00240271 +/- 8.76169e-05
     heating                              0 +/- 0
     damage-energy                        0 +/- 0
 Mesh Index (1, 4, 6)
   Total Material
     Flux                                 0.0660165 +/- 0.000496846
     heating                              0 +/- 0
     damage-energy                        0 +/- 0
 Mesh Index (2, 4, 6)
   Total Material
     Flux                                 0.0803206 +/- 0.000596145
     heating                              0 +/- 0
     damage-energy                        0 +/- 0
 Mesh Index (3, 4, 6)
   Total Material
     Flux                                 0.0958557 +/- 0.000630597
     heating                              0 +/- 0
     damage-energy                        0 +/- 0
 Mesh Index (4, 4, 6)
   Total Material
     Flux                                 0.109634 +/- 0.000559635
     heating                              0 +/- 0
     damage-energy                        0 +/- 0
 Mesh Index (5, 4, 6)
   Total Material
     Flux                                 0.122948 +/- 0.000714504
     heating                              0 +/- 0
     damage-energy                        0 +/- 0
 Mesh Index (6, 4, 6)
   Total Material
     Flux                                 0.136 +/- 0.000651021
     heating                              0 +/- 0
     damage-energy                        0 +/- 0
 Mesh Index (7, 4, 6)
   Total Material
     Flux                                 0.149258 +/- 0.000828047
     heating                              0 +/- 0
     damage-energy                        0 +/- 0
 Mesh Index (8, 4, 6)
   Total Material
     Flux                                 0.161587 +/- 0.00102079
     heating                              0 +/- 0
     damage-energy                        0 +/- 0
 Mesh Index (9, 4, 6)
   Total Material
     Flux                                 0.17554 +/- 0.000963325
     heating                              0 +/- 0
     damage-energy                        0 +/- 0
 Mesh Index (10, 4, 6)
   Total Material
     Flux                                 0.16722 +/- 0.000903077
     heating                              3745.17 +/- 35.7945
     damage-energy                        807.35 +/- 5.74095
 Mesh Index (11, 4, 6)
   Total Material
     Flux                                 0.144439 +/- 0.00110118
     heating                              4939.61 +/- 47.5437
     damage-energy                        65.6643 +/- 0.600783
 Mesh Index (12, 4, 6)
   Total Material
     Flux                                 0.103315 +/- 0.000897075
     heating                              8240.95 +/- 75.9532
     damage-energy                        115.884 +/- 1.20941
 Mesh Index (13, 4, 6)
   Total Material
     Flux                                 0.0660669 +/- 0.000610978
     heating                              4951.39 +/- 49.5609
     damage-energy                        71.2067 +/- 0.639256
 Mesh Index (14, 4, 6)
   Total Material
     Flux                                 0.0396572 +/- 0.00042297
     heating                              2929.82 +/- 37.1954
     damage-energy                        41.4892 +/- 0.476619
 Mesh Index (15, 4, 6)
   Total Material
     Flux                                 0.0219629 +/- 0.000388282
     heating                              1627.63 +/- 33.7171
     damage-energy                        22.3497 +/- 0.388644
 Mesh Index (16, 4, 6)
   Total Material
     Flux                                 0.00852606 +/- 0.000201931
     heating                              400.739 +/- 12.3007
     damage-energy                        5.83239 +/- 0.147387
 Mesh Index (17, 4, 6)
   Total Material
     Flux                                 0.00573078 +/- 0.000139274
     heating                              0 +/- 0
     damage-energy                        0 +/- 0
 Mesh Index (18, 4, 6)
   Total Material
     Flux                                 0.00536999 +/- 0.000136215
     heating                              0 +/- 0
     damage-energy                        0 +/- 0
 Mesh Index (19, 4, 6)
   Total Material
     Flux                                 0.00512405 +/- 0.000120799
     heating                              0 +/- 0
     damage-energy                        0 +/- 0
 Mesh Index (20, 4, 6)
   Total Material
     Flux                                 0.00446726 +/- 0.000104045
     heating                              0 +/- 0
     damage-energy                        0 +/- 0
 Mesh Index (21, 4, 6)
   Total Material
     Flux                                 0.00215169 +/- 7.01217e-05
     heating                              0 +/- 0
     damage-energy                        0 +/- 0
 Mesh Index (22, 4, 6)
   Total Material
     Flux                                 0.000773146 +/- 3.77846e-05
     heating                              0 +/- 0
     damage-energy                        0 +/- 0
 Mesh Index (23, 4, 6)
   Total Material
     Flux                                 7.31607e-05 +/- 7.78046e-06
     heating                              0 +/- 0
     damage-energy                        0 +/- 0
 Mesh Index (24, 4, 6)
   Total Material
     Flux                                 0 +/- 0
     heating                              0 +/- 0
     damage-energy                        0 +/- 0
 Mesh Index (1, 5, 6)
   Total Material
     Flux                                 0.0648299 +/- 0.00052067
     heating                              0 +/- 0
     damage-energy                        0 +/- 0
 Mesh Index (2, 5, 6)
   Total Material
     Flux                                 0.0795576 +/- 0.000563333
     heating                              0 +/- 0
     damage-energy                        0 +/- 0
 Mesh Index (3, 5, 6)
   Total Material
     Flux                                 0.0957151 +/- 0.000542492
     heating                              0 +/- 0
     damage-energy                        0 +/- 0
 Mesh Index (4, 5, 6)
   Total Material
     Flux                                 0.109738 +/- 0.000620144
     heating                              0 +/- 0
     damage-energy                        0 +/- 0
 Mesh Index (5, 5, 6)
   Total Material
     Flux                                 0.124314 +/- 0.000523809
     heating                              0 +/- 0
     damage-energy                        0 +/- 0
 Mesh Index (6, 5, 6)
   Total Material
     Flux                                 0.136445 +/- 0.000665955
     heating                              0 +/- 0
     damage-energy                        0 +/- 0
 Mesh Index (7, 5, 6)
   Total Material
     Flux                                 0.150554 +/- 0.000704752
     heating                              0 +/- 0
     damage-energy                        0 +/- 0
 Mesh Index (8, 5, 6)
   Total Material
     Flux                                 0.162939 +/- 0.000842498
     heating                              0 +/- 0
     damage-energy                        0 +/- 0
 Mesh Index (9, 5, 6)
   Total Material
     Flux                                 0.17537 +/- 0.000937638
     heating                              0 +/- 0
     damage-energy                        0 +/- 0
 Mesh Index (10, 5, 6)
   Total Material
     Flux                                 0.16565 +/- 0.000760208
     heating                              3666.43 +/- 32.6724
     damage-energy                        794.294 +/- 5.33285
 Mesh Index (11, 5, 6)
   Total Material
     Flux                                 0.143778 +/- 0.000911388
     heating                              4909.78 +/- 46.4198
     damage-energy                        66.0145 +/- 0.616445
 Mesh Index (12, 5, 6)
   Total Material
     Flux                                 0.102969 +/- 0.000755273
     heating                              8214.56 +/- 69.6542
     damage-energy                        115.12 +/- 0.953488
 Mesh Index (13, 5, 6)
   Total Material
     Flux                                 0.0652456 +/- 0.000653749
     heating                              4922.98 +/- 57.7633
     damage-energy                        70.6419 +/- 0.776941
 Mesh Index (14, 5, 6)
   Total Material
     Flux                                 0.039499 +/- 0.000641022
     heating                              2925.33 +/- 54.3022
     damage-energy                        40.9019 +/- 0.646503
 Mesh Index (15, 5, 6)
   Total Material
     Flux                                 0.0207995 +/- 0.00038634
     heating                              1518.72 +/- 29.5396
     damage-energy                        20.9808 +/- 0.434586
 Mesh Index (16, 5, 6)
   Total Material
     Flux                                 0.00819786 +/- 0.000164815
     heating                              383.849 +/- 10.5083
     damage-energy                        5.50729 +/- 0.138516
 Mesh Index (17, 5, 6)
   Total Material
     Flux                                 0.00546098 +/- 0.000126518
     heating                              0 +/- 0
     damage-energy                        0 +/- 0
 Mesh Index (18, 5, 6)
   Total Material
     Flux                                 0.00500275 +/- 0.000116348
     heating                              0 +/- 0
     damage-energy                        0 +/- 0
 Mesh Index (19, 5, 6)
   Total Material
     Flux                                 0.00496227 +/- 0.000125202
     heating                              0 +/- 0
     damage-energy                        0 +/- 0
 Mesh Index (20, 5, 6)
   Total Material
     Flux                                 0.00470198 +/- 0.000124321
     heating                              0 +/- 0
     damage-energy                        0 +/- 0
 Mesh Index (21, 5, 6)
   Total Material
     Flux                                 0.00441068 +/- 0.000114065
     heating                              0 +/- 0
     damage-energy                        0 +/- 0
 Mesh Index (22, 5, 6)
   Total Material
     Flux                                 0.00375943 +/- 0.000102271
     heating                              0 +/- 0
     damage-energy                        0 +/- 0
 Mesh Index (23, 5, 6)
   Total Material
     Flux                                 0.00314675 +/- 9.80831e-05
     heating                              0 +/- 0
     damage-energy                        0 +/- 0
 Mesh Index (24, 5, 6)
   Total Material
     Flux                                 0.00225585 +/- 8.34976e-05
     heating                              0 +/- 0
     damage-energy                        0 +/- 0
 Mesh Index (1, 6, 6)
   Total Material
     Flux                                 0.0656129 +/- 0.000565738
     heating                              0 +/- 0
     damage-energy                        0 +/- 0
 Mesh Index (2, 6, 6)
   Total Material
     Flux                                 0.0810556 +/- 0.000501639
     heating                              0 +/- 0
     damage-energy                        0 +/- 0
 Mesh Index (3, 6, 6)
   Total Material
     Flux                                 0.0957406 +/- 0.00063999
     heating                              0 +/- 0
     damage-energy                        0 +/- 0
 Mesh Index (4, 6, 6)
   Total Material
     Flux                                 0.110107 +/- 0.000588195
     heating                              0 +/- 0
     damage-energy                        0 +/- 0
 Mesh Index (5, 6, 6)
   Total Material
     Flux                                 0.124474 +/- 0.000808468
     heating                              0 +/- 0
     damage-energy                        0 +/- 0
 Mesh Index (6, 6, 6)
   Total Material
     Flux                                 0.136625 +/- 0.000774429
     heating                              0 +/- 0
     damage-energy                        0 +/- 0
 Mesh Index (7, 6, 6)
   Total Material
     Flux                                 0.15001 +/- 0.000770352
     heating                              0 +/- 0
     damage-energy                        0 +/- 0
 Mesh Index (8, 6, 6)
   Total Material
     Flux                                 0.163117 +/- 0.00091175
     heating                              0 +/- 0
     damage-energy                        0 +/- 0
 Mesh Index (9, 6, 6)
   Total Material
     Flux                                 0.175996 +/- 0.000901882
     heating                              0 +/- 0
     damage-energy                        0 +/- 0
 Mesh Index (10, 6, 6)
   Total Material
     Flux                                 0.166422 +/- 0.00113871
     heating                              3703.94 +/- 37.7497
     damage-energy                        802.891 +/- 6.88057
 Mesh Index (11, 6, 6)
   Total Material
     Flux                                 0.143877 +/- 0.00103684
     heating                              4909.07 +/- 51.6438
     damage-energy                        65.5035 +/- 0.596232
 Mesh Index (12, 6, 6)
   Total Material
     Flux                                 0.102906 +/- 0.00077013
     heating                              8163.47 +/- 72.2946
     damage-energy                        114.398 +/- 0.923423
 Mesh Index (13, 6, 6)
   Total Material
     Flux                                 0.0647296 +/- 0.000690986
     heating                              4933.06 +/- 65.9682
     damage-energy                        69.2076 +/- 0.776296
 Mesh Index (14, 6, 6)
   Total Material
     Flux                                 0.0388329 +/- 0.000532423
     heating                              2885.46 +/- 47.7205
     damage-energy                        40.7588 +/- 0.598352
 Mesh Index (15, 6, 6)
   Total Material
     Flux                                 0.0214306 +/- 0.000358245
     heating                              1552.03 +/- 29.9402
     damage-energy                        22.084 +/- 0.375148
 Mesh Index (16, 6, 6)
   Total Material
     Flux                                 0.00840249 +/- 0.0001917
     heating                              390.42 +/- 12.3294
     damage-energy                        5.79337 +/- 0.166114
 Mesh Index (17, 6, 6)
   Total Material
     Flux                                 0.00550274 +/- 0.000143573
     heating                              0 +/- 0
     damage-energy                        0 +/- 0
 Mesh Index (18, 6, 6)
   Total Material
     Flux                                 0.00523445 +/- 0.000125296
     heating                              0 +/- 0
     damage-energy                        0 +/- 0
 Mesh Index (19, 6, 6)
   Total Material
     Flux                                 0.00492728 +/- 0.000114684
     heating                              0 +/- 0
     damage-energy                        0 +/- 0
 Mesh Index (20, 6, 6)
   Total Material
     Flux                                 0.00432454 +/- 8.6903e-05
     heating                              0 +/- 0
     damage-energy                        0 +/- 0
 Mesh Index (21, 6, 6)
   Total Material
     Flux                                 0.0021964 +/- 8.66518e-05
     heating                              0 +/- 0
     damage-energy                        0 +/- 0
 Mesh Index (22, 6, 6)
   Total Material
     Flux                                 0.00145714 +/- 6.74868e-05
     heating                              0 +/- 0
     damage-energy                        0 +/- 0
 Mesh Index (23, 6, 6)
   Total Material
     Flux                                 0.00101087 +/- 4.98415e-05
     heating                              0 +/- 0
     damage-energy                        0 +/- 0
 Mesh Index (24, 6, 6)
   Total Material
     Flux                                 0.000687784 +/- 4.11987e-05
     heating                              0 +/- 0
     damage-energy                        0 +/- 0
 Mesh Index (1, 7, 6)
   Total Material
     Flux                                 0.0652794 +/- 0.000450847
     heating                              0 +/- 0
     damage-energy                        0 +/- 0
 Mesh Index (2, 7, 6)
   Total Material
     Flux                                 0.080323 +/- 0.000512818
     heating                              0 +/- 0
     damage-energy                        0 +/- 0
 Mesh Index (3, 7, 6)
   Total Material
     Flux                                 0.0941081 +/- 0.000658273
     heating                              0 +/- 0
     damage-energy                        0 +/- 0
 Mesh Index (4, 7, 6)
   Total Material
     Flux                                 0.108991 +/- 0.000675964
     heating                              0 +/- 0
     damage-energy                        0 +/- 0
 Mesh Index (5, 7, 6)
   Total Material
     Flux                                 0.124429 +/- 0.000667997
     heating                              0 +/- 0
     damage-energy                        0 +/- 0
 Mesh Index (6, 7, 6)
   Total Material
     Flux                                 0.137618 +/- 0.000732442
     heating                              0 +/- 0
     damage-energy                        0 +/- 0
 Mesh Index (7, 7, 6)
   Total Material
     Flux                                 0.149022 +/- 0.000816872
     heating                              0 +/- 0
     damage-energy                        0 +/- 0
 Mesh Index (8, 7, 6)
   Total Material
     Flux                                 0.161331 +/- 0.000837662
     heating                              0 +/- 0
     damage-energy                        0 +/- 0
 Mesh Index (9, 7, 6)
   Total Material
     Flux                                 0.175194 +/- 0.000969436
     heating                              0 +/- 0
     damage-energy                        0 +/- 0
 Mesh Index (10, 7, 6)
   Total Material
     Flux                                 0.164884 +/- 0.000850867
     heating                              3685 +/- 31.8418
     damage-energy                        794.945 +/- 5.66574
 Mesh Index (11, 7, 6)
   Total Material
     Flux                                 0.144339 +/- 0.000850023
     heating                              4891.56 +/- 42.0059
     damage-energy                        66.0102 +/- 0.54775
 Mesh Index (12, 7, 6)
   Total Material
     Flux                                 0.102344 +/- 0.0006985
     heating                              8086.07 +/- 62.7979
     damage-energy                        114.628 +/- 0.94253
 Mesh Index (13, 7, 6)
   Total Material
     Flux                                 0.0655675 +/- 0.00074181
     heating                              4976.21 +/- 68.7144
     damage-energy                        70.5074 +/- 0.904405
 Mesh Index (14, 7, 6)
   Total Material
     Flux                                 0.0397921 +/- 0.000594893
     heating                              2954.4 +/- 46.9365
     damage-energy                        41.4585 +/- 0.662357
 Mesh Index (15, 7, 6)
   Total Material
     Flux                                 0.0217735 +/- 0.000276577
     heating                              1588.8 +/- 26.8934
     damage-energy                        22.3628 +/- 0.326235
 Mesh Index (16, 7, 6)
   Total Material
     Flux                                 0.00830588 +/- 0.000198733
     heating                              390.307 +/- 11.9681
     damage-energy                        5.77617 +/- 0.176607
 Mesh Index (17, 7, 6)
   Total Material
     Flux                                 0.00554033 +/- 0.000130372
     heating                              0 +/- 0
     damage-energy                        0 +/- 0
 Mesh Index (18, 7, 6)
   Total Material
     Flux                                 0.00526014 +/- 0.000138607
     heating                              0 +/- 0
     damage-energy                        0 +/- 0
 Mesh Index (19, 7, 6)
   Total Material
     Flux                                 0.00502316 +/- 0.000134058
     heating                              0 +/- 0
     damage-energy                        0 +/- 0
 Mesh Index (20, 7, 6)
   Total Material
     Flux                                 0.00458254 +/- 0.000109917
     heating                              0 +/- 0
     damage-energy                        0 +/- 0
 Mesh Index (21, 7, 6)
   Total Material
     Flux                                 0.00332414 +/- 9.15034e-05
     heating                              0 +/- 0
     damage-energy                        0 +/- 0
 Mesh Index (22, 7, 6)
   Total Material
     Flux                                 0.00249134 +/- 6.70959e-05
     heating                              0 +/- 0
     damage-energy                        0 +/- 0
 Mesh Index (23, 7, 6)
   Total Material
     Flux                                 0.0020129 +/- 7.72643e-05
     heating                              0 +/- 0
     damage-energy                        0 +/- 0
 Mesh Index (24, 7, 6)
   Total Material
     Flux                                 0.00162131 +/- 7.38061e-05
     heating                              0 +/- 0
     damage-energy                        0 +/- 0
 Mesh Index (1, 1, 7)
   Total Material
     Flux                                 0.0702544 +/- 0.00052537
     heating                              0 +/- 0
     damage-energy                        0 +/- 0
 Mesh Index (2, 1, 7)
   Total Material
     Flux                                 0.0870646 +/- 0.000523026
     heating                              0 +/- 0
     damage-energy                        0 +/- 0
 Mesh Index (3, 1, 7)
   Total Material
     Flux                                 0.102969 +/- 0.000654168
     heating                              0 +/- 0
     damage-energy                        0 +/- 0
 Mesh Index (4, 1, 7)
   Total Material
     Flux                                 0.119993 +/- 0.000631245
     heating                              0 +/- 0
     damage-energy                        0 +/- 0
 Mesh Index (5, 1, 7)
   Total Material
     Flux                                 0.134178 +/- 0.000754058
     heating                              0 +/- 0
     damage-energy                        0 +/- 0
 Mesh Index (6, 1, 7)
   Total Material
     Flux                                 0.148131 +/- 0.00061524
     heating                              0 +/- 0
     damage-energy                        0 +/- 0
 Mesh Index (7, 1, 7)
   Total Material
     Flux                                 0.160664 +/- 0.000863391
     heating                              0 +/- 0
     damage-energy                        0 +/- 0
 Mesh Index (8, 1, 7)
   Total Material
     Flux                                 0.172604 +/- 0.000903132
     heating                              0 +/- 0
     damage-energy                        0 +/- 0
 Mesh Index (9, 1, 7)
   Total Material
     Flux                                 0.185272 +/- 0.00078117
     heating                              0 +/- 0
     damage-energy                        0 +/- 0
 Mesh Index (10, 1, 7)
   Total Material
     Flux                                 0.177693 +/- 0.00114489
     heating                              4233.3 +/- 39.9813
     damage-energy                        896.997 +/- 7.03287
 Mesh Index (11, 1, 7)
   Total Material
     Flux                                 0.153757 +/- 0.000999718
     heating                              5273.31 +/- 47.8056
     damage-energy                        71.9135 +/- 0.577333
 Mesh Index (12, 1, 7)
   Total Material
     Flux                                 0.111153 +/- 0.000883743
     heating                              8776.06 +/- 73.104
     damage-energy                        125.941 +/- 1.06715
 Mesh Index (13, 1, 7)
   Total Material
     Flux                                 0.0714093 +/- 0.00066416
     heating                              5400.71 +/- 60.0447
     damage-energy                        77.4579 +/- 0.828988
 Mesh Index (14, 1, 7)
   Total Material
     Flux                                 0.0425509 +/- 0.000482692
     heating                              3184.05 +/- 40.3628
     damage-energy                        44.2192 +/- 0.564676
 Mesh Index (15, 1, 7)
   Total Material
     Flux                                 0.0235198 +/- 0.00037502
     heating                              1732.56 +/- 31.0594
     damage-energy                        23.9219 +/- 0.428723
 Mesh Index (16, 1, 7)
   Total Material
     Flux                                 0.0092268 +/- 0.000225357
     heating                              447.543 +/- 12.074
     damage-energy                        6.52774 +/- 0.188528
 Mesh Index (17, 1, 7)
   Total Material
     Flux                                 0.00595796 +/- 0.000149174
     heating                              0 +/- 0
     damage-energy                        0 +/- 0
 Mesh Index (18, 1, 7)
   Total Material
     Flux                                 0.0054416 +/- 0.000113304
     heating                              0 +/- 0
     damage-energy                        0 +/- 0
 Mesh Index (19, 1, 7)
   Total Material
     Flux                                 0.0050426 +/- 0.000135892
     heating                              0 +/- 0
     damage-energy                        0 +/- 0
 Mesh Index (20, 1, 7)
   Total Material
     Flux                                 0.00466073 +/- 0.000112247
     heating                              0 +/- 0
     damage-energy                        0 +/- 0
 Mesh Index (21, 1, 7)
   Total Material
     Flux                                 0.00339723 +/- 9.31389e-05
     heating                              0 +/- 0
     damage-energy                        0 +/- 0
 Mesh Index (22, 1, 7)
   Total Material
     Flux                                 0.00263718 +/- 7.31403e-05
     heating                              0 +/- 0
     damage-energy                        0 +/- 0
 Mesh Index (23, 1, 7)
   Total Material
     Flux                                 0.00212475 +/- 7.02063e-05
     heating                              0 +/- 0
     damage-energy                        0 +/- 0
 Mesh Index (24, 1, 7)
   Total Material
     Flux                                 0.00159061 +/- 5.02174e-05
     heating                              0 +/- 0
     damage-energy                        0 +/- 0
 Mesh Index (1, 2, 7)
   Total Material
     Flux                                 0.0684609 +/- 0.000443691
     heating                              0 +/- 0
     damage-energy                        0 +/- 0
 Mesh Index (2, 2, 7)
   Total Material
     Flux                                 0.0855023 +/- 0.000535521
     heating                              0 +/- 0
     damage-energy                        0 +/- 0
 Mesh Index (3, 2, 7)
   Total Material
     Flux                                 0.103202 +/- 0.000516006
     heating                              0 +/- 0
     damage-energy                        0 +/- 0
 Mesh Index (4, 2, 7)
   Total Material
     Flux                                 0.118388 +/- 0.000586293
     heating                              0 +/- 0
     damage-energy                        0 +/- 0
 Mesh Index (5, 2, 7)
   Total Material
     Flux                                 0.134322 +/- 0.000842555
     heating                              0 +/- 0
     damage-energy                        0 +/- 0
 Mesh Index (6, 2, 7)
   Total Material
     Flux                                 0.148034 +/- 0.000672911
     heating                              0 +/- 0
     damage-energy                        0 +/- 0
 Mesh Index (7, 2, 7)
   Total Material
     Flux                                 0.16112 +/- 0.000843316
     heating                              0 +/- 0
     damage-energy                        0 +/- 0
 Mesh Index (8, 2, 7)
   Total Material
     Flux                                 0.173032 +/- 0.000756447
     heating                              0 +/- 0
     damage-energy                        0 +/- 0
 Mesh Index (9, 2, 7)
   Total Material
     Flux                                 0.185118 +/- 0.000774926
     heating                              0 +/- 0
     damage-energy                        0 +/- 0
 Mesh Index (10, 2, 7)
   Total Material
     Flux                                 0.176865 +/- 0.000923908
     heating                              4260.53 +/- 38.067
     damage-energy                        898.174 +/- 6.84797
 Mesh Index (11, 2, 7)
   Total Material
     Flux                                 0.15321 +/- 0.0010509
     heating                              5298.7 +/- 52.8988
     damage-energy                        71.8649 +/- 0.709062
 Mesh Index (12, 2, 7)
   Total Material
     Flux                                 0.110015 +/- 0.000825064
     heating                              8732.31 +/- 70.5588
     damage-energy                        124.52 +/- 0.919848
 Mesh Index (13, 2, 7)
   Total Material
     Flux                                 0.070202 +/- 0.00072132
     heating                              5318.67 +/- 57.7137
     damage-energy                        76.9669 +/- 0.900691
 Mesh Index (14, 2, 7)
   Total Material
     Flux                                 0.0430001 +/- 0.000561908
     heating                              3153.95 +/- 49.3922
     damage-energy                        45.5081 +/- 0.592211
 Mesh Index (15, 2, 7)
   Total Material
     Flux                                 0.0234764 +/- 0.000320723
     heating                              1722.6 +/- 35.2013
     damage-energy                        24.4446 +/- 0.323103
 Mesh Index (16, 2, 7)
   Total Material
     Flux                                 0.00914305 +/- 0.000187437
     heating                              421.759 +/- 11.2719
     damage-energy                        6.22474 +/- 0.139206
 Mesh Index (17, 2, 7)
   Total Material
     Flux                                 0.00618393 +/- 0.00013317
     heating                              0 +/- 0
     damage-energy                        0 +/- 0
 Mesh Index (18, 2, 7)
   Total Material
     Flux                                 0.00584152 +/- 0.000133584
     heating                              0 +/- 0
     damage-energy                        0 +/- 0
 Mesh Index (19, 2, 7)
   Total Material
     Flux                                 0.00533529 +/- 0.000119608
     heating                              0 +/- 0
     damage-energy                        0 +/- 0
 Mesh Index (20, 2, 7)
   Total Material
     Flux                                 0.00499438 +/- 0.000138515
     heating                              0 +/- 0
     damage-energy                        0 +/- 0
 Mesh Index (21, 2, 7)
   Total Material
     Flux                                 0.00250481 +/- 9.95889e-05
     heating                              0 +/- 0
     damage-energy                        0 +/- 0
 Mesh Index (22, 2, 7)
   Total Material
     Flux                                 0.00166349 +/- 8.42139e-05
     heating                              0 +/- 0
     damage-energy                        0 +/- 0
 Mesh Index (23, 2, 7)
   Total Material
     Flux                                 0.00105604 +/- 5.1157e-05
     heating                              0 +/- 0
     damage-energy                        0 +/- 0
 Mesh Index (24, 2, 7)
   Total Material
     Flux                                 0.000680379 +/- 3.72926e-05
     heating                              0 +/- 0
     damage-energy                        0 +/- 0
 Mesh Index (1, 3, 7)
   Total Material
     Flux                                 0.0689731 +/- 0.0004807
     heating                              0 +/- 0
     damage-energy                        0 +/- 0
 Mesh Index (2, 3, 7)
   Total Material
     Flux                                 0.0858468 +/- 0.000482957
     heating                              0 +/- 0
     damage-energy                        0 +/- 0
 Mesh Index (3, 3, 7)
   Total Material
     Flux                                 0.102948 +/- 0.000613261
     heating                              0 +/- 0
     damage-energy                        0 +/- 0
 Mesh Index (4, 3, 7)
   Total Material
     Flux                                 0.119408 +/- 0.00067196
     heating                              0 +/- 0
     damage-energy                        0 +/- 0
 Mesh Index (5, 3, 7)
   Total Material
     Flux                                 0.134744 +/- 0.000655086
     heating                              0 +/- 0
     damage-energy                        0 +/- 0
 Mesh Index (6, 3, 7)
   Total Material
     Flux                                 0.148328 +/- 0.000782223
     heating                              0 +/- 0
     damage-energy                        0 +/- 0
 Mesh Index (7, 3, 7)
   Total Material
     Flux                                 0.16202 +/- 0.000850215
     heating                              0 +/- 0
     damage-energy                        0 +/- 0
 Mesh Index (8, 3, 7)
   Total Material
     Flux                                 0.175739 +/- 0.00100462
     heating                              0 +/- 0
     damage-energy                        0 +/- 0
 Mesh Index (9, 3, 7)
   Total Material
     Flux                                 0.187539 +/- 0.00108639
     heating                              0 +/- 0
     damage-energy                        0 +/- 0
 Mesh Index (10, 3, 7)
   Total Material
     Flux                                 0.18055 +/- 0.000804552
     heating                              4311.2 +/- 31.6085
     damage-energy                        910.643 +/- 5.11852
 Mesh Index (11, 3, 7)
   Total Material
     Flux                                 0.156823 +/- 0.000991069
     heating                              5393.76 +/- 44.1889
     damage-energy                        73.3753 +/- 0.681175
 Mesh Index (12, 3, 7)
   Total Material
     Flux                                 0.112615 +/- 0.000962941
     heating                              8971.09 +/- 83.8996
     damage-energy                        127.669 +/- 1.19088
 Mesh Index (13, 3, 7)
   Total Material
     Flux                                 0.0720071 +/- 0.000601146
     heating                              5434.4 +/- 48.6403
     damage-energy                        78.4715 +/- 0.707522
 Mesh Index (14, 3, 7)
   Total Material
     Flux                                 0.0441022 +/- 0.000503669
     heating                              3286.99 +/- 42.7756
     damage-energy                        45.9755 +/- 0.572776
 Mesh Index (15, 3, 7)
   Total Material
     Flux                                 0.0240448 +/- 0.000355614
     heating                              1774.45 +/- 32.5295
     damage-energy                        24.5098 +/- 0.371857
 Mesh Index (16, 3, 7)
   Total Material
     Flux                                 0.00924728 +/- 0.000193481
     heating                              445.71 +/- 12.2159
     damage-energy                        6.48625 +/- 0.15591
 Mesh Index (17, 3, 7)
   Total Material
     Flux                                 0.00617042 +/- 0.000136605
     heating                              0 +/- 0
     damage-energy                        0 +/- 0
 Mesh Index (18, 3, 7)
   Total Material
     Flux                                 0.00581559 +/- 0.000131409
     heating                              0 +/- 0
     damage-energy                        0 +/- 0
 Mesh Index (19, 3, 7)
   Total Material
     Flux                                 0.00530438 +/- 0.000137121
     heating                              0 +/- 0
     damage-energy                        0 +/- 0
 Mesh Index (20, 3, 7)
   Total Material
     Flux                                 0.00503476 +/- 0.000125077
     heating                              0 +/- 0
     damage-energy                        0 +/- 0
 Mesh Index (21, 3, 7)
   Total Material
     Flux                                 0.00460469 +/- 0.000105244
     heating                              0 +/- 0
     damage-energy                        0 +/- 0
 Mesh Index (22, 3, 7)
   Total Material
     Flux                                 0.00394623 +/- 0.000103016
     heating                              0 +/- 0
     damage-energy                        0 +/- 0
 Mesh Index (23, 3, 7)
   Total Material
     Flux                                 0.00325711 +/- 9.21591e-05
     heating                              0 +/- 0
     damage-energy                        0 +/- 0
 Mesh Index (24, 3, 7)
   Total Material
     Flux                                 0.00245393 +/- 7.35456e-05
     heating                              0 +/- 0
     damage-energy                        0 +/- 0
 Mesh Index (1, 4, 7)
   Total Material
     Flux                                 0.0689021 +/- 0.000460186
     heating                              0 +/- 0
     damage-energy                        0 +/- 0
 Mesh Index (2, 4, 7)
   Total Material
     Flux                                 0.0858512 +/- 0.000539766
     heating                              0 +/- 0
     damage-energy                        0 +/- 0
 Mesh Index (3, 4, 7)
   Total Material
     Flux                                 0.103803 +/- 0.000634896
     heating                              0 +/- 0
     damage-energy                        0 +/- 0
 Mesh Index (4, 4, 7)
   Total Material
     Flux                                 0.121087 +/- 0.000715361
     heating                              0 +/- 0
     damage-energy                        0 +/- 0
 Mesh Index (5, 4, 7)
   Total Material
     Flux                                 0.133487 +/- 0.000729544
     heating                              0 +/- 0
     damage-energy                        0 +/- 0
 Mesh Index (6, 4, 7)
   Total Material
     Flux                                 0.148642 +/- 0.000746268
     heating                              0 +/- 0
     damage-energy                        0 +/- 0
 Mesh Index (7, 4, 7)
   Total Material
     Flux                                 0.162003 +/- 0.000791883
     heating                              0 +/- 0
     damage-energy                        0 +/- 0
 Mesh Index (8, 4, 7)
   Total Material
     Flux                                 0.173827 +/- 0.000839551
     heating                              0 +/- 0
     damage-energy                        0 +/- 0
 Mesh Index (9, 4, 7)
   Total Material
     Flux                                 0.18571 +/- 0.000862544
     heating                              0 +/- 0
     damage-energy                        0 +/- 0
 Mesh Index (10, 4, 7)
   Total Material
     Flux                                 0.178335 +/- 0.00104435
     heating                              4303.89 +/- 40.3145
     damage-energy                        906.413 +/- 7.15598
 Mesh Index (11, 4, 7)
   Total Material
     Flux                                 0.154954 +/- 0.0010822
     heating                              5343.81 +/- 54.1151
     damage-energy                        72.6452 +/- 0.714718
 Mesh Index (12, 4, 7)
   Total Material
     Flux                                 0.111414 +/- 0.000928492
     heating                              8799.78 +/- 86.9414
     damage-energy                        126.496 +/- 1.21051
 Mesh Index (13, 4, 7)
   Total Material
     Flux                                 0.0713306 +/- 0.00059351
     heating                              5423.15 +/- 53.2614
     damage-energy                        77.94 +/- 0.737063
 Mesh Index (14, 4, 7)
   Total Material
     Flux                                 0.0427773 +/- 0.000546323
     heating                              3147.8 +/- 47.2018
     damage-energy                        45.0562 +/- 0.59423
 Mesh Index (15, 4, 7)
   Total Material
     Flux                                 0.0239694 +/- 0.00040115
     heating                              1752.07 +/- 33.8616
     damage-energy                        24.9831 +/- 0.394478
 Mesh Index (16, 4, 7)
   Total Material
     Flux                                 0.00932979 +/- 0.000207522
     heating                              440.251 +/- 11.6244
     damage-energy                        6.50846 +/- 0.185598
 Mesh Index (17, 4, 7)
   Total Material
     Flux                                 0.00616974 +/- 0.000128343
     heating                              0 +/- 0
     damage-energy                        0 +/- 0
 Mesh Index (18, 4, 7)
   Total Material
     Flux                                 0.00587051 +/- 0.000146942
     heating                              0 +/- 0
     damage-energy                        0 +/- 0
 Mesh Index (19, 4, 7)
   Total Material
     Flux                                 0.00531224 +/- 0.000144657
     heating                              0 +/- 0
     damage-energy                        0 +/- 0
 Mesh Index (20, 4, 7)
   Total Material
     Flux                                 0.0048842 +/- 0.000126042
     heating                              0 +/- 0
     damage-energy                        0 +/- 0
 Mesh Index (21, 4, 7)
   Total Material
     Flux                                 0.00227903 +/- 6.89205e-05
     heating                              0 +/- 0
     damage-energy                        0 +/- 0
 Mesh Index (22, 4, 7)
   Total Material
     Flux                                 0.000827257 +/- 3.89027e-05
     heating                              0 +/- 0
     damage-energy                        0 +/- 0
 Mesh Index (23, 4, 7)
   Total Material
     Flux                                 6.10228e-05 +/- 7.17736e-06
     heating                              0 +/- 0
     damage-energy                        0 +/- 0
 Mesh Index (24, 4, 7)
   Total Material
     Flux                                 0 +/- 0
     heating                              0 +/- 0
     damage-energy                        0 +/- 0
 Mesh Index (1, 5, 7)
   Total Material
     Flux                                 0.0681477 +/- 0.000481405
     heating                              0 +/- 0
     damage-energy                        0 +/- 0
 Mesh Index (2, 5, 7)
   Total Material
     Flux                                 0.086363 +/- 0.00059615
     heating                              0 +/- 0
     damage-energy                        0 +/- 0
 Mesh Index (3, 5, 7)
   Total Material
     Flux                                 0.10295 +/- 0.000628993
     heating                              0 +/- 0
     damage-energy                        0 +/- 0
 Mesh Index (4, 5, 7)
   Total Material
     Flux                                 0.119145 +/- 0.000552221
     heating                              0 +/- 0
     damage-energy                        0 +/- 0
 Mesh Index (5, 5, 7)
   Total Material
     Flux                                 0.135498 +/- 0.000712591
     heating                              0 +/- 0
     damage-energy                        0 +/- 0
 Mesh Index (6, 5, 7)
   Total Material
     Flux                                 0.148071 +/- 0.000824339
     heating                              0 +/- 0
     damage-energy                        0 +/- 0
 Mesh Index (7, 5, 7)
   Total Material
     Flux                                 0.163301 +/- 0.000722967
     heating                              0 +/- 0
     damage-energy                        0 +/- 0
 Mesh Index (8, 5, 7)
   Total Material
     Flux                                 0.173216 +/- 0.000961224
     heating                              0 +/- 0
     damage-energy                        0 +/- 0
 Mesh Index (9, 5, 7)
   Total Material
     Flux                                 0.184025 +/- 0.000806806
     heating                              0 +/- 0
     damage-energy                        0 +/- 0
 Mesh Index (10, 5, 7)
   Total Material
     Flux                                 0.17686 +/- 0.000863513
     heating                              4202.02 +/- 34.0959
     damage-energy                        891.98 +/- 5.97806
 Mesh Index (11, 5, 7)
   Total Material
     Flux                                 0.155277 +/- 0.000999118
     heating                              5318.47 +/- 45.8764
     damage-energy                        73.1591 +/- 0.64103
 Mesh Index (12, 5, 7)
   Total Material
     Flux                                 0.112131 +/- 0.000786644
     heating                              8906.73 +/- 71.9101
     damage-energy                        127.05 +/- 1.12216
 Mesh Index (13, 5, 7)
   Total Material
     Flux                                 0.0693719 +/- 0.000739723
     heating                              5220.26 +/- 61.6019
     damage-energy                        76.1628 +/- 0.899553
 Mesh Index (14, 5, 7)
   Total Material
     Flux                                 0.0430367 +/- 0.000558388
     heating                              3184.22 +/- 48.7786
     damage-energy                        45.2334 +/- 0.604539
 Mesh Index (15, 5, 7)
   Total Material
     Flux                                 0.0234587 +/- 0.000405879
     heating                              1693.74 +/- 33.6924
     damage-energy                        24.1848 +/- 0.430164
 Mesh Index (16, 5, 7)
   Total Material
     Flux                                 0.00928687 +/- 0.00016575
     heating                              426.614 +/- 10.5858
     damage-energy                        6.42547 +/- 0.139339
 Mesh Index (17, 5, 7)
   Total Material
     Flux                                 0.00622025 +/- 0.000124867
     heating                              0 +/- 0
     damage-energy                        0 +/- 0
 Mesh Index (18, 5, 7)
   Total Material
     Flux                                 0.00569123 +/- 0.000140666
     heating                              0 +/- 0
     damage-energy                        0 +/- 0
 Mesh Index (19, 5, 7)
   Total Material
     Flux                                 0.00547188 +/- 0.000154534
     heating                              0 +/- 0
     damage-energy                        0 +/- 0
 Mesh Index (20, 5, 7)
   Total Material
     Flux                                 0.0051569 +/- 0.000136136
     heating                              0 +/- 0
     damage-energy                        0 +/- 0
 Mesh Index (21, 5, 7)
   Total Material
     Flux                                 0.00474584 +/- 0.000120353
     heating                              0 +/- 0
     damage-energy                        0 +/- 0
 Mesh Index (22, 5, 7)
   Total Material
     Flux                                 0.00391003 +/- 0.000107176
     heating                              0 +/- 0
     damage-energy                        0 +/- 0
 Mesh Index (23, 5, 7)
   Total Material
     Flux                                 0.00304742 +/- 0.000103181
     heating                              0 +/- 0
     damage-energy                        0 +/- 0
 Mesh Index (24, 5, 7)
   Total Material
     Flux                                 0.00235582 +/- 7.60869e-05
     heating                              0 +/- 0
     damage-energy                        0 +/- 0
 Mesh Index (1, 6, 7)
   Total Material
     Flux                                 0.0687313 +/- 0.000498796
     heating                              0 +/- 0
     damage-energy                        0 +/- 0
 Mesh Index (2, 6, 7)
   Total Material
     Flux                                 0.0867429 +/- 0.000665295
     heating                              0 +/- 0
     damage-energy                        0 +/- 0
 Mesh Index (3, 6, 7)
   Total Material
     Flux                                 0.103909 +/- 0.00057341
     heating                              0 +/- 0
     damage-energy                        0 +/- 0
 Mesh Index (4, 6, 7)
   Total Material
     Flux                                 0.120871 +/- 0.000672704
     heating                              0 +/- 0
     damage-energy                        0 +/- 0
 Mesh Index (5, 6, 7)
   Total Material
     Flux                                 0.134627 +/- 0.000809004
     heating                              0 +/- 0
     damage-energy                        0 +/- 0
 Mesh Index (6, 6, 7)
   Total Material
     Flux                                 0.14873 +/- 0.000870128
     heating                              0 +/- 0
     damage-energy                        0 +/- 0
 Mesh Index (7, 6, 7)
   Total Material
     Flux                                 0.16219 +/- 0.000801555
     heating                              0 +/- 0
     damage-energy                        0 +/- 0
 Mesh Index (8, 6, 7)
   Total Material
     Flux                                 0.17492 +/- 0.000894487
     heating                              0 +/- 0
     damage-energy                        0 +/- 0
 Mesh Index (9, 6, 7)
   Total Material
     Flux                                 0.185677 +/- 0.000877893
     heating                              0 +/- 0
     damage-energy                        0 +/- 0
 Mesh Index (10, 6, 7)
   Total Material
     Flux                                 0.175852 +/- 0.000894428
     heating                              4240.44 +/- 31.454
     damage-energy                        892.504 +/- 5.56402
 Mesh Index (11, 6, 7)
   Total Material
     Flux                                 0.153097 +/- 0.000767392
     heating                              5210.68 +/- 42.5308
     damage-energy                        71.0977 +/- 0.511509
 Mesh Index (12, 6, 7)
   Total Material
     Flux                                 0.111037 +/- 0.000818293
     heating                              8800.62 +/- 71.0967
     damage-energy                        125.556 +/- 1.03968
 Mesh Index (13, 6, 7)
   Total Material
     Flux                                 0.0703167 +/- 0.000765402
     heating                              5332.83 +/- 65.2534
     damage-energy                        76.5842 +/- 0.962739
 Mesh Index (14, 6, 7)
   Total Material
     Flux                                 0.0431156 +/- 0.000582398
     heating                              3208.95 +/- 48.2038
     damage-energy                        45.5351 +/- 0.633945
 Mesh Index (15, 6, 7)
   Total Material
     Flux                                 0.0234791 +/- 0.000387114
     heating                              1715.78 +/- 32.3463
     damage-energy                        23.8795 +/- 0.404568
 Mesh Index (16, 6, 7)
   Total Material
     Flux                                 0.00907378 +/- 0.000205249
     heating                              413.371 +/- 12.5007
     damage-energy                        6.21406 +/- 0.164236
 Mesh Index (17, 6, 7)
   Total Material
     Flux                                 0.00604155 +/- 0.000125344
     heating                              0 +/- 0
     damage-energy                        0 +/- 0
 Mesh Index (18, 6, 7)
   Total Material
     Flux                                 0.0056238 +/- 0.00013926
     heating                              0 +/- 0
     damage-energy                        0 +/- 0
 Mesh Index (19, 6, 7)
   Total Material
     Flux                                 0.00504752 +/- 0.00012507
     heating                              0 +/- 0
     damage-energy                        0 +/- 0
 Mesh Index (20, 6, 7)
   Total Material
     Flux                                 0.00462642 +/- 0.000131915
     heating                              0 +/- 0
     damage-energy                        0 +/- 0
 Mesh Index (21, 6, 7)
   Total Material
     Flux                                 0.00240344 +/- 7.46575e-05
     heating                              0 +/- 0
     damage-energy                        0 +/- 0
 Mesh Index (22, 6, 7)
   Total Material
     Flux                                 0.00153711 +/- 6.52203e-05
     heating                              0 +/- 0
     damage-energy                        0 +/- 0
 Mesh Index (23, 6, 7)
   Total Material
     Flux                                 0.00104077 +/- 4.84097e-05
     heating                              0 +/- 0
     damage-energy                        0 +/- 0
 Mesh Index (24, 6, 7)
   Total Material
     Flux                                 0.000687792 +/- 3.91582e-05
     heating                              0 +/- 0
     damage-energy                        0 +/- 0
 Mesh Index (1, 7, 7)
   Total Material
     Flux                                 0.0697389 +/- 0.000543821
     heating                              0 +/- 0
     damage-energy                        0 +/- 0
 Mesh Index (2, 7, 7)
   Total Material
     Flux                                 0.0855218 +/- 0.000578845
     heating                              0 +/- 0
     damage-energy                        0 +/- 0
 Mesh Index (3, 7, 7)
   Total Material
     Flux                                 0.103808 +/- 0.000687503
     heating                              0 +/- 0
     damage-energy                        0 +/- 0
 Mesh Index (4, 7, 7)
   Total Material
     Flux                                 0.118993 +/- 0.000592017
     heating                              0 +/- 0
     damage-energy                        0 +/- 0
 Mesh Index (5, 7, 7)
   Total Material
     Flux                                 0.135106 +/- 0.000666468
     heating                              0 +/- 0
     damage-energy                        0 +/- 0
 Mesh Index (6, 7, 7)
   Total Material
     Flux                                 0.148528 +/- 0.000641888
     heating                              0 +/- 0
     damage-energy                        0 +/- 0
 Mesh Index (7, 7, 7)
   Total Material
     Flux                                 0.16193 +/- 0.000807913
     heating                              0 +/- 0
     damage-energy                        0 +/- 0
 Mesh Index (8, 7, 7)
   Total Material
     Flux                                 0.174148 +/- 0.000835206
     heating                              0 +/- 0
     damage-energy                        0 +/- 0
 Mesh Index (9, 7, 7)
   Total Material
     Flux                                 0.186639 +/- 0.00088592
     heating                              0 +/- 0
     damage-energy                        0 +/- 0
 Mesh Index (10, 7, 7)
   Total Material
     Flux                                 0.178132 +/- 0.000935047
     heating                              4263.22 +/- 35.9948
     damage-energy                        902.117 +/- 5.63643
 Mesh Index (11, 7, 7)
   Total Material
     Flux                                 0.153143 +/- 0.000951629
     heating                              5205.86 +/- 45.9928
     damage-energy                        71.9537 +/- 0.637028
 Mesh Index (12, 7, 7)
   Total Material
     Flux                                 0.109096 +/- 0.000647954
     heating                              8613.41 +/- 52.3504
     damage-energy                        124.283 +/- 0.886402
 Mesh Index (13, 7, 7)
   Total Material
     Flux                                 0.0709188 +/- 0.000709602
     heating                              5352.4 +/- 60.7372
     damage-energy                        77.4722 +/- 0.82399
 Mesh Index (14, 7, 7)
   Total Material
     Flux                                 0.0435702 +/- 0.000555679
     heating                              3252.3 +/- 43.7488
     damage-energy                        46.4812 +/- 0.692329
 Mesh Index (15, 7, 7)
   Total Material
     Flux                                 0.0242969 +/- 0.000396054
     heating                              1789.62 +/- 29.4727
     damage-energy                        25.2807 +/- 0.48297
 Mesh Index (16, 7, 7)
   Total Material
     Flux                                 0.00923587 +/- 0.000200961
     heating                              447.507 +/- 11.8464
     damage-energy                        6.47485 +/- 0.155566
 Mesh Index (17, 7, 7)
   Total Material
     Flux                                 0.00601227 +/- 0.000160514
     heating                              0 +/- 0
     damage-energy                        0 +/- 0
 Mesh Index (18, 7, 7)
   Total Material
     Flux                                 0.0055168 +/- 0.000149277
     heating                              0 +/- 0
     damage-energy                        0 +/- 0
 Mesh Index (19, 7, 7)
   Total Material
     Flux                                 0.00509378 +/- 0.000138106
     heating                              0 +/- 0
     damage-energy                        0 +/- 0
 Mesh Index (20, 7, 7)
   Total Material
     Flux                                 0.00486882 +/- 0.000121343
     heating                              0 +/- 0
     damage-energy                        0 +/- 0
 Mesh Index (21, 7, 7)
   Total Material
     Flux                                 0.00349076 +/- 9.84538e-05
     heating                              0 +/- 0
     damage-energy                        0 +/- 0
 Mesh Index (22, 7, 7)
   Total Material
     Flux                                 0.00269889 +/- 8.28923e-05
     heating                              0 +/- 0
     damage-energy                        0 +/- 0
 Mesh Index (23, 7, 7)
   Total Material
     Flux                                 0.00213026 +/- 7.66059e-05
     heating                              0 +/- 0
     damage-energy                        0 +/- 0
 Mesh Index (24, 7, 7)
   Total Material
     Flux                                 0.00165357 +/- 7.29845e-05
     heating                              0 +/- 0
     damage-energy                        0 +/- 0
 Mesh Index (1, 1, 8)
   Total Material
     Flux                                 0.073357 +/- 0.000542194
     heating                              0 +/- 0
     damage-energy                        0 +/- 0
 Mesh Index (2, 1, 8)
   Total Material
     Flux                                 0.0973129 +/- 0.000614959
     heating                              0 +/- 0
     damage-energy                        0 +/- 0
 Mesh Index (3, 1, 8)
   Total Material
     Flux                                 0.119885 +/- 0.000711505
     heating                              0 +/- 0
     damage-energy                        0 +/- 0
 Mesh Index (4, 1, 8)
   Total Material
     Flux                                 0.138496 +/- 0.000773402
     heating                              0 +/- 0
     damage-energy                        0 +/- 0
 Mesh Index (5, 1, 8)
   Total Material
     Flux                                 0.153729 +/- 0.000680255
     heating                              0 +/- 0
     damage-energy                        0 +/- 0
 Mesh Index (6, 1, 8)
   Total Material
     Flux                                 0.170167 +/- 0.000937012
     heating                              0 +/- 0
     damage-energy                        0 +/- 0
 Mesh Index (7, 1, 8)
   Total Material
     Flux                                 0.181627 +/- 0.000998071
     heating                              0 +/- 0
     damage-energy                        0 +/- 0
 Mesh Index (8, 1, 8)
   Total Material
     Flux                                 0.194108 +/- 0.000951608
     heating                              0 +/- 0
     damage-energy                        0 +/- 0
 Mesh Index (9, 1, 8)
   Total Material
     Flux                                 0.201881 +/- 0.000976562
     heating                              0 +/- 0
     damage-energy                        0 +/- 0
 Mesh Index (10, 1, 8)
   Total Material
     Flux                                 0.190249 +/- 0.000984344
     heating                              4876.92 +/- 37.7926
     damage-energy                        1007.19 +/- 6.39756
 Mesh Index (11, 1, 8)
   Total Material
     Flux                                 0.164456 +/- 0.000997208
     heating                              5620.7 +/- 46.6262
     damage-energy                        78.6263 +/- 0.640136
 Mesh Index (12, 1, 8)
   Total Material
     Flux                                 0.119139 +/- 0.000982246
     heating                              9424.45 +/- 88.4126
     damage-energy                        137.027 +/- 1.13691
 Mesh Index (13, 1, 8)
   Total Material
     Flux                                 0.0766272 +/- 0.000799673
     heating                              5758.81 +/- 66.8638
     damage-energy                        84.8083 +/- 0.940001
 Mesh Index (14, 1, 8)
   Total Material
     Flux                                 0.047156 +/- 0.000580564
     heating                              3529.95 +/- 50.3944
     damage-energy                        49.8905 +/- 0.630373
 Mesh Index (15, 1, 8)
   Total Material
     Flux                                 0.0258777 +/- 0.000330762
     heating                              1884.87 +/- 25.2909
     damage-energy                        26.7971 +/- 0.409234
 Mesh Index (16, 1, 8)
   Total Material
     Flux                                 0.0098027 +/- 0.00019252
     heating                              461.34 +/- 11.3744
     damage-energy                        6.84247 +/- 0.167224
 Mesh Index (17, 1, 8)
   Total Material
     Flux                                 0.00643592 +/- 0.000127813
     heating                              0 +/- 0
     damage-energy                        0 +/- 0
 Mesh Index (18, 1, 8)
   Total Material
     Flux                                 0.00575231 +/- 0.000118792
     heating                              0 +/- 0
     damage-energy                        0 +/- 0
 Mesh Index (19, 1, 8)
   Total Material
     Flux                                 0.00549914 +/- 0.00012781
     heating                              0 +/- 0
     damage-energy                        0 +/- 0
 Mesh Index (20, 1, 8)
   Total Material
     Flux                                 0.0049545 +/- 0.000126299
     heating                              0 +/- 0
     damage-energy                        0 +/- 0
 Mesh Index (21, 1, 8)
   Total Material
     Flux                                 0.00354813 +/- 9.62912e-05
     heating                              0 +/- 0
     damage-energy                        0 +/- 0
 Mesh Index (22, 1, 8)
   Total Material
     Flux                                 0.00265469 +/- 9.29696e-05
     heating                              0 +/- 0
     damage-energy                        0 +/- 0
 Mesh Index (23, 1, 8)
   Total Material
     Flux                                 0.00199142 +/- 7.45612e-05
     heating                              0 +/- 0
     damage-energy                        0 +/- 0
 Mesh Index (24, 1, 8)
   Total Material
     Flux                                 0.00174256 +/- 6.54e-05
     heating                              0 +/- 0
     damage-energy                        0 +/- 0
 Mesh Index (1, 2, 8)
   Total Material
     Flux                                 0.0734095 +/- 0.000528711
     heating                              0 +/- 0
     damage-energy                        0 +/- 0
 Mesh Index (2, 2, 8)
   Total Material
     Flux                                 0.0974541 +/- 0.000578737
     heating                              0 +/- 0
     damage-energy                        0 +/- 0
 Mesh Index (3, 2, 8)
   Total Material
     Flux                                 0.12047 +/- 0.000619865
     heating                              0 +/- 0
     damage-energy                        0 +/- 0
 Mesh Index (4, 2, 8)
   Total Material
     Flux                                 0.138792 +/- 0.000724998
     heating                              0 +/- 0
     damage-energy                        0 +/- 0
 Mesh Index (5, 2, 8)
   Total Material
     Flux                                 0.155425 +/- 0.000779279
     heating                              0 +/- 0
     damage-energy                        0 +/- 0
 Mesh Index (6, 2, 8)
   Total Material
     Flux                                 0.169058 +/- 0.000713289
     heating                              0 +/- 0
     damage-energy                        0 +/- 0
 Mesh Index (7, 2, 8)
   Total Material
     Flux                                 0.181672 +/- 0.000849193
     heating                              0 +/- 0
     damage-energy                        0 +/- 0
 Mesh Index (8, 2, 8)
   Total Material
     Flux                                 0.193215 +/- 0.000903789
     heating                              0 +/- 0
     damage-energy                        0 +/- 0
 Mesh Index (9, 2, 8)
   Total Material
     Flux                                 0.201163 +/- 0.00103835
     heating                              0 +/- 0
     damage-energy                        0 +/- 0
 Mesh Index (10, 2, 8)
   Total Material
     Flux                                 0.189619 +/- 0.000865661
     heating                              4863.63 +/- 38.8957
     damage-energy                        1008.81 +/- 6.43574
 Mesh Index (11, 2, 8)
   Total Material
     Flux                                 0.164848 +/- 0.000874948
     heating                              5622.95 +/- 41.1672
     damage-energy                        78.4162 +/- 0.578507
 Mesh Index (12, 2, 8)
   Total Material
     Flux                                 0.117803 +/- 0.00090278
     heating                              9305.68 +/- 81.4505
     damage-energy                        135.676 +/- 1.1063
 Mesh Index (13, 2, 8)
   Total Material
     Flux                                 0.0749209 +/- 0.000751941
     heating                              5643.82 +/- 67.582
     damage-energy                        83.0045 +/- 0.861275
 Mesh Index (14, 2, 8)
   Total Material
     Flux                                 0.0461779 +/- 0.000474354
     heating                              3370.76 +/- 43.1565
     damage-energy                        49.0117 +/- 0.546583
 Mesh Index (15, 2, 8)
   Total Material
     Flux                                 0.0250764 +/- 0.000413031
     heating                              1829.65 +/- 36.5412
     damage-energy                        25.9046 +/- 0.435179
 Mesh Index (16, 2, 8)
   Total Material
     Flux                                 0.0095356 +/- 0.000170839
     heating                              437.702 +/- 11.1585
     damage-energy                        6.51024 +/- 0.139169
 Mesh Index (17, 2, 8)
   Total Material
     Flux                                 0.00656132 +/- 0.000148155
     heating                              0 +/- 0
     damage-energy                        0 +/- 0
 Mesh Index (18, 2, 8)
   Total Material
     Flux                                 0.00584626 +/- 0.00011666
     heating                              0 +/- 0
     damage-energy                        0 +/- 0
 Mesh Index (19, 2, 8)
   Total Material
     Flux                                 0.00572292 +/- 0.000128339
     heating                              0 +/- 0
     damage-energy                        0 +/- 0
 Mesh Index (20, 2, 8)
   Total Material
     Flux                                 0.00511883 +/- 0.000110536
     heating                              0 +/- 0
     damage-energy                        0 +/- 0
 Mesh Index (21, 2, 8)
   Total Material
     Flux                                 0.00259672 +/- 7.09538e-05
     heating                              0 +/- 0
     damage-energy                        0 +/- 0
 Mesh Index (22, 2, 8)
   Total Material
     Flux                                 0.00151479 +/- 5.58812e-05
     heating                              0 +/- 0
     damage-energy                        0 +/- 0
 Mesh Index (23, 2, 8)
   Total Material
     Flux                                 0.00102292 +/- 4.35993e-05
     heating                              0 +/- 0
     damage-energy                        0 +/- 0
 Mesh Index (24, 2, 8)
   Total Material
     Flux                                 0.000663183 +/- 3.93808e-05
     heating                              0 +/- 0
     damage-energy                        0 +/- 0
 Mesh Index (1, 3, 8)
   Total Material
     Flux                                 0.0736933 +/- 0.000545176
     heating                              0 +/- 0
     damage-energy                        0 +/- 0
 Mesh Index (2, 3, 8)
   Total Material
     Flux                                 0.0975419 +/- 0.000627357
     heating                              0 +/- 0
     damage-energy                        0 +/- 0
 Mesh Index (3, 3, 8)
   Total Material
     Flux                                 0.121162 +/- 0.000787595
     heating                              0 +/- 0
     damage-energy                        0 +/- 0
 Mesh Index (4, 3, 8)
   Total Material
     Flux                                 0.138062 +/- 0.00086842
     heating                              0 +/- 0
     damage-energy                        0 +/- 0
 Mesh Index (5, 3, 8)
   Total Material
     Flux                                 0.155013 +/- 0.000931975
     heating                              0 +/- 0
     damage-energy                        0 +/- 0
 Mesh Index (6, 3, 8)
   Total Material
     Flux                                 0.169559 +/- 0.000762683
     heating                              0 +/- 0
     damage-energy                        0 +/- 0
 Mesh Index (7, 3, 8)
   Total Material
     Flux                                 0.18214 +/- 0.000749292
     heating                              0 +/- 0
     damage-energy                        0 +/- 0
 Mesh Index (8, 3, 8)
   Total Material
     Flux                                 0.19505 +/- 0.000900716
     heating                              0 +/- 0
     damage-energy                        0 +/- 0
 Mesh Index (9, 3, 8)
   Total Material
     Flux                                 0.203514 +/- 0.00100776
     heating                              0 +/- 0
     damage-energy                        0 +/- 0
 Mesh Index (10, 3, 8)
   Total Material
     Flux                                 0.192358 +/- 0.00125
     heating                              4936.86 +/- 40.498
     damage-energy                        1021.99 +/- 6.7542
 Mesh Index (11, 3, 8)
   Total Material
     Flux                                 0.165889 +/- 0.000974976
     heating                              5642.59 +/- 49.8305
     damage-energy                        78.2558 +/- 0.566151
 Mesh Index (12, 3, 8)
   Total Material
     Flux                                 0.118788 +/- 0.000982149
     heating                              9385 +/- 82.7355
     damage-energy                        136.344 +/- 1.19395
 Mesh Index (13, 3, 8)
   Total Material
     Flux                                 0.0758908 +/- 0.000670062
     heating                              5737.25 +/- 54.4902
     damage-energy                        83.6132 +/- 0.745232
 Mesh Index (14, 3, 8)
   Total Material
     Flux                                 0.0473784 +/- 0.000599225
     heating                              3514.78 +/- 44.6286
     damage-energy                        50.2419 +/- 0.723789
 Mesh Index (15, 3, 8)
   Total Material
     Flux                                 0.0261541 +/- 0.000356044
     heating                              1895.76 +/- 31.9122
     damage-energy                        26.9771 +/- 0.431808
 Mesh Index (16, 3, 8)
   Total Material
     Flux                                 0.00965062 +/- 0.000199151
     heating                              460.169 +/- 11.9833
     damage-energy                        6.77941 +/- 0.179405
 Mesh Index (17, 3, 8)
   Total Material
     Flux                                 0.00647405 +/- 0.000142463
     heating                              0 +/- 0
     damage-energy                        0 +/- 0
 Mesh Index (18, 3, 8)
   Total Material
     Flux                                 0.00581306 +/- 0.000120482
     heating                              0 +/- 0
     damage-energy                        0 +/- 0
 Mesh Index (19, 3, 8)
   Total Material
     Flux                                 0.00566295 +/- 0.000136624
     heating                              0 +/- 0
     damage-energy                        0 +/- 0
 Mesh Index (20, 3, 8)
   Total Material
     Flux                                 0.005357 +/- 0.000139131
     heating                              0 +/- 0
     damage-energy                        0 +/- 0
 Mesh Index (21, 3, 8)
   Total Material
     Flux                                 0.00495943 +/- 0.000143526
     heating                              0 +/- 0
     damage-energy                        0 +/- 0
 Mesh Index (22, 3, 8)
   Total Material
     Flux                                 0.00418878 +/- 0.00011361
     heating                              0 +/- 0
     damage-energy                        0 +/- 0
 Mesh Index (23, 3, 8)
   Total Material
     Flux                                 0.00344244 +/- 0.00011334
     heating                              0 +/- 0
     damage-energy                        0 +/- 0
 Mesh Index (24, 3, 8)
   Total Material
     Flux                                 0.00261561 +/- 9.12499e-05
     heating                              0 +/- 0
     damage-energy                        0 +/- 0
 Mesh Index (1, 4, 8)
   Total Material
     Flux                                 0.0727654 +/- 0.000505576
     heating                              0 +/- 0
     damage-energy                        0 +/- 0
 Mesh Index (2, 4, 8)
   Total Material
     Flux                                 0.0974195 +/- 0.000555588
     heating                              0 +/- 0
     damage-energy                        0 +/- 0
 Mesh Index (3, 4, 8)
   Total Material
     Flux                                 0.121354 +/- 0.000699222
     heating                              0 +/- 0
     damage-energy                        0 +/- 0
 Mesh Index (4, 4, 8)
   Total Material
     Flux                                 0.139917 +/- 0.000597203
     heating                              0 +/- 0
     damage-energy                        0 +/- 0
 Mesh Index (5, 4, 8)
   Total Material
     Flux                                 0.154438 +/- 0.000845048
     heating                              0 +/- 0
     damage-energy                        0 +/- 0
 Mesh Index (6, 4, 8)
   Total Material
     Flux                                 0.168728 +/- 0.000829035
     heating                              0 +/- 0
     damage-energy                        0 +/- 0
 Mesh Index (7, 4, 8)
   Total Material
     Flux                                 0.182525 +/- 0.000820464
     heating                              0 +/- 0
     damage-energy                        0 +/- 0
 Mesh Index (8, 4, 8)
   Total Material
     Flux                                 0.193881 +/- 0.000969092
     heating                              0 +/- 0
     damage-energy                        0 +/- 0
 Mesh Index (9, 4, 8)
   Total Material
     Flux                                 0.200648 +/- 0.000798215
     heating                              0 +/- 0
     damage-energy                        0 +/- 0
 Mesh Index (10, 4, 8)
   Total Material
     Flux                                 0.188549 +/- 0.000973351
     heating                              4854.43 +/- 42.1404
     damage-energy                        1001.44 +/- 7.37784
 Mesh Index (11, 4, 8)
   Total Material
     Flux                                 0.164571 +/- 0.00107609
     heating                              5599.71 +/- 47.0601
     damage-energy                        78.1801 +/- 0.624267
 Mesh Index (12, 4, 8)
   Total Material
     Flux                                 0.118821 +/- 0.000823581
     heating                              9362.97 +/- 75.4241
     damage-energy                        136.579 +/- 1.02606
 Mesh Index (13, 4, 8)
   Total Material
     Flux                                 0.0759417 +/- 0.000697048
     heating                              5738.28 +/- 60.1399
     damage-energy                        83.5162 +/- 0.766342
 Mesh Index (14, 4, 8)
   Total Material
     Flux                                 0.0461572 +/- 0.00059027
     heating                              3414.47 +/- 45.4339
     damage-energy                        49.3316 +/- 0.655047
 Mesh Index (15, 4, 8)
   Total Material
     Flux                                 0.0257153 +/- 0.000386628
     heating                              1867.9 +/- 26.7157
     damage-energy                        26.8229 +/- 0.41869
 Mesh Index (16, 4, 8)
   Total Material
     Flux                                 0.0100202 +/- 0.000201618
     heating                              466.782 +/- 11.7722
     damage-energy                        7.10705 +/- 0.159806
 Mesh Index (17, 4, 8)
   Total Material
     Flux                                 0.00638277 +/- 0.000152486
     heating                              0 +/- 0
     damage-energy                        0 +/- 0
 Mesh Index (18, 4, 8)
   Total Material
     Flux                                 0.00584685 +/- 0.000132374
     heating                              0 +/- 0
     damage-energy                        0 +/- 0
 Mesh Index (19, 4, 8)
   Total Material
     Flux                                 0.00561132 +/- 0.000145982
     heating                              0 +/- 0
     damage-energy                        0 +/- 0
 Mesh Index (20, 4, 8)
   Total Material
     Flux                                 0.0049697 +/- 0.000118794
     heating                              0 +/- 0
     damage-energy                        0 +/- 0
 Mesh Index (21, 4, 8)
   Total Material
     Flux                                 0.00226013 +/- 6.26989e-05
     heating                              0 +/- 0
     damage-energy                        0 +/- 0
 Mesh Index (22, 4, 8)
   Total Material
     Flux                                 0.000893871 +/- 4.2548e-05
     heating                              0 +/- 0
     damage-energy                        0 +/- 0
 Mesh Index (23, 4, 8)
   Total Material
     Flux                                 7.46766e-05 +/- 8.02422e-06
     heating                              0 +/- 0
     damage-energy                        0 +/- 0
 Mesh Index (24, 4, 8)
   Total Material
     Flux                                 0 +/- 0
     heating                              0 +/- 0
     damage-energy                        0 +/- 0
 Mesh Index (1, 5, 8)
   Total Material
     Flux                                 0.0727829 +/- 0.00037317
     heating                              0 +/- 0
     damage-energy                        0 +/- 0
 Mesh Index (2, 5, 8)
   Total Material
     Flux                                 0.0971578 +/- 0.00049955
     heating                              0 +/- 0
     damage-energy                        0 +/- 0
 Mesh Index (3, 5, 8)
   Total Material
     Flux                                 0.120303 +/- 0.000651166
     heating                              0 +/- 0
     damage-energy                        0 +/- 0
 Mesh Index (4, 5, 8)
   Total Material
     Flux                                 0.139159 +/- 0.000621668
     heating                              0 +/- 0
     damage-energy                        0 +/- 0
 Mesh Index (5, 5, 8)
   Total Material
     Flux                                 0.155481 +/- 0.00074065
     heating                              0 +/- 0
     damage-energy                        0 +/- 0
 Mesh Index (6, 5, 8)
   Total Material
     Flux                                 0.168563 +/- 0.000780984
     heating                              0 +/- 0
     damage-energy                        0 +/- 0
 Mesh Index (7, 5, 8)
   Total Material
     Flux                                 0.18081 +/- 0.000987524
     heating                              0 +/- 0
     damage-energy                        0 +/- 0
 Mesh Index (8, 5, 8)
   Total Material
     Flux                                 0.192284 +/- 0.0010095
     heating                              0 +/- 0
     damage-energy                        0 +/- 0
 Mesh Index (9, 5, 8)
   Total Material
     Flux                                 0.200744 +/- 0.000785976
     heating                              0 +/- 0
     damage-energy                        0 +/- 0
 Mesh Index (10, 5, 8)
   Total Material
     Flux                                 0.189146 +/- 0.000969922
     heating                              4865.04 +/- 40.2369
     damage-energy                        1004.58 +/- 7.21588
 Mesh Index (11, 5, 8)
   Total Material
     Flux                                 0.165047 +/- 0.00105074
     heating                              5637.27 +/- 46.5789
     damage-energy                        78.4954 +/- 0.629826
 Mesh Index (12, 5, 8)
   Total Material
     Flux                                 0.118738 +/- 0.00084449
     heating                              9312.23 +/- 77.86
     damage-energy                        135.501 +/- 1.2431
 Mesh Index (13, 5, 8)
   Total Material
     Flux                                 0.0759917 +/- 0.000643117
     heating                              5730.14 +/- 55.5319
     damage-energy                        83.9212 +/- 0.836549
 Mesh Index (14, 5, 8)
   Total Material
     Flux                                 0.0461962 +/- 0.000509199
     heating                              3398.76 +/- 43.8468
     damage-energy                        49.1713 +/- 0.584795
 Mesh Index (15, 5, 8)
   Total Material
     Flux                                 0.0254652 +/- 0.000380884
     heating                              1843.21 +/- 29.9648
     damage-energy                        26.4628 +/- 0.395476
 Mesh Index (16, 5, 8)
   Total Material
     Flux                                 0.00999793 +/- 0.000193431
     heating                              454.444 +/- 11.0005
     damage-energy                        6.87377 +/- 0.17919
 Mesh Index (17, 5, 8)
   Total Material
     Flux                                 0.00655114 +/- 0.000132849
     heating                              0 +/- 0
     damage-energy                        0 +/- 0
 Mesh Index (18, 5, 8)
   Total Material
     Flux                                 0.00612189 +/- 0.000145738
     heating                              0 +/- 0
     damage-energy                        0 +/- 0
 Mesh Index (19, 5, 8)
   Total Material
     Flux                                 0.00574676 +/- 0.000122263
     heating                              0 +/- 0
     damage-energy                        0 +/- 0
 Mesh Index (20, 5, 8)
   Total Material
     Flux                                 0.00531007 +/- 0.000120532
     heating                              0 +/- 0
     damage-energy                        0 +/- 0
 Mesh Index (21, 5, 8)
   Total Material
     Flux                                 0.00481833 +/- 0.000117873
     heating                              0 +/- 0
     damage-energy                        0 +/- 0
 Mesh Index (22, 5, 8)
   Total Material
     Flux                                 0.00383349 +/- 0.000110446
     heating                              0 +/- 0
     damage-energy                        0 +/- 0
 Mesh Index (23, 5, 8)
   Total Material
     Flux                                 0.00328821 +/- 9.77134e-05
     heating                              0 +/- 0
     damage-energy                        0 +/- 0
 Mesh Index (24, 5, 8)
   Total Material
     Flux                                 0.00252298 +/- 7.8122e-05
     heating                              0 +/- 0
     damage-energy                        0 +/- 0
 Mesh Index (1, 6, 8)
   Total Material
     Flux                                 0.0736593 +/- 0.000475603
     heating                              0 +/- 0
     damage-energy                        0 +/- 0
 Mesh Index (2, 6, 8)
   Total Material
     Flux                                 0.0978688 +/- 0.000635341
     heating                              0 +/- 0
     damage-energy                        0 +/- 0
 Mesh Index (3, 6, 8)
   Total Material
     Flux                                 0.120963 +/- 0.000745195
     heating                              0 +/- 0
     damage-energy                        0 +/- 0
 Mesh Index (4, 6, 8)
   Total Material
     Flux                                 0.139565 +/- 0.000806045
     heating                              0 +/- 0
     damage-energy                        0 +/- 0
 Mesh Index (5, 6, 8)
   Total Material
     Flux                                 0.155732 +/- 0.000727227
     heating                              0 +/- 0
     damage-energy                        0 +/- 0
 Mesh Index (6, 6, 8)
   Total Material
     Flux                                 0.168524 +/- 0.000742184
     heating                              0 +/- 0
     damage-energy                        0 +/- 0
 Mesh Index (7, 6, 8)
   Total Material
     Flux                                 0.182985 +/- 0.000909845
     heating                              0 +/- 0
     damage-energy                        0 +/- 0
 Mesh Index (8, 6, 8)
   Total Material
     Flux                                 0.193582 +/- 0.000867803
     heating                              0 +/- 0
     damage-energy                        0 +/- 0
 Mesh Index (9, 6, 8)
   Total Material
     Flux                                 0.201971 +/- 0.00107394
     heating                              0 +/- 0
     damage-energy                        0 +/- 0
 Mesh Index (10, 6, 8)
   Total Material
     Flux                                 0.18972 +/- 0.00106561
     heating                              4833.05 +/- 38.5984
     damage-energy                        1001.93 +/- 6.87879
 Mesh Index (11, 6, 8)
   Total Material
     Flux                                 0.163889 +/- 0.00106405
     heating                              5526.43 +/- 43.8538
     damage-energy                        77.1972 +/- 0.578164
 Mesh Index (12, 6, 8)
   Total Material
     Flux                                 0.118258 +/- 0.000940108
     heating                              9303.33 +/- 78.4848
     damage-energy                        136.024 +/- 1.17243
 Mesh Index (13, 6, 8)
   Total Material
     Flux                                 0.0752204 +/- 0.000728759
     heating                              5597.07 +/- 59.923
     damage-energy                        82.9321 +/- 0.82794
 Mesh Index (14, 6, 8)
   Total Material
     Flux                                 0.0464332 +/- 0.000614009
     heating                              3418.57 +/- 50.6724
     damage-energy                        49.4558 +/- 0.666256
 Mesh Index (15, 6, 8)
   Total Material
     Flux                                 0.0257667 +/- 0.000319833
     heating                              1889.76 +/- 27.4738
     damage-energy                        26.7753 +/- 0.374824
 Mesh Index (16, 6, 8)
   Total Material
     Flux                                 0.00962833 +/- 0.000145938
     heating                              445.723 +/- 11.008
     damage-energy                        6.80233 +/- 0.157001
 Mesh Index (17, 6, 8)
   Total Material
     Flux                                 0.0064005 +/- 0.000139898
     heating                              0 +/- 0
     damage-energy                        0 +/- 0
 Mesh Index (18, 6, 8)
   Total Material
     Flux                                 0.00586585 +/- 0.00010905
     heating                              0 +/- 0
     damage-energy                        0 +/- 0
 Mesh Index (19, 6, 8)
   Total Material
     Flux                                 0.0054909 +/- 0.000126192
     heating                              0 +/- 0
     damage-energy                        0 +/- 0
 Mesh Index (20, 6, 8)
   Total Material
     Flux                                 0.00496689 +/- 0.000115662
     heating                              0 +/- 0
     damage-energy                        0 +/- 0
 Mesh Index (21, 6, 8)
   Total Material
     Flux                                 0.00240894 +/- 7.64705e-05
     heating                              0 +/- 0
     damage-energy                        0 +/- 0
 Mesh Index (22, 6, 8)
   Total Material
     Flux                                 0.00162005 +/- 6.11579e-05
     heating                              0 +/- 0
     damage-energy                        0 +/- 0
 Mesh Index (23, 6, 8)
   Total Material
     Flux                                 0.00107719 +/- 5.71008e-05
     heating                              0 +/- 0
     damage-energy                        0 +/- 0
 Mesh Index (24, 6, 8)
   Total Material
     Flux                                 0.000718318 +/- 4.6426e-05
     heating                              0 +/- 0
     damage-energy                        0 +/- 0
 Mesh Index (1, 7, 8)
   Total Material
     Flux                                 0.0726283 +/- 0.000457086
     heating                              0 +/- 0
     damage-energy                        0 +/- 0
 Mesh Index (2, 7, 8)
   Total Material
     Flux                                 0.0974475 +/- 0.000608478
     heating                              0 +/- 0
     damage-energy                        0 +/- 0
 Mesh Index (3, 7, 8)
   Total Material
     Flux                                 0.120966 +/- 0.00065372
     heating                              0 +/- 0
     damage-energy                        0 +/- 0
 Mesh Index (4, 7, 8)
   Total Material
     Flux                                 0.138491 +/- 0.000721108
     heating                              0 +/- 0
     damage-energy                        0 +/- 0
 Mesh Index (5, 7, 8)
   Total Material
     Flux                                 0.155426 +/- 0.000718147
     heating                              0 +/- 0
     damage-energy                        0 +/- 0
 Mesh Index (6, 7, 8)
   Total Material
     Flux                                 0.169933 +/- 0.00074379
     heating                              0 +/- 0
     damage-energy                        0 +/- 0
 Mesh Index (7, 7, 8)
   Total Material
     Flux                                 0.182561 +/- 0.000863064
     heating                              0 +/- 0
     damage-energy                        0 +/- 0
 Mesh Index (8, 7, 8)
   Total Material
     Flux                                 0.193453 +/- 0.000965668
     heating                              0 +/- 0
     damage-energy                        0 +/- 0
 Mesh Index (9, 7, 8)
   Total Material
     Flux                                 0.20136 +/- 0.000884813
     heating                              0 +/- 0
     damage-energy                        0 +/- 0
 Mesh Index (10, 7, 8)
   Total Material
     Flux                                 0.189235 +/- 0.0010999
     heating                              4873.93 +/- 36.2195
     damage-energy                        1010.26 +/- 6.39721
 Mesh Index (11, 7, 8)
   Total Material
     Flux                                 0.163571 +/- 0.000959917
     heating                              5639.44 +/- 48.0414
     damage-energy                        77.5396 +/- 0.663417
 Mesh Index (12, 7, 8)
   Total Material
     Flux                                 0.119036 +/- 0.000828878
     heating                              9393.93 +/- 78.952
     damage-energy                        137.826 +/- 1.06088
 Mesh Index (13, 7, 8)
   Total Material
     Flux                                 0.0760347 +/- 0.000674004
     heating                              5751.53 +/- 55.6731
     damage-energy                        84.18 +/- 0.828663
 Mesh Index (14, 7, 8)
   Total Material
     Flux                                 0.0464903 +/- 0.000496495
     heating                              3440.89 +/- 42.1671
     damage-energy                        49.7226 +/- 0.605488
 Mesh Index (15, 7, 8)
   Total Material
     Flux                                 0.0262452 +/- 0.000310844
     heating                              1928.63 +/- 31.3856
     damage-energy                        27.5493 +/- 0.373227
 Mesh Index (16, 7, 8)
   Total Material
     Flux                                 0.00986609 +/- 0.000172
     heating                              453.017 +/- 10.2545
     damage-energy                        6.73398 +/- 0.154759
 Mesh Index (17, 7, 8)
   Total Material
     Flux                                 0.0065728 +/- 0.000126963
     heating                              0 +/- 0
     damage-energy                        0 +/- 0
 Mesh Index (18, 7, 8)
   Total Material
     Flux                                 0.00590838 +/- 0.000144532
     heating                              0 +/- 0
     damage-energy                        0 +/- 0
 Mesh Index (19, 7, 8)
   Total Material
     Flux                                 0.00564222 +/- 0.000130869
     heating                              0 +/- 0
     damage-energy                        0 +/- 0
 Mesh Index (20, 7, 8)
   Total Material
     Flux                                 0.00503186 +/- 0.000116392
     heating                              0 +/- 0
     damage-energy                        0 +/- 0
 Mesh Index (21, 7, 8)
   Total Material
     Flux                                 0.00359912 +/- 0.000102217
     heating                              0 +/- 0
     damage-energy                        0 +/- 0
 Mesh Index (22, 7, 8)
   Total Material
     Flux                                 0.00280704 +/- 9.92516e-05
     heating                              0 +/- 0
     damage-energy                        0 +/- 0
 Mesh Index (23, 7, 8)
   Total Material
     Flux                                 0.00208097 +/- 7.58448e-05
     heating                              0 +/- 0
     damage-energy                        0 +/- 0
 Mesh Index (24, 7, 8)
   Total Material
     Flux                                 0.00165633 +/- 7.70755e-05
     heating                              0 +/- 0
     damage-energy                        0 +/- 0
 Mesh Index (1, 1, 9)
   Total Material
     Flux                                 0.0775684 +/- 0.000552933
     heating                              0 +/- 0
     damage-energy                        0 +/- 0
 Mesh Index (2, 1, 9)
   Total Material
     Flux                                 0.107933 +/- 0.000569172
     heating                              0 +/- 0
     damage-energy                        0 +/- 0
 Mesh Index (3, 1, 9)
   Total Material
     Flux                                 0.138147 +/- 0.000730643
     heating                              0 +/- 0
     damage-energy                        0 +/- 0
 Mesh Index (4, 1, 9)
   Total Material
     Flux                                 0.158225 +/- 0.000870517
     heating                              0 +/- 0
     damage-energy                        0 +/- 0
 Mesh Index (5, 1, 9)
   Total Material
     Flux                                 0.175265 +/- 0.000935606
     heating                              0 +/- 0
     damage-energy                        0 +/- 0
 Mesh Index (6, 1, 9)
   Total Material
     Flux                                 0.188793 +/- 0.00097845
     heating                              0 +/- 0
     damage-energy                        0 +/- 0
 Mesh Index (7, 1, 9)
   Total Material
     Flux                                 0.201813 +/- 0.000881975
     heating                              0 +/- 0
     damage-energy                        0 +/- 0
 Mesh Index (8, 1, 9)
   Total Material
     Flux                                 0.21251 +/- 0.000894356
     heating                              0 +/- 0
     damage-energy                        0 +/- 0
 Mesh Index (9, 1, 9)
   Total Material
     Flux                                 0.215657 +/- 0.00101561
     heating                              0 +/- 0
     damage-energy                        0 +/- 0
 Mesh Index (10, 1, 9)
   Total Material
     Flux                                 0.2018 +/- 0.00111417
     heating                              5533.74 +/- 44.5802
     damage-energy                        1125.7 +/- 7.43679
 Mesh Index (11, 1, 9)
   Total Material
     Flux                                 0.17593 +/- 0.000945105
     heating                              5975.9 +/- 47.6086
     damage-energy                        84.0645 +/- 0.561054
 Mesh Index (12, 1, 9)
   Total Material
     Flux                                 0.12632 +/- 0.00108519
     heating                              9952.51 +/- 87.3912
     damage-energy                        146.107 +/- 1.35939
 Mesh Index (13, 1, 9)
   Total Material
     Flux                                 0.0814098 +/- 0.0008521
     heating                              6150.37 +/- 75.3903
     damage-energy                        90.1903 +/- 1.03817
 Mesh Index (14, 1, 9)
   Total Material
     Flux                                 0.0507126 +/- 0.000586846
     heating                              3808.89 +/- 48.296
     damage-energy                        53.7561 +/- 0.619081
 Mesh Index (15, 1, 9)
   Total Material
     Flux                                 0.0277031 +/- 0.000406382
     heating                              2026.5 +/- 34.1091
     damage-energy                        28.244 +/- 0.454443
 Mesh Index (16, 1, 9)
   Total Material
     Flux                                 0.0105675 +/- 0.000200702
     heating                              495.757 +/- 13.7998
     damage-energy                        7.26194 +/- 0.151096
 Mesh Index (17, 1, 9)
   Total Material
     Flux                                 0.00655197 +/- 0.000155142
     heating                              0 +/- 0
     damage-energy                        0 +/- 0
 Mesh Index (18, 1, 9)
   Total Material
     Flux                                 0.0061666 +/- 0.000124233
     heating                              0 +/- 0
     damage-energy                        0 +/- 0
 Mesh Index (19, 1, 9)
   Total Material
     Flux                                 0.00576766 +/- 0.000115098
     heating                              0 +/- 0
     damage-energy                        0 +/- 0
 Mesh Index (20, 1, 9)
   Total Material
     Flux                                 0.00537001 +/- 0.000128117
     heating                              0 +/- 0
     damage-energy                        0 +/- 0
 Mesh Index (21, 1, 9)
   Total Material
     Flux                                 0.00378108 +/- 0.000102304
     heating                              0 +/- 0
     damage-energy                        0 +/- 0
 Mesh Index (22, 1, 9)
   Total Material
     Flux                                 0.0028758 +/- 9.42885e-05
     heating                              0 +/- 0
     damage-energy                        0 +/- 0
 Mesh Index (23, 1, 9)
   Total Material
     Flux                                 0.00234298 +/- 9.02532e-05
     heating                              0 +/- 0
     damage-energy                        0 +/- 0
 Mesh Index (24, 1, 9)
   Total Material
     Flux                                 0.00187056 +/- 7.49455e-05
     heating                              0 +/- 0
     damage-energy                        0 +/- 0
 Mesh Index (1, 2, 9)
   Total Material
     Flux                                 0.0777706 +/- 0.000579173
     heating                              0 +/- 0
     damage-energy                        0 +/- 0
 Mesh Index (2, 2, 9)
   Total Material
     Flux                                 0.10769 +/- 0.000537474
     heating                              0 +/- 0
     damage-energy                        0 +/- 0
 Mesh Index (3, 2, 9)
   Total Material
     Flux                                 0.136313 +/- 0.000690487
     heating                              0 +/- 0
     damage-energy                        0 +/- 0
 Mesh Index (4, 2, 9)
   Total Material
     Flux                                 0.157022 +/- 0.000830061
     heating                              0 +/- 0
     damage-energy                        0 +/- 0
 Mesh Index (5, 2, 9)
   Total Material
     Flux                                 0.174298 +/- 0.000865949
     heating                              0 +/- 0
     damage-energy                        0 +/- 0
 Mesh Index (6, 2, 9)
   Total Material
     Flux                                 0.18978 +/- 0.000788758
     heating                              0 +/- 0
     damage-energy                        0 +/- 0
 Mesh Index (7, 2, 9)
   Total Material
     Flux                                 0.203234 +/- 0.000750938
     heating                              0 +/- 0
     damage-energy                        0 +/- 0
 Mesh Index (8, 2, 9)
   Total Material
     Flux                                 0.213711 +/- 0.000970998
     heating                              0 +/- 0
     damage-energy                        0 +/- 0
 Mesh Index (9, 2, 9)
   Total Material
     Flux                                 0.216264 +/- 0.00107743
     heating                              0 +/- 0
     damage-energy                        0 +/- 0
 Mesh Index (10, 2, 9)
   Total Material
     Flux                                 0.19953 +/- 0.00118085
     heating                              5427.91 +/- 38.5793
     damage-energy                        1102.2 +/- 7.02336
 Mesh Index (11, 2, 9)
   Total Material
     Flux                                 0.172638 +/- 0.0011232
     heating                              5882.16 +/- 47.0013
     damage-energy                        82.4779 +/- 0.704861
 Mesh Index (12, 2, 9)
   Total Material
     Flux                                 0.125715 +/- 0.000947914
     heating                              9931.23 +/- 83.2392
     damage-energy                        146.504 +/- 1.17852
 Mesh Index (13, 2, 9)
   Total Material
     Flux                                 0.080585 +/- 0.000717378
     heating                              6065.68 +/- 59.8008
     damage-energy                        89.4276 +/- 0.833631
 Mesh Index (14, 2, 9)
   Total Material
     Flux                                 0.0494529 +/- 0.000529027
     heating                              3648.9 +/- 45.1046
     damage-energy                        53.1949 +/- 0.622429
 Mesh Index (15, 2, 9)
   Total Material
     Flux                                 0.0261576 +/- 0.000448442
     heating                              1921.87 +/- 40.3834
     damage-energy                        27.5595 +/- 0.481239
 Mesh Index (16, 2, 9)
   Total Material
     Flux                                 0.0106797 +/- 0.000190689
     heating                              502.341 +/- 11.7223
     damage-energy                        7.50706 +/- 0.162249
 Mesh Index (17, 2, 9)
   Total Material
     Flux                                 0.00678409 +/- 0.000152835
     heating                              0 +/- 0
     damage-energy                        0 +/- 0
 Mesh Index (18, 2, 9)
   Total Material
     Flux                                 0.00637083 +/- 0.000160112
     heating                              0 +/- 0
     damage-energy                        0 +/- 0
 Mesh Index (19, 2, 9)
   Total Material
     Flux                                 0.00580925 +/- 0.000122235
     heating                              0 +/- 0
     damage-energy                        0 +/- 0
 Mesh Index (20, 2, 9)
   Total Material
     Flux                                 0.00519445 +/- 0.000117494
     heating                              0 +/- 0
     damage-energy                        0 +/- 0
 Mesh Index (21, 2, 9)
   Total Material
     Flux                                 0.00252797 +/- 6.88788e-05
     heating                              0 +/- 0
     damage-energy                        0 +/- 0
 Mesh Index (22, 2, 9)
   Total Material
     Flux                                 0.00165107 +/- 5.46014e-05
     heating                              0 +/- 0
     damage-energy                        0 +/- 0
 Mesh Index (23, 2, 9)
   Total Material
     Flux                                 0.00110212 +/- 5.63677e-05
     heating                              0 +/- 0
     damage-energy                        0 +/- 0
 Mesh Index (24, 2, 9)
   Total Material
     Flux                                 0.000742539 +/- 4.60924e-05
     heating                              0 +/- 0
     damage-energy                        0 +/- 0
 Mesh Index (1, 3, 9)
   Total Material
     Flux                                 0.07739 +/- 0.000653373
     heating                              0 +/- 0
     damage-energy                        0 +/- 0
 Mesh Index (2, 3, 9)
   Total Material
     Flux                                 0.107428 +/- 0.000767088
     heating                              0 +/- 0
     damage-energy                        0 +/- 0
 Mesh Index (3, 3, 9)
   Total Material
     Flux                                 0.138021 +/- 0.000606078
     heating                              0 +/- 0
     damage-energy                        0 +/- 0
 Mesh Index (4, 3, 9)
   Total Material
     Flux                                 0.157561 +/- 0.000703412
     heating                              0 +/- 0
     damage-energy                        0 +/- 0
 Mesh Index (5, 3, 9)
   Total Material
     Flux                                 0.173853 +/- 0.000684408
     heating                              0 +/- 0
     damage-energy                        0 +/- 0
 Mesh Index (6, 3, 9)
   Total Material
     Flux                                 0.18885 +/- 0.000945586
     heating                              0 +/- 0
     damage-energy                        0 +/- 0
 Mesh Index (7, 3, 9)
   Total Material
     Flux                                 0.201317 +/- 0.00101359
     heating                              0 +/- 0
     damage-energy                        0 +/- 0
 Mesh Index (8, 3, 9)
   Total Material
     Flux                                 0.213729 +/- 0.00104466
     heating                              0 +/- 0
     damage-energy                        0 +/- 0
 Mesh Index (9, 3, 9)
   Total Material
     Flux                                 0.21796 +/- 0.00124136
     heating                              0 +/- 0
     damage-energy                        0 +/- 0
 Mesh Index (10, 3, 9)
   Total Material
     Flux                                 0.203034 +/- 0.00120984
     heating                              5494.31 +/- 47.6421
     damage-energy                        1120.61 +/- 8.50569
 Mesh Index (11, 3, 9)
   Total Material
     Flux                                 0.172909 +/- 0.00102443
     heating                              5933.5 +/- 41.7701
     damage-energy                        82.8685 +/- 0.616251
 Mesh Index (12, 3, 9)
   Total Material
     Flux                                 0.127312 +/- 0.000962474
     heating                              10084.7 +/- 81.6895
     damage-energy                        147.288 +/- 1.29998
 Mesh Index (13, 3, 9)
   Total Material
     Flux                                 0.0812106 +/- 0.000750506
     heating                              6098.6 +/- 64.6738
     damage-energy                        90.3965 +/- 0.880408
 Mesh Index (14, 3, 9)
   Total Material
     Flux                                 0.0500537 +/- 0.000572763
     heating                              3690.02 +/- 43.2292
     damage-energy                        53.4532 +/- 0.602898
 Mesh Index (15, 3, 9)
   Total Material
     Flux                                 0.0276963 +/- 0.000421171
     heating                              2040.65 +/- 33.6365
     damage-energy                        28.5885 +/- 0.475842
 Mesh Index (16, 3, 9)
   Total Material
     Flux                                 0.0104162 +/- 0.00021105
     heating                              485.096 +/- 12.4755
     damage-energy                        7.35528 +/- 0.182355
 Mesh Index (17, 3, 9)
   Total Material
     Flux                                 0.00671304 +/- 0.000127146
     heating                              0 +/- 0
     damage-energy                        0 +/- 0
 Mesh Index (18, 3, 9)
   Total Material
     Flux                                 0.00614639 +/- 0.000137049
     heating                              0 +/- 0
     damage-energy                        0 +/- 0
 Mesh Index (19, 3, 9)
   Total Material
     Flux                                 0.00575775 +/- 0.000123974
     heating                              0 +/- 0
     damage-energy                        0 +/- 0
 Mesh Index (20, 3, 9)
   Total Material
     Flux                                 0.00566212 +/- 0.000149688
     heating                              0 +/- 0
     damage-energy                        0 +/- 0
 Mesh Index (21, 3, 9)
   Total Material
     Flux                                 0.00529692 +/- 0.000140112
     heating                              0 +/- 0
     damage-energy                        0 +/- 0
 Mesh Index (22, 3, 9)
   Total Material
     Flux                                 0.00440552 +/- 0.00012615
     heating                              0 +/- 0
     damage-energy                        0 +/- 0
 Mesh Index (23, 3, 9)
   Total Material
     Flux                                 0.00350063 +/- 0.000112734
     heating                              0 +/- 0
     damage-energy                        0 +/- 0
 Mesh Index (24, 3, 9)
   Total Material
     Flux                                 0.00269604 +/- 9.52328e-05
     heating                              0 +/- 0
     damage-energy                        0 +/- 0
 Mesh Index (1, 4, 9)
   Total Material
     Flux                                 0.076784 +/- 0.000617547
     heating                              0 +/- 0
     damage-energy                        0 +/- 0
 Mesh Index (2, 4, 9)
   Total Material
     Flux                                 0.107346 +/- 0.000677687
     heating                              0 +/- 0
     damage-energy                        0 +/- 0
 Mesh Index (3, 4, 9)
   Total Material
     Flux                                 0.138013 +/- 0.000706963
     heating                              0 +/- 0
     damage-energy                        0 +/- 0
 Mesh Index (4, 4, 9)
   Total Material
     Flux                                 0.157165 +/- 0.000827966
     heating                              0 +/- 0
     damage-energy                        0 +/- 0
 Mesh Index (5, 4, 9)
   Total Material
     Flux                                 0.173535 +/- 0.000706978
     heating                              0 +/- 0
     damage-energy                        0 +/- 0
 Mesh Index (6, 4, 9)
   Total Material
     Flux                                 0.188319 +/- 0.000920814
     heating                              0 +/- 0
     damage-energy                        0 +/- 0
 Mesh Index (7, 4, 9)
   Total Material
     Flux                                 0.201531 +/- 0.000942209
     heating                              0 +/- 0
     damage-energy                        0 +/- 0
 Mesh Index (8, 4, 9)
   Total Material
     Flux                                 0.213047 +/- 0.000920471
     heating                              0 +/- 0
     damage-energy                        0 +/- 0
 Mesh Index (9, 4, 9)
   Total Material
     Flux                                 0.216477 +/- 0.00103983
     heating                              0 +/- 0
     damage-energy                        0 +/- 0
 Mesh Index (10, 4, 9)
   Total Material
     Flux                                 0.200185 +/- 0.000909435
     heating                              5455.99 +/- 44.1658
     damage-energy                        1109.13 +/- 7.5723
 Mesh Index (11, 4, 9)
   Total Material
     Flux                                 0.174631 +/- 0.000861863
     heating                              5938.05 +/- 43.3525
     damage-energy                        83.1044 +/- 0.596401
 Mesh Index (12, 4, 9)
   Total Material
     Flux                                 0.126805 +/- 0.000763186
     heating                              9997.93 +/- 61.2191
     damage-energy                        146.464 +/- 1.11655
 Mesh Index (13, 4, 9)
   Total Material
     Flux                                 0.0811145 +/- 0.000600947
     heating                              6125.29 +/- 52.6777
     damage-energy                        89.0982 +/- 0.722265
 Mesh Index (14, 4, 9)
   Total Material
     Flux                                 0.0494768 +/- 0.000508375
     heating                              3664.04 +/- 45.8078
     damage-energy                        52.7909 +/- 0.666925
 Mesh Index (15, 4, 9)
   Total Material
     Flux                                 0.0272369 +/- 0.000434561
     heating                              1996.73 +/- 34.8846
     damage-energy                        28.6974 +/- 0.504107
 Mesh Index (16, 4, 9)
   Total Material
     Flux                                 0.0105362 +/- 0.00019881
     heating                              509.525 +/- 12.1249
     damage-energy                        7.48874 +/- 0.176623
 Mesh Index (17, 4, 9)
   Total Material
     Flux                                 0.00690204 +/- 0.000143312
     heating                              0 +/- 0
     damage-energy                        0 +/- 0
 Mesh Index (18, 4, 9)
   Total Material
     Flux                                 0.00627358 +/- 0.000122321
     heating                              0 +/- 0
     damage-energy                        0 +/- 0
 Mesh Index (19, 4, 9)
   Total Material
     Flux                                 0.00587344 +/- 0.000108217
     heating                              0 +/- 0
     damage-energy                        0 +/- 0
 Mesh Index (20, 4, 9)
   Total Material
     Flux                                 0.00514838 +/- 9.23031e-05
     heating                              0 +/- 0
     damage-energy                        0 +/- 0
 Mesh Index (21, 4, 9)
   Total Material
     Flux                                 0.00250037 +/- 8.38032e-05
     heating                              0 +/- 0
     damage-energy                        0 +/- 0
 Mesh Index (22, 4, 9)
   Total Material
     Flux                                 0.000881744 +/- 4.64685e-05
     heating                              0 +/- 0
     damage-energy                        0 +/- 0
 Mesh Index (23, 4, 9)
   Total Material
     Flux                                 8.13353e-05 +/- 9.01651e-06
     heating                              0 +/- 0
     damage-energy                        0 +/- 0
 Mesh Index (24, 4, 9)
   Total Material
     Flux                                 0 +/- 0
     heating                              0 +/- 0
     damage-energy                        0 +/- 0
 Mesh Index (1, 5, 9)
   Total Material
     Flux                                 0.0773355 +/- 0.000631009
     heating                              0 +/- 0
     damage-energy                        0 +/- 0
 Mesh Index (2, 5, 9)
   Total Material
     Flux                                 0.10752 +/- 0.000672293
     heating                              0 +/- 0
     damage-energy                        0 +/- 0
 Mesh Index (3, 5, 9)
   Total Material
     Flux                                 0.136818 +/- 0.000806546
     heating                              0 +/- 0
     damage-energy                        0 +/- 0
 Mesh Index (4, 5, 9)
   Total Material
     Flux                                 0.156634 +/- 0.000773227
     heating                              0 +/- 0
     damage-energy                        0 +/- 0
 Mesh Index (5, 5, 9)
   Total Material
     Flux                                 0.174618 +/- 0.000929637
     heating                              0 +/- 0
     damage-energy                        0 +/- 0
 Mesh Index (6, 5, 9)
   Total Material
     Flux                                 0.189066 +/- 0.000892209
     heating                              0 +/- 0
     damage-energy                        0 +/- 0
 Mesh Index (7, 5, 9)
   Total Material
     Flux                                 0.201952 +/- 0.000951773
     heating                              0 +/- 0
     damage-energy                        0 +/- 0
 Mesh Index (8, 5, 9)
   Total Material
     Flux                                 0.212918 +/- 0.000980815
     heating                              0 +/- 0
     damage-energy                        0 +/- 0
 Mesh Index (9, 5, 9)
   Total Material
     Flux                                 0.215018 +/- 0.000934575
     heating                              0 +/- 0
     damage-energy                        0 +/- 0
 Mesh Index (10, 5, 9)
   Total Material
     Flux                                 0.202819 +/- 0.000942113
     heating                              5482.66 +/- 40.1989
     damage-energy                        1116.24 +/- 6.38388
 Mesh Index (11, 5, 9)
   Total Material
     Flux                                 0.173981 +/- 0.0010853
     heating                              5889.93 +/- 45.4711
     damage-energy                        81.9333 +/- 0.725442
 Mesh Index (12, 5, 9)
   Total Material
     Flux                                 0.125325 +/- 0.00105104
     heating                              9861.53 +/- 85.8942
     damage-energy                        144.65 +/- 1.43489
 Mesh Index (13, 5, 9)
   Total Material
     Flux                                 0.0806125 +/- 0.00055894
     heating                              6038.54 +/- 50.4406
     damage-energy                        89.2676 +/- 0.714291
 Mesh Index (14, 5, 9)
   Total Material
     Flux                                 0.0494344 +/- 0.000530174
     heating                              3609.25 +/- 45.2924
     damage-energy                        52.658 +/- 0.616007
 Mesh Index (15, 5, 9)
   Total Material
     Flux                                 0.027345 +/- 0.000399449
     heating                              1971.74 +/- 35.4981
     damage-energy                        28.4342 +/- 0.445233
 Mesh Index (16, 5, 9)
   Total Material
     Flux                                 0.0101657 +/- 0.000194758
     heating                              468.412 +/- 12.6623
     damage-energy                        7.11084 +/- 0.16258
 Mesh Index (17, 5, 9)
   Total Material
     Flux                                 0.00689676 +/- 0.000111967
     heating                              0 +/- 0
     damage-energy                        0 +/- 0
 Mesh Index (18, 5, 9)
   Total Material
     Flux                                 0.00641305 +/- 0.000148898
     heating                              0 +/- 0
     damage-energy                        0 +/- 0
 Mesh Index (19, 5, 9)
   Total Material
     Flux                                 0.00586618 +/- 0.000120717
     heating                              0 +/- 0
     damage-energy                        0 +/- 0
 Mesh Index (20, 5, 9)
   Total Material
     Flux                                 0.00556177 +/- 0.000114952
     heating                              0 +/- 0
     damage-energy                        0 +/- 0
 Mesh Index (21, 5, 9)
   Total Material
     Flux                                 0.00491382 +/- 0.00011757
     heating                              0 +/- 0
     damage-energy                        0 +/- 0
 Mesh Index (22, 5, 9)
   Total Material
     Flux                                 0.0041097 +/- 0.000105689
     heating                              0 +/- 0
     damage-energy                        0 +/- 0
 Mesh Index (23, 5, 9)
   Total Material
     Flux                                 0.0035461 +/- 9.40154e-05
     heating                              0 +/- 0
     damage-energy                        0 +/- 0
 Mesh Index (24, 5, 9)
   Total Material
     Flux                                 0.00268088 +/- 8.06122e-05
     heating                              0 +/- 0
     damage-energy                        0 +/- 0
 Mesh Index (1, 6, 9)
   Total Material
     Flux                                 0.0776209 +/- 0.000474968
     heating                              0 +/- 0
     damage-energy                        0 +/- 0
 Mesh Index (2, 6, 9)
   Total Material
     Flux                                 0.108476 +/- 0.000573919
     heating                              0 +/- 0
     damage-energy                        0 +/- 0
 Mesh Index (3, 6, 9)
   Total Material
     Flux                                 0.139077 +/- 0.000754662
     heating                              0 +/- 0
     damage-energy                        0 +/- 0
 Mesh Index (4, 6, 9)
   Total Material
     Flux                                 0.158806 +/- 0.000947586
     heating                              0 +/- 0
     damage-energy                        0 +/- 0
 Mesh Index (5, 6, 9)
   Total Material
     Flux                                 0.175877 +/- 0.000848642
     heating                              0 +/- 0
     damage-energy                        0 +/- 0
 Mesh Index (6, 6, 9)
   Total Material
     Flux                                 0.190125 +/- 0.000974617
     heating                              0 +/- 0
     damage-energy                        0 +/- 0
 Mesh Index (7, 6, 9)
   Total Material
     Flux                                 0.202239 +/- 0.000968056
     heating                              0 +/- 0
     damage-energy                        0 +/- 0
 Mesh Index (8, 6, 9)
   Total Material
     Flux                                 0.212707 +/- 0.00102186
     heating                              0 +/- 0
     damage-energy                        0 +/- 0
 Mesh Index (9, 6, 9)
   Total Material
     Flux                                 0.216746 +/- 0.000959718
     heating                              0 +/- 0
     damage-energy                        0 +/- 0
 Mesh Index (10, 6, 9)
   Total Material
     Flux                                 0.20122 +/- 0.000796452
     heating                              5495.18 +/- 40.397
     damage-energy                        1116.98 +/- 5.99452
 Mesh Index (11, 6, 9)
   Total Material
     Flux                                 0.173439 +/- 0.00102493
     heating                              5883.58 +/- 45.936
     damage-energy                        82.8301 +/- 0.561287
 Mesh Index (12, 6, 9)
   Total Material
     Flux                                 0.126202 +/- 0.00086167
     heating                              9979.46 +/- 70.426
     damage-energy                        145.592 +/- 1.01957
 Mesh Index (13, 6, 9)
   Total Material
     Flux                                 0.0805153 +/- 0.000695359
     heating                              6047.1 +/- 61.6105
     damage-energy                        88.664 +/- 0.828317
 Mesh Index (14, 6, 9)
   Total Material
     Flux                                 0.0488053 +/- 0.000543903
     heating                              3576.02 +/- 44.7513
     damage-energy                        51.9907 +/- 0.671549
 Mesh Index (15, 6, 9)
   Total Material
     Flux                                 0.0274309 +/- 0.000422527
     heating                              2003.49 +/- 35.5865
     damage-energy                        28.195 +/- 0.502401
 Mesh Index (16, 6, 9)
   Total Material
     Flux                                 0.0100125 +/- 0.000173833
     heating                              483.273 +/- 11.5067
     damage-energy                        7.20623 +/- 0.135636
 Mesh Index (17, 6, 9)
   Total Material
     Flux                                 0.00649116 +/- 0.000140057
     heating                              0 +/- 0
     damage-energy                        0 +/- 0
 Mesh Index (18, 6, 9)
   Total Material
     Flux                                 0.00597089 +/- 0.000139928
     heating                              0 +/- 0
     damage-energy                        0 +/- 0
 Mesh Index (19, 6, 9)
   Total Material
     Flux                                 0.00585546 +/- 0.00012743
     heating                              0 +/- 0
     damage-energy                        0 +/- 0
 Mesh Index (20, 6, 9)
   Total Material
     Flux                                 0.00537014 +/- 0.000118921
     heating                              0 +/- 0
     damage-energy                        0 +/- 0
 Mesh Index (21, 6, 9)
   Total Material
     Flux                                 0.00269913 +/- 7.58873e-05
     heating                              0 +/- 0
     damage-energy                        0 +/- 0
 Mesh Index (22, 6, 9)
   Total Material
     Flux                                 0.00167531 +/- 7.64712e-05
     heating                              0 +/- 0
     damage-energy                        0 +/- 0
 Mesh Index (23, 6, 9)
   Total Material
     Flux                                 0.00114996 +/- 4.9268e-05
     heating                              0 +/- 0
     damage-energy                        0 +/- 0
 Mesh Index (24, 6, 9)
   Total Material
     Flux                                 0.000648958 +/- 3.47594e-05
     heating                              0 +/- 0
     damage-energy                        0 +/- 0
 Mesh Index (1, 7, 9)
   Total Material
     Flux                                 0.0764709 +/- 0.000525162
     heating                              0 +/- 0
     damage-energy                        0 +/- 0
 Mesh Index (2, 7, 9)
   Total Material
     Flux                                 0.107392 +/- 0.000659266
     heating                              0 +/- 0
     damage-energy                        0 +/- 0
 Mesh Index (3, 7, 9)
   Total Material
     Flux                                 0.136166 +/- 0.000768647
     heating                              0 +/- 0
     damage-energy                        0 +/- 0
 Mesh Index (4, 7, 9)
   Total Material
     Flux                                 0.157814 +/- 0.000756428
     heating                              0 +/- 0
     damage-energy                        0 +/- 0
 Mesh Index (5, 7, 9)
   Total Material
     Flux                                 0.175092 +/- 0.000821877
     heating                              0 +/- 0
     damage-energy                        0 +/- 0
 Mesh Index (6, 7, 9)
   Total Material
     Flux                                 0.189359 +/- 0.00086939
     heating                              0 +/- 0
     damage-energy                        0 +/- 0
 Mesh Index (7, 7, 9)
   Total Material
     Flux                                 0.203082 +/- 0.00111842
     heating                              0 +/- 0
     damage-energy                        0 +/- 0
 Mesh Index (8, 7, 9)
   Total Material
     Flux                                 0.213103 +/- 0.00106016
     heating                              0 +/- 0
     damage-energy                        0 +/- 0
 Mesh Index (9, 7, 9)
   Total Material
     Flux                                 0.214729 +/- 0.00114372
     heating                              0 +/- 0
     damage-energy                        0 +/- 0
 Mesh Index (10, 7, 9)
   Total Material
     Flux                                 0.200649 +/- 0.0012407
     heating                              5493.01 +/- 46.0963
     damage-energy                        1115.98 +/- 8.10914
 Mesh Index (11, 7, 9)
   Total Material
     Flux                                 0.172588 +/- 0.000978031
     heating                              5926.37 +/- 43.906
     damage-energy                        83.3937 +/- 0.629323
 Mesh Index (12, 7, 9)
   Total Material
     Flux                                 0.127312 +/- 0.000957314
     heating                              10051.7 +/- 85.5022
     damage-energy                        148.712 +/- 1.16555
 Mesh Index (13, 7, 9)
   Total Material
     Flux                                 0.080888 +/- 0.000662723
     heating                              6088.6 +/- 53.3846
     damage-energy                        89.9984 +/- 0.920583
 Mesh Index (14, 7, 9)
   Total Material
     Flux                                 0.0496935 +/- 0.00056229
     heating                              3683.29 +/- 48.0485
     damage-energy                        53.0674 +/- 0.619898
 Mesh Index (15, 7, 9)
   Total Material
     Flux                                 0.0276313 +/- 0.000442151
     heating                              2015.33 +/- 35.9916
     damage-energy                        28.2828 +/- 0.446417
 Mesh Index (16, 7, 9)
   Total Material
     Flux                                 0.0107014 +/- 0.000236354
     heating                              500.501 +/- 13.5488
     damage-energy                        7.47716 +/- 0.179102
 Mesh Index (17, 7, 9)
   Total Material
     Flux                                 0.00708691 +/- 0.000173684
     heating                              0 +/- 0
     damage-energy                        0 +/- 0
 Mesh Index (18, 7, 9)
   Total Material
     Flux                                 0.00644829 +/- 0.000157332
     heating                              0 +/- 0
     damage-energy                        0 +/- 0
 Mesh Index (19, 7, 9)
   Total Material
     Flux                                 0.00594379 +/- 0.000163287
     heating                              0 +/- 0
     damage-energy                        0 +/- 0
 Mesh Index (20, 7, 9)
   Total Material
     Flux                                 0.00544329 +/- 0.000151217
     heating                              0 +/- 0
     damage-energy                        0 +/- 0
 Mesh Index (21, 7, 9)
   Total Material
     Flux                                 0.00372827 +/- 0.000127005
     heating                              0 +/- 0
     damage-energy                        0 +/- 0
 Mesh Index (22, 7, 9)
   Total Material
     Flux                                 0.00277234 +/- 8.87312e-05
     heating                              0 +/- 0
     damage-energy                        0 +/- 0
 Mesh Index (23, 7, 9)
   Total Material
     Flux                                 0.00218974 +/- 7.65792e-05
     heating                              0 +/- 0
     damage-energy                        0 +/- 0
 Mesh Index (24, 7, 9)
   Total Material
     Flux                                 0.00178341 +/- 6.06512e-05
     heating                              0 +/- 0
     damage-energy                        0 +/- 0
 Mesh Index (1, 1, 10)
   Total Material
     Flux                                 0.0813062 +/- 0.000637089
     heating                              0 +/- 0
     damage-energy                        0 +/- 0
 Mesh Index (2, 1, 10)
   Total Material
     Flux                                 0.113744 +/- 0.000658189
     heating                              0 +/- 0
     damage-energy                        0 +/- 0
 Mesh Index (3, 1, 10)
   Total Material
     Flux                                 0.144235 +/- 0.000635794
     heating                              0 +/- 0
     damage-energy                        0 +/- 0
 Mesh Index (4, 1, 10)
   Total Material
     Flux                                 0.166125 +/- 0.000826701
     heating                              0 +/- 0
     damage-energy                        0 +/- 0
 Mesh Index (5, 1, 10)
   Total Material
     Flux                                 0.184009 +/- 0.0007525
     heating                              0 +/- 0
     damage-energy                        0 +/- 0
 Mesh Index (6, 1, 10)
   Total Material
     Flux                                 0.197428 +/- 0.000819411
     heating                              0 +/- 0
     damage-energy                        0 +/- 0
 Mesh Index (7, 1, 10)
   Total Material
     Flux                                 0.211469 +/- 0.00100423
     heating                              0 +/- 0
     damage-energy                        0 +/- 0
 Mesh Index (8, 1, 10)
   Total Material
     Flux                                 0.22161 +/- 0.000924711
     heating                              0 +/- 0
     damage-energy                        0 +/- 0
 Mesh Index (9, 1, 10)
   Total Material
     Flux                                 0.224151 +/- 0.00102254
     heating                              0 +/- 0
     damage-energy                        0 +/- 0
 Mesh Index (10, 1, 10)
   Total Material
     Flux                                 0.210131 +/- 0.0010592
     heating                              5905.86 +/- 41.0888
     damage-energy                        1193.8 +/- 7.25402
 Mesh Index (11, 1, 10)
   Total Material
     Flux                                 0.180924 +/- 0.00107411
     heating                              6098.04 +/- 48.4053
     damage-energy                        86.5222 +/- 0.626742
 Mesh Index (12, 1, 10)
   Total Material
     Flux                                 0.132652 +/- 0.00107698
     heating                              10414.8 +/- 86.5736
     damage-energy                        154.311 +/- 1.47003
 Mesh Index (13, 1, 10)
   Total Material
     Flux                                 0.0854679 +/- 0.000683013
     heating                              6419.62 +/- 56.1399
     damage-energy                        94.687 +/- 0.877905
 Mesh Index (14, 1, 10)
   Total Material
     Flux                                 0.0522635 +/- 0.00056774
     heating                              3864.59 +/- 51.3104
     damage-energy                        55.3094 +/- 0.647154
 Mesh Index (15, 1, 10)
   Total Material
     Flux                                 0.0284884 +/- 0.000407706
     heating                              2091.96 +/- 31.5959
     damage-energy                        29.5895 +/- 0.43125
 Mesh Index (16, 1, 10)
   Total Material
     Flux                                 0.0109392 +/- 0.000170827
     heating                              522.745 +/- 11.6101
     damage-energy                        7.72152 +/- 0.157331
 Mesh Index (17, 1, 10)
   Total Material
     Flux                                 0.00709773 +/- 0.000139673
     heating                              0 +/- 0
     damage-energy                        0 +/- 0
 Mesh Index (18, 1, 10)
   Total Material
     Flux                                 0.00650814 +/- 0.000118021
     heating                              0 +/- 0
     damage-energy                        0 +/- 0
 Mesh Index (19, 1, 10)
   Total Material
     Flux                                 0.00599544 +/- 0.000112735
     heating                              0 +/- 0
     damage-energy                        0 +/- 0
 Mesh Index (20, 1, 10)
   Total Material
     Flux                                 0.00556801 +/- 0.000115541
     heating                              0 +/- 0
     damage-energy                        0 +/- 0
 Mesh Index (21, 1, 10)
   Total Material
     Flux                                 0.00396595 +/- 8.06377e-05
     heating                              0 +/- 0
     damage-energy                        0 +/- 0
 Mesh Index (22, 1, 10)
   Total Material
     Flux                                 0.00293829 +/- 8.54793e-05
     heating                              0 +/- 0
     damage-energy                        0 +/- 0
 Mesh Index (23, 1, 10)
   Total Material
     Flux                                 0.00240092 +/- 7.93201e-05
     heating                              0 +/- 0
     damage-energy                        0 +/- 0
 Mesh Index (24, 1, 10)
   Total Material
     Flux                                 0.00195642 +/- 7.68915e-05
     heating                              0 +/- 0
     damage-energy                        0 +/- 0
 Mesh Index (1, 2, 10)
   Total Material
     Flux                                 0.0803259 +/- 0.000555482
     heating                              0 +/- 0
     damage-energy                        0 +/- 0
 Mesh Index (2, 2, 10)
   Total Material
     Flux                                 0.111603 +/- 0.000604934
     heating                              0 +/- 0
     damage-energy                        0 +/- 0
 Mesh Index (3, 2, 10)
   Total Material
     Flux                                 0.143812 +/- 0.000823259
     heating                              0 +/- 0
     damage-energy                        0 +/- 0
 Mesh Index (4, 2, 10)
   Total Material
     Flux                                 0.167402 +/- 0.000807987
     heating                              0 +/- 0
     damage-energy                        0 +/- 0
 Mesh Index (5, 2, 10)
   Total Material
     Flux                                 0.184584 +/- 0.000825229
     heating                              0 +/- 0
     damage-energy                        0 +/- 0
 Mesh Index (6, 2, 10)
   Total Material
     Flux                                 0.198656 +/- 0.000645287
     heating                              0 +/- 0
     damage-energy                        0 +/- 0
 Mesh Index (7, 2, 10)
   Total Material
     Flux                                 0.21424 +/- 0.000940843
     heating                              0 +/- 0
     damage-energy                        0 +/- 0
 Mesh Index (8, 2, 10)
   Total Material
     Flux                                 0.223897 +/- 0.00106217
     heating                              0 +/- 0
     damage-energy                        0 +/- 0
 Mesh Index (9, 2, 10)
   Total Material
     Flux                                 0.226128 +/- 0.000960327
     heating                              0 +/- 0
     damage-energy                        0 +/- 0
 Mesh Index (10, 2, 10)
   Total Material
     Flux                                 0.210244 +/- 0.000936936
     heating                              5926.35 +/- 40.1009
     damage-energy                        1196.92 +/- 7.03734
 Mesh Index (11, 2, 10)
   Total Material
     Flux                                 0.179389 +/- 0.00108599
     heating                              6110.83 +/- 42.6997
     damage-energy                        86.991 +/- 0.653743
 Mesh Index (12, 2, 10)
   Total Material
     Flux                                 0.131225 +/- 0.000911285
     heating                              10306.7 +/- 80.6697
     damage-energy                        153.775 +/- 1.21437
 Mesh Index (13, 2, 10)
   Total Material
     Flux                                 0.0850283 +/- 0.000803804
     heating                              6347.59 +/- 69.1702
     damage-energy                        94.8706 +/- 0.929782
 Mesh Index (14, 2, 10)
   Total Material
     Flux                                 0.0514411 +/- 0.000599439
     heating                              3769.76 +/- 50.5727
     damage-energy                        55.0651 +/- 0.620337
 Mesh Index (15, 2, 10)
   Total Material
     Flux                                 0.0284015 +/- 0.000384087
     heating                              2062.72 +/- 31.893
     damage-energy                        29.6473 +/- 0.422011
 Mesh Index (16, 2, 10)
   Total Material
     Flux                                 0.011154 +/- 0.000218709
     heating                              525.082 +/- 11.5753
     damage-energy                        7.79607 +/- 0.166544
 Mesh Index (17, 2, 10)
   Total Material
     Flux                                 0.00714749 +/- 0.000147401
     heating                              0 +/- 0
     damage-energy                        0 +/- 0
 Mesh Index (18, 2, 10)
   Total Material
     Flux                                 0.00674056 +/- 0.000148467
     heating                              0 +/- 0
     damage-energy                        0 +/- 0
 Mesh Index (19, 2, 10)
   Total Material
     Flux                                 0.00602182 +/- 0.000138979
     heating                              0 +/- 0
     damage-energy                        0 +/- 0
 Mesh Index (20, 2, 10)
   Total Material
     Flux                                 0.00518117 +/- 0.000100842
     heating                              0 +/- 0
     damage-energy                        0 +/- 0
 Mesh Index (21, 2, 10)
   Total Material
     Flux                                 0.00265964 +/- 7.68026e-05
     heating                              0 +/- 0
     damage-energy                        0 +/- 0
 Mesh Index (22, 2, 10)
   Total Material
     Flux                                 0.00187098 +/- 6.88769e-05
     heating                              0 +/- 0
     damage-energy                        0 +/- 0
 Mesh Index (23, 2, 10)
   Total Material
     Flux                                 0.00126598 +/- 5.30904e-05
     heating                              0 +/- 0
     damage-energy                        0 +/- 0
 Mesh Index (24, 2, 10)
   Total Material
     Flux                                 0.000804225 +/- 4.56718e-05
     heating                              0 +/- 0
     damage-energy                        0 +/- 0
 Mesh Index (1, 3, 10)
   Total Material
     Flux                                 0.0805032 +/- 0.000614241
     heating                              0 +/- 0
     damage-energy                        0 +/- 0
 Mesh Index (2, 3, 10)
   Total Material
     Flux                                 0.113163 +/- 0.000660233
     heating                              0 +/- 0
     damage-energy                        0 +/- 0
 Mesh Index (3, 3, 10)
   Total Material
     Flux                                 0.145165 +/- 0.00076487
     heating                              0 +/- 0
     damage-energy                        0 +/- 0
 Mesh Index (4, 3, 10)
   Total Material
     Flux                                 0.165607 +/- 0.000785679
     heating                              0 +/- 0
     damage-energy                        0 +/- 0
 Mesh Index (5, 3, 10)
   Total Material
     Flux                                 0.18324 +/- 0.000686284
     heating                              0 +/- 0
     damage-energy                        0 +/- 0
 Mesh Index (6, 3, 10)
   Total Material
     Flux                                 0.197989 +/- 0.000838339
     heating                              0 +/- 0
     damage-energy                        0 +/- 0
 Mesh Index (7, 3, 10)
   Total Material
     Flux                                 0.213185 +/- 0.000637949
     heating                              0 +/- 0
     damage-energy                        0 +/- 0
 Mesh Index (8, 3, 10)
   Total Material
     Flux                                 0.2231 +/- 0.0010601
     heating                              0 +/- 0
     damage-energy                        0 +/- 0
 Mesh Index (9, 3, 10)
   Total Material
     Flux                                 0.224154 +/- 0.000958952
     heating                              0 +/- 0
     damage-energy                        0 +/- 0
 Mesh Index (10, 3, 10)
   Total Material
     Flux                                 0.211055 +/- 0.00100981
     heating                              5864.25 +/- 51.1003
     damage-energy                        1190.21 +/- 8.09598
 Mesh Index (11, 3, 10)
   Total Material
     Flux                                 0.179039 +/- 0.00114243
     heating                              6059.61 +/- 55.0491
     damage-energy                        86.7108 +/- 0.770668
 Mesh Index (12, 3, 10)
   Total Material
     Flux                                 0.13133 +/- 0.000941694
     heating                              10304.6 +/- 87.0602
     damage-energy                        152.944 +/- 1.17202
 Mesh Index (13, 3, 10)
   Total Material
     Flux                                 0.0851601 +/- 0.000730574
     heating                              6360.55 +/- 61.3292
     damage-energy                        94.8953 +/- 0.948356
 Mesh Index (14, 3, 10)
   Total Material
     Flux                                 0.0520965 +/- 0.00070931
     heating                              3894.87 +/- 59.6867
     damage-energy                        55.5848 +/- 0.814987
 Mesh Index (15, 3, 10)
   Total Material
     Flux                                 0.0284033 +/- 0.00047843
     heating                              2062.05 +/- 41.4834
     damage-energy                        29.7352 +/- 0.503242
 Mesh Index (16, 3, 10)
   Total Material
     Flux                                 0.0108726 +/- 0.000187525
     heating                              514.437 +/- 12.8648
     damage-energy                        7.56279 +/- 0.172245
 Mesh Index (17, 3, 10)
   Total Material
     Flux                                 0.0071852 +/- 0.000132812
     heating                              0 +/- 0
     damage-energy                        0 +/- 0
 Mesh Index (18, 3, 10)
   Total Material
     Flux                                 0.00686094 +/- 0.000139257
     heating                              0 +/- 0
     damage-energy                        0 +/- 0
 Mesh Index (19, 3, 10)
   Total Material
     Flux                                 0.00641082 +/- 0.000164597
     heating                              0 +/- 0
     damage-energy                        0 +/- 0
 Mesh Index (20, 3, 10)
   Total Material
     Flux                                 0.00571212 +/- 0.00013743
     heating                              0 +/- 0
     damage-energy                        0 +/- 0
 Mesh Index (21, 3, 10)
   Total Material
     Flux                                 0.00518409 +/- 0.000120976
     heating                              0 +/- 0
     damage-energy                        0 +/- 0
 Mesh Index (22, 3, 10)
   Total Material
     Flux                                 0.00407737 +/- 0.000108364
     heating                              0 +/- 0
     damage-energy                        0 +/- 0
 Mesh Index (23, 3, 10)
   Total Material
     Flux                                 0.00349069 +/- 9.45197e-05
     heating                              0 +/- 0
     damage-energy                        0 +/- 0
 Mesh Index (24, 3, 10)
   Total Material
     Flux                                 0.00260304 +/- 8.14417e-05
     heating                              0 +/- 0
     damage-energy                        0 +/- 0
 Mesh Index (1, 4, 10)
   Total Material
     Flux                                 0.0793335 +/- 0.00049127
     heating                              0 +/- 0
     damage-energy                        0 +/- 0
 Mesh Index (2, 4, 10)
   Total Material
     Flux                                 0.112728 +/- 0.000627811
     heating                              0 +/- 0
     damage-energy                        0 +/- 0
 Mesh Index (3, 4, 10)
   Total Material
     Flux                                 0.144975 +/- 0.000725541
     heating                              0 +/- 0
     damage-energy                        0 +/- 0
 Mesh Index (4, 4, 10)
   Total Material
     Flux                                 0.165487 +/- 0.000703103
     heating                              0 +/- 0
     damage-energy                        0 +/- 0
 Mesh Index (5, 4, 10)
   Total Material
     Flux                                 0.183205 +/- 0.00078872
     heating                              0 +/- 0
     damage-energy                        0 +/- 0
 Mesh Index (6, 4, 10)
   Total Material
     Flux                                 0.198783 +/- 0.000861184
     heating                              0 +/- 0
     damage-energy                        0 +/- 0
 Mesh Index (7, 4, 10)
   Total Material
     Flux                                 0.212722 +/- 0.000875063
     heating                              0 +/- 0
     damage-energy                        0 +/- 0
 Mesh Index (8, 4, 10)
   Total Material
     Flux                                 0.223308 +/- 0.00100493
     heating                              0 +/- 0
     damage-energy                        0 +/- 0
 Mesh Index (9, 4, 10)
   Total Material
     Flux                                 0.225671 +/- 0.000962106
     heating                              0 +/- 0
     damage-energy                        0 +/- 0
 Mesh Index (10, 4, 10)
   Total Material
     Flux                                 0.210138 +/- 0.00110825
     heating                              5900.69 +/- 48.3539
     damage-energy                        1191.74 +/- 8.26972
 Mesh Index (11, 4, 10)
   Total Material
     Flux                                 0.180036 +/- 0.00100817
     heating                              6083.58 +/- 48.9888
     damage-energy                        86.8892 +/- 0.693168
 Mesh Index (12, 4, 10)
   Total Material
     Flux                                 0.131965 +/- 0.00103046
     heating                              10301.9 +/- 88.3224
     damage-energy                        153.125 +/- 1.3137
 Mesh Index (13, 4, 10)
   Total Material
     Flux                                 0.0846718 +/- 0.000660529
     heating                              6375.57 +/- 55.9104
     damage-energy                        93.3626 +/- 0.819655
 Mesh Index (14, 4, 10)
   Total Material
     Flux                                 0.0515235 +/- 0.000536808
     heating                              3766.18 +/- 42.0331
     damage-energy                        55.117 +/- 0.720476
 Mesh Index (15, 4, 10)
   Total Material
     Flux                                 0.0283036 +/- 0.000397048
     heating                              2062.22 +/- 36.8258
     damage-energy                        29.3402 +/- 0.488363
 Mesh Index (16, 4, 10)
   Total Material
     Flux                                 0.010676 +/- 0.000166834
     heating                              495.131 +/- 11.7836
     damage-energy                        7.40027 +/- 0.159059
 Mesh Index (17, 4, 10)
   Total Material
     Flux                                 0.0070917 +/- 0.000123233
     heating                              0 +/- 0
     damage-energy                        0 +/- 0
 Mesh Index (18, 4, 10)
   Total Material
     Flux                                 0.00648199 +/- 0.000141756
     heating                              0 +/- 0
     damage-energy                        0 +/- 0
 Mesh Index (19, 4, 10)
   Total Material
     Flux                                 0.00594886 +/- 0.000150877
     heating                              0 +/- 0
     damage-energy                        0 +/- 0
 Mesh Index (20, 4, 10)
   Total Material
     Flux                                 0.00554047 +/- 0.000124245
     heating                              0 +/- 0
     damage-energy                        0 +/- 0
 Mesh Index (21, 4, 10)
   Total Material
     Flux                                 0.00263793 +/- 0.000102577
     heating                              0 +/- 0
     damage-energy                        0 +/- 0
 Mesh Index (22, 4, 10)
   Total Material
     Flux                                 0.000922894 +/- 5.20194e-05
     heating                              0 +/- 0
     damage-energy                        0 +/- 0
 Mesh Index (23, 4, 10)
   Total Material
     Flux                                 7.12627e-05 +/- 6.62975e-06
     heating                              0 +/- 0
     damage-energy                        0 +/- 0
 Mesh Index (24, 4, 10)
   Total Material
     Flux                                 0 +/- 0
     heating                              0 +/- 0
     damage-energy                        0 +/- 0
 Mesh Index (1, 5, 10)
   Total Material
     Flux                                 0.080701 +/- 0.000553778
     heating                              0 +/- 0
     damage-energy                        0 +/- 0
 Mesh Index (2, 5, 10)
   Total Material
     Flux                                 0.112773 +/- 0.000641522
     heating                              0 +/- 0
     damage-energy                        0 +/- 0
 Mesh Index (3, 5, 10)
   Total Material
     Flux                                 0.144181 +/- 0.000716853
     heating                              0 +/- 0
     damage-energy                        0 +/- 0
 Mesh Index (4, 5, 10)
   Total Material
     Flux                                 0.165562 +/- 0.000818717
     heating                              0 +/- 0
     damage-energy                        0 +/- 0
 Mesh Index (5, 5, 10)
   Total Material
     Flux                                 0.184146 +/- 0.00072621
     heating                              0 +/- 0
     damage-energy                        0 +/- 0
 Mesh Index (6, 5, 10)
   Total Material
     Flux                                 0.199033 +/- 0.000923665
     heating                              0 +/- 0
     damage-energy                        0 +/- 0
 Mesh Index (7, 5, 10)
   Total Material
     Flux                                 0.212941 +/- 0.000823394
     heating                              0 +/- 0
     damage-energy                        0 +/- 0
 Mesh Index (8, 5, 10)
   Total Material
     Flux                                 0.223038 +/- 0.00101032
     heating                              0 +/- 0
     damage-energy                        0 +/- 0
 Mesh Index (9, 5, 10)
   Total Material
     Flux                                 0.224617 +/- 0.00101263
     heating                              0 +/- 0
     damage-energy                        0 +/- 0
 Mesh Index (10, 5, 10)
   Total Material
     Flux                                 0.211452 +/- 0.00110115
     heating                              5929.88 +/- 39.4377
     damage-energy                        1196.44 +/- 6.6671
 Mesh Index (11, 5, 10)
   Total Material
     Flux                                 0.182975 +/- 0.0010186
     heating                              6213.08 +/- 44.9584
     damage-energy                        88.5093 +/- 0.648314
 Mesh Index (12, 5, 10)
   Total Material
     Flux                                 0.132641 +/- 0.00092925
     heating                              10430.9 +/- 75.405
     damage-energy                        155.22 +/- 1.10887
 Mesh Index (13, 5, 10)
   Total Material
     Flux                                 0.08493 +/- 0.000710489
     heating                              6382.64 +/- 58.0311
     damage-energy                        94.0262 +/- 0.750212
 Mesh Index (14, 5, 10)
   Total Material
     Flux                                 0.0519381 +/- 0.000557496
     heating                              3823.19 +/- 43.5145
     damage-energy                        55.406 +/- 0.66517
 Mesh Index (15, 5, 10)
   Total Material
     Flux                                 0.0291799 +/- 0.000403151
     heating                              2120.31 +/- 32.7659
     damage-energy                        30.2613 +/- 0.451368
 Mesh Index (16, 5, 10)
   Total Material
     Flux                                 0.0109861 +/- 0.000237031
     heating                              510.815 +/- 12.9305
     damage-energy                        7.71621 +/- 0.193047
 Mesh Index (17, 5, 10)
   Total Material
     Flux                                 0.0072394 +/- 0.000147833
     heating                              0 +/- 0
     damage-energy                        0 +/- 0
 Mesh Index (18, 5, 10)
   Total Material
     Flux                                 0.00666086 +/- 0.000134403
     heating                              0 +/- 0
     damage-energy                        0 +/- 0
 Mesh Index (19, 5, 10)
   Total Material
     Flux                                 0.00606474 +/- 0.000130411
     heating                              0 +/- 0
     damage-energy                        0 +/- 0
 Mesh Index (20, 5, 10)
   Total Material
     Flux                                 0.00581335 +/- 0.000131539
     heating                              0 +/- 0
     damage-energy                        0 +/- 0
 Mesh Index (21, 5, 10)
   Total Material
     Flux                                 0.00535924 +/- 0.000132374
     heating                              0 +/- 0
     damage-energy                        0 +/- 0
 Mesh Index (22, 5, 10)
   Total Material
     Flux                                 0.00431422 +/- 0.000128796
     heating                              0 +/- 0
     damage-energy                        0 +/- 0
 Mesh Index (23, 5, 10)
   Total Material
     Flux                                 0.00334381 +/- 0.000111681
     heating                              0 +/- 0
     damage-energy                        0 +/- 0
 Mesh Index (24, 5, 10)
   Total Material
     Flux                                 0.00255721 +/- 8.17071e-05
     heating                              0 +/- 0
     damage-energy                        0 +/- 0
 Mesh Index (1, 6, 10)
   Total Material
     Flux                                 0.0800729 +/- 0.000532803
     heating                              0 +/- 0
     damage-energy                        0 +/- 0
 Mesh Index (2, 6, 10)
   Total Material
     Flux                                 0.113058 +/- 0.000674751
     heating                              0 +/- 0
     damage-energy                        0 +/- 0
 Mesh Index (3, 6, 10)
   Total Material
     Flux                                 0.142941 +/- 0.000668051
     heating                              0 +/- 0
     damage-energy                        0 +/- 0
 Mesh Index (4, 6, 10)
   Total Material
     Flux                                 0.166151 +/- 0.000816757
     heating                              0 +/- 0
     damage-energy                        0 +/- 0
 Mesh Index (5, 6, 10)
   Total Material
     Flux                                 0.184045 +/- 0.000879402
     heating                              0 +/- 0
     damage-energy                        0 +/- 0
 Mesh Index (6, 6, 10)
   Total Material
     Flux                                 0.199792 +/- 0.000809934
     heating                              0 +/- 0
     damage-energy                        0 +/- 0
 Mesh Index (7, 6, 10)
   Total Material
     Flux                                 0.213145 +/- 0.000877961
     heating                              0 +/- 0
     damage-energy                        0 +/- 0
 Mesh Index (8, 6, 10)
   Total Material
     Flux                                 0.222881 +/- 0.000836984
     heating                              0 +/- 0
     damage-energy                        0 +/- 0
 Mesh Index (9, 6, 10)
   Total Material
     Flux                                 0.224737 +/- 0.000903891
     heating                              0 +/- 0
     damage-energy                        0 +/- 0
 Mesh Index (10, 6, 10)
   Total Material
     Flux                                 0.210927 +/- 0.000982092
     heating                              5844.64 +/- 39.6578
     damage-energy                        1185.39 +/- 7.0598
 Mesh Index (11, 6, 10)
   Total Material
     Flux                                 0.180832 +/- 0.000913483
     heating                              6132.39 +/- 40.3986
     damage-energy                        87.4735 +/- 0.601503
 Mesh Index (12, 6, 10)
   Total Material
     Flux                                 0.132836 +/- 0.000949447
     heating                              10497.8 +/- 77.0059
     damage-energy                        154.464 +/- 1.19434
 Mesh Index (13, 6, 10)
   Total Material
     Flux                                 0.0845033 +/- 0.00076654
     heating                              6296.96 +/- 60.4017
     damage-energy                        94.1326 +/- 0.846101
 Mesh Index (14, 6, 10)
   Total Material
     Flux                                 0.051585 +/- 0.000572928
     heating                              3764.6 +/- 46.4205
     damage-energy                        55.31 +/- 0.661645
 Mesh Index (15, 6, 10)
   Total Material
     Flux                                 0.0277931 +/- 0.000457641
     heating                              2013.28 +/- 41.8982
     damage-energy                        29.3684 +/- 0.542207
 Mesh Index (16, 6, 10)
   Total Material
     Flux                                 0.0103387 +/- 0.000212809
     heating                              489.429 +/- 13.699
     damage-energy                        7.27136 +/- 0.205401
 Mesh Index (17, 6, 10)
   Total Material
     Flux                                 0.00699489 +/- 0.000177055
     heating                              0 +/- 0
     damage-energy                        0 +/- 0
 Mesh Index (18, 6, 10)
   Total Material
     Flux                                 0.00617095 +/- 0.000125585
     heating                              0 +/- 0
     damage-energy                        0 +/- 0
 Mesh Index (19, 6, 10)
   Total Material
     Flux                                 0.00587342 +/- 0.00012877
     heating                              0 +/- 0
     damage-energy                        0 +/- 0
 Mesh Index (20, 6, 10)
   Total Material
     Flux                                 0.0053994 +/- 0.000131523
     heating                              0 +/- 0
     damage-energy                        0 +/- 0
 Mesh Index (21, 6, 10)
   Total Material
     Flux                                 0.00276856 +/- 9.62933e-05
     heating                              0 +/- 0
     damage-energy                        0 +/- 0
 Mesh Index (22, 6, 10)
   Total Material
     Flux                                 0.00186508 +/- 7.54194e-05
     heating                              0 +/- 0
     damage-energy                        0 +/- 0
 Mesh Index (23, 6, 10)
   Total Material
     Flux                                 0.00122809 +/- 5.36761e-05
     heating                              0 +/- 0
     damage-energy                        0 +/- 0
 Mesh Index (24, 6, 10)
   Total Material
     Flux                                 0.000753581 +/- 4.899e-05
     heating                              0 +/- 0
     damage-energy                        0 +/- 0
 Mesh Index (1, 7, 10)
   Total Material
     Flux                                 0.0804449 +/- 0.000533163
     heating                              0 +/- 0
     damage-energy                        0 +/- 0
 Mesh Index (2, 7, 10)
   Total Material
     Flux                                 0.112889 +/- 0.000724092
     heating                              0 +/- 0
     damage-energy                        0 +/- 0
 Mesh Index (3, 7, 10)
   Total Material
     Flux                                 0.142987 +/- 0.000751776
     heating                              0 +/- 0
     damage-energy                        0 +/- 0
 Mesh Index (4, 7, 10)
   Total Material
     Flux                                 0.166506 +/- 0.00090903
     heating                              0 +/- 0
     damage-energy                        0 +/- 0
 Mesh Index (5, 7, 10)
   Total Material
     Flux                                 0.18505 +/- 0.000926507
     heating                              0 +/- 0
     damage-energy                        0 +/- 0
 Mesh Index (6, 7, 10)
   Total Material
     Flux                                 0.199863 +/- 0.000930408
     heating                              0 +/- 0
     damage-energy                        0 +/- 0
 Mesh Index (7, 7, 10)
   Total Material
     Flux                                 0.213082 +/- 0.00113717
     heating                              0 +/- 0
     damage-energy                        0 +/- 0
 Mesh Index (8, 7, 10)
   Total Material
     Flux                                 0.222413 +/- 0.00086783
     heating                              0 +/- 0
     damage-energy                        0 +/- 0
 Mesh Index (9, 7, 10)
   Total Material
     Flux                                 0.223296 +/- 0.000986277
     heating                              0 +/- 0
     damage-energy                        0 +/- 0
 Mesh Index (10, 7, 10)
   Total Material
     Flux                                 0.210782 +/- 0.00120451
     heating                              6012.55 +/- 42.8974
     damage-energy                        1207.55 +/- 7.47041
 Mesh Index (11, 7, 10)
   Total Material
     Flux                                 0.180738 +/- 0.00121683
     heating                              6189.34 +/- 54.4272
     damage-energy                        87.9683 +/- 0.706642
 Mesh Index (12, 7, 10)
   Total Material
     Flux                                 0.1328 +/- 0.000938639
     heating                              10427.7 +/- 81.8412
     damage-energy                        155.058 +/- 1.31035
 Mesh Index (13, 7, 10)
   Total Material
     Flux                                 0.0866599 +/- 0.000820284
     heating                              6539.55 +/- 63.7676
     damage-energy                        96.2603 +/- 1.07261
 Mesh Index (14, 7, 10)
   Total Material
     Flux                                 0.0524491 +/- 0.000491423
     heating                              3892.3 +/- 43.2512
     damage-energy                        55.6556 +/- 0.623558
 Mesh Index (15, 7, 10)
   Total Material
     Flux                                 0.0291948 +/- 0.000434004
     heating                              2144.96 +/- 38.3209
     damage-energy                        30.2932 +/- 0.500314
 Mesh Index (16, 7, 10)
   Total Material
     Flux                                 0.011003 +/- 0.000215375
     heating                              512.436 +/- 13.6418
     damage-energy                        7.72293 +/- 0.190973
 Mesh Index (17, 7, 10)
   Total Material
     Flux                                 0.00731228 +/- 0.000158704
     heating                              0 +/- 0
     damage-energy                        0 +/- 0
 Mesh Index (18, 7, 10)
   Total Material
     Flux                                 0.00685203 +/- 0.000147311
     heating                              0 +/- 0
     damage-energy                        0 +/- 0
 Mesh Index (19, 7, 10)
   Total Material
     Flux                                 0.00626464 +/- 0.000135374
     heating                              0 +/- 0
     damage-energy                        0 +/- 0
 Mesh Index (20, 7, 10)
   Total Material
     Flux                                 0.00570993 +/- 0.000144354
     heating                              0 +/- 0
     damage-energy                        0 +/- 0
 Mesh Index (21, 7, 10)
   Total Material
     Flux                                 0.00396243 +/- 0.000106187
     heating                              0 +/- 0
     damage-energy                        0 +/- 0
 Mesh Index (22, 7, 10)
   Total Material
     Flux                                 0.00300019 +/- 8.99006e-05
     heating                              0 +/- 0
     damage-energy                        0 +/- 0
 Mesh Index (23, 7, 10)
   Total Material
     Flux                                 0.00247369 +/- 7.65714e-05
     heating                              0 +/- 0
     damage-energy                        0 +/- 0
 Mesh Index (24, 7, 10)
   Total Material
     Flux                                 0.0019481 +/- 7.57082e-05
     heating                              0 +/- 0
     damage-energy                        0 +/- 0
 Mesh Index (1, 1, 11)
   Total Material
     Flux                                 0.0819563 +/- 0.000538288
     heating                              0 +/- 0
     damage-energy                        0 +/- 0
 Mesh Index (2, 1, 11)
   Total Material
     Flux                                 0.116803 +/- 0.0006019
     heating                              0 +/- 0
     damage-energy                        0 +/- 0
 Mesh Index (3, 1, 11)
   Total Material
     Flux                                 0.148686 +/- 0.000897447
     heating                              0 +/- 0
     damage-energy                        0 +/- 0
 Mesh Index (4, 1, 11)
   Total Material
     Flux                                 0.170441 +/- 0.000902985
     heating                              0 +/- 0
     damage-energy                        0 +/- 0
 Mesh Index (5, 1, 11)
   Total Material
     Flux                                 0.189869 +/- 0.000815745
     heating                              0 +/- 0
     damage-energy                        0 +/- 0
 Mesh Index (6, 1, 11)
   Total Material
     Flux                                 0.203377 +/- 0.000895259
     heating                              0 +/- 0
     damage-energy                        0 +/- 0
 Mesh Index (7, 1, 11)
   Total Material
     Flux                                 0.215803 +/- 0.000945594
     heating                              0 +/- 0
     damage-energy                        0 +/- 0
 Mesh Index (8, 1, 11)
   Total Material
     Flux                                 0.226351 +/- 0.00104221
     heating                              0 +/- 0
     damage-energy                        0 +/- 0
 Mesh Index (9, 1, 11)
   Total Material
     Flux                                 0.228991 +/- 0.00101283
     heating                              0 +/- 0
     damage-energy                        0 +/- 0
 Mesh Index (10, 1, 11)
   Total Material
     Flux                                 0.215059 +/- 0.00102149
     heating                              6200.13 +/- 43.8878
     damage-energy                        1242.63 +/- 7.61333
 Mesh Index (11, 1, 11)
   Total Material
     Flux                                 0.184732 +/- 0.000949439
     heating                              6266.89 +/- 44.2945
     damage-energy                        90.3537 +/- 0.610084
 Mesh Index (12, 1, 11)
   Total Material
     Flux                                 0.136135 +/- 0.000948243
     heating                              10680.3 +/- 79.889
     damage-energy                        158.728 +/- 1.28576
 Mesh Index (13, 1, 11)
   Total Material
     Flux                                 0.0876057 +/- 0.000667602
     heating                              6620.67 +/- 57.2335
     damage-energy                        97.6789 +/- 0.806331
 Mesh Index (14, 1, 11)
   Total Material
     Flux                                 0.0540063 +/- 0.000592351
     heating                              3963.54 +/- 51.1608
     damage-energy                        58.1722 +/- 0.701863
 Mesh Index (15, 1, 11)
   Total Material
     Flux                                 0.0293118 +/- 0.000427259
     heating                              2131.24 +/- 33.2174
     damage-energy                        30.5708 +/- 0.497623
 Mesh Index (16, 1, 11)
   Total Material
     Flux                                 0.0116832 +/- 0.000187321
     heating                              560.125 +/- 10.9158
     damage-energy                        8.25301 +/- 0.16072
 Mesh Index (17, 1, 11)
   Total Material
     Flux                                 0.00749645 +/- 0.000141152
     heating                              0 +/- 0
     damage-energy                        0 +/- 0
 Mesh Index (18, 1, 11)
   Total Material
     Flux                                 0.00687181 +/- 0.00016502
     heating                              0 +/- 0
     damage-energy                        0 +/- 0
 Mesh Index (19, 1, 11)
   Total Material
     Flux                                 0.006378 +/- 0.000138331
     heating                              0 +/- 0
     damage-energy                        0 +/- 0
 Mesh Index (20, 1, 11)
   Total Material
     Flux                                 0.00582906 +/- 0.000123442
     heating                              0 +/- 0
     damage-energy                        0 +/- 0
 Mesh Index (21, 1, 11)
   Total Material
     Flux                                 0.00408707 +/- 9.3277e-05
     heating                              0 +/- 0
     damage-energy                        0 +/- 0
 Mesh Index (22, 1, 11)
   Total Material
     Flux                                 0.00317642 +/- 7.73133e-05
     heating                              0 +/- 0
     damage-energy                        0 +/- 0
 Mesh Index (23, 1, 11)
   Total Material
     Flux                                 0.00241713 +/- 6.2873e-05
     heating                              0 +/- 0
     damage-energy                        0 +/- 0
 Mesh Index (24, 1, 11)
   Total Material
     Flux                                 0.00194708 +/- 7.23309e-05
     heating                              0 +/- 0
     damage-energy                        0 +/- 0
 Mesh Index (1, 2, 11)
   Total Material
     Flux                                 0.0818201 +/- 0.00055911
     heating                              0 +/- 0
     damage-energy                        0 +/- 0
 Mesh Index (2, 2, 11)
   Total Material
     Flux                                 0.115476 +/- 0.000668082
     heating                              0 +/- 0
     damage-energy                        0 +/- 0
 Mesh Index (3, 2, 11)
   Total Material
     Flux                                 0.146944 +/- 0.000827677
     heating                              0 +/- 0
     damage-energy                        0 +/- 0
 Mesh Index (4, 2, 11)
   Total Material
     Flux                                 0.171162 +/- 0.000806493
     heating                              0 +/- 0
     damage-energy                        0 +/- 0
 Mesh Index (5, 2, 11)
   Total Material
     Flux                                 0.18959 +/- 0.000994513
     heating                              0 +/- 0
     damage-energy                        0 +/- 0
 Mesh Index (6, 2, 11)
   Total Material
     Flux                                 0.204237 +/- 0.000833682
     heating                              0 +/- 0
     damage-energy                        0 +/- 0
 Mesh Index (7, 2, 11)
   Total Material
     Flux                                 0.218798 +/- 0.000986659
     heating                              0 +/- 0
     damage-energy                        0 +/- 0
 Mesh Index (8, 2, 11)
   Total Material
     Flux                                 0.228221 +/- 0.000974772
     heating                              0 +/- 0
     damage-energy                        0 +/- 0
 Mesh Index (9, 2, 11)
   Total Material
     Flux                                 0.231366 +/- 0.00125927
     heating                              0 +/- 0
     damage-energy                        0 +/- 0
 Mesh Index (10, 2, 11)
   Total Material
     Flux                                 0.216138 +/- 0.00122351
     heating                              6203.31 +/- 51.2434
     damage-energy                        1245.36 +/- 8.95115
 Mesh Index (11, 2, 11)
   Total Material
     Flux                                 0.186061 +/- 0.00109798
     heating                              6365.73 +/- 46.6679
     damage-energy                        90.8865 +/- 0.615951
 Mesh Index (12, 2, 11)
   Total Material
     Flux                                 0.136213 +/- 0.00116926
     heating                              10696.3 +/- 99.5669
     damage-energy                        159.786 +/- 1.26895
 Mesh Index (13, 2, 11)
   Total Material
     Flux                                 0.0880574 +/- 0.000676257
     heating                              6600.82 +/- 59.7614
     damage-energy                        98.7398 +/- 0.813318
 Mesh Index (14, 2, 11)
   Total Material
     Flux                                 0.0541499 +/- 0.000548716
     heating                              3969.78 +/- 52.2456
     damage-energy                        58.3439 +/- 0.635188
 Mesh Index (15, 2, 11)
   Total Material
     Flux                                 0.0294551 +/- 0.000379489
     heating                              2133.56 +/- 29.2896
     damage-energy                        30.8344 +/- 0.466534
 Mesh Index (16, 2, 11)
   Total Material
     Flux                                 0.011381 +/- 0.00019778
     heating                              529.522 +/- 12.7381
     damage-energy                        8.02808 +/- 0.172987
 Mesh Index (17, 2, 11)
   Total Material
     Flux                                 0.00740682 +/- 0.000145447
     heating                              0 +/- 0
     damage-energy                        0 +/- 0
 Mesh Index (18, 2, 11)
   Total Material
     Flux                                 0.00677243 +/- 0.000133374
     heating                              0 +/- 0
     damage-energy                        0 +/- 0
 Mesh Index (19, 2, 11)
   Total Material
     Flux                                 0.00642156 +/- 0.000154245
     heating                              0 +/- 0
     damage-energy                        0 +/- 0
 Mesh Index (20, 2, 11)
   Total Material
     Flux                                 0.00568586 +/- 0.000144641
     heating                              0 +/- 0
     damage-energy                        0 +/- 0
 Mesh Index (21, 2, 11)
   Total Material
     Flux                                 0.00280795 +/- 8.50511e-05
     heating                              0 +/- 0
     damage-energy                        0 +/- 0
 Mesh Index (22, 2, 11)
   Total Material
     Flux                                 0.00183162 +/- 5.97912e-05
     heating                              0 +/- 0
     damage-energy                        0 +/- 0
 Mesh Index (23, 2, 11)
   Total Material
     Flux                                 0.00123913 +/- 6.01692e-05
     heating                              0 +/- 0
     damage-energy                        0 +/- 0
 Mesh Index (24, 2, 11)
   Total Material
     Flux                                 0.000763241 +/- 4.6775e-05
     heating                              0 +/- 0
     damage-energy                        0 +/- 0
 Mesh Index (1, 3, 11)
   Total Material
     Flux                                 0.0815804 +/- 0.000631331
     heating                              0 +/- 0
     damage-energy                        0 +/- 0
 Mesh Index (2, 3, 11)
   Total Material
     Flux                                 0.115697 +/- 0.000652127
     heating                              0 +/- 0
     damage-energy                        0 +/- 0
 Mesh Index (3, 3, 11)
   Total Material
     Flux                                 0.148903 +/- 0.000771809
     heating                              0 +/- 0
     damage-energy                        0 +/- 0
 Mesh Index (4, 3, 11)
   Total Material
     Flux                                 0.170585 +/- 0.000780184
     heating                              0 +/- 0
     damage-energy                        0 +/- 0
 Mesh Index (5, 3, 11)
   Total Material
     Flux                                 0.187929 +/- 0.00103893
     heating                              0 +/- 0
     damage-energy                        0 +/- 0
 Mesh Index (6, 3, 11)
   Total Material
     Flux                                 0.203 +/- 0.000886953
     heating                              0 +/- 0
     damage-energy                        0 +/- 0
 Mesh Index (7, 3, 11)
   Total Material
     Flux                                 0.218865 +/- 0.00103683
     heating                              0 +/- 0
     damage-energy                        0 +/- 0
 Mesh Index (8, 3, 11)
   Total Material
     Flux                                 0.228847 +/- 0.00105003
     heating                              0 +/- 0
     damage-energy                        0 +/- 0
 Mesh Index (9, 3, 11)
   Total Material
     Flux                                 0.230067 +/- 0.000985006
     heating                              0 +/- 0
     damage-energy                        0 +/- 0
 Mesh Index (10, 3, 11)
   Total Material
     Flux                                 0.217017 +/- 0.00119533
     heating                              6166.64 +/- 41.7402
     damage-energy                        1241.32 +/- 7.17277
 Mesh Index (11, 3, 11)
   Total Material
     Flux                                 0.184018 +/- 0.000996793
     heating                              6141.62 +/- 45.8982
     damage-energy                        88.5088 +/- 0.670302
 Mesh Index (12, 3, 11)
   Total Material
     Flux                                 0.136838 +/- 0.00090559
     heating                              10731.8 +/- 73.4873
     damage-energy                        160.043 +/- 1.08173
 Mesh Index (13, 3, 11)
   Total Material
     Flux                                 0.0888094 +/- 0.00074237
     heating                              6646.68 +/- 61.1621
     damage-energy                        99.0556 +/- 0.823539
 Mesh Index (14, 3, 11)
   Total Material
     Flux                                 0.0549283 +/- 0.000562043
     heating                              4030.57 +/- 51.5937
     damage-energy                        58.715 +/- 0.687352
 Mesh Index (15, 3, 11)
   Total Material
     Flux                                 0.0293411 +/- 0.000427519
     heating                              2123.79 +/- 36.3117
     damage-energy                        30.466 +/- 0.456953
 Mesh Index (16, 3, 11)
   Total Material
     Flux                                 0.0110773 +/- 0.000212975
     heating                              523.174 +/- 13.0382
     damage-energy                        7.89197 +/- 0.170798
 Mesh Index (17, 3, 11)
   Total Material
     Flux                                 0.0071918 +/- 0.000141451
     heating                              0 +/- 0
     damage-energy                        0 +/- 0
 Mesh Index (18, 3, 11)
   Total Material
     Flux                                 0.00681204 +/- 0.000133794
     heating                              0 +/- 0
     damage-energy                        0 +/- 0
 Mesh Index (19, 3, 11)
   Total Material
     Flux                                 0.00614416 +/- 0.000134253
     heating                              0 +/- 0
     damage-energy                        0 +/- 0
 Mesh Index (20, 3, 11)
   Total Material
     Flux                                 0.00562505 +/- 0.000149546
     heating                              0 +/- 0
     damage-energy                        0 +/- 0
 Mesh Index (21, 3, 11)
   Total Material
     Flux                                 0.00506621 +/- 0.000110752
     heating                              0 +/- 0
     damage-energy                        0 +/- 0
 Mesh Index (22, 3, 11)
   Total Material
     Flux                                 0.00418915 +/- 0.000102242
     heating                              0 +/- 0
     damage-energy                        0 +/- 0
 Mesh Index (23, 3, 11)
   Total Material
     Flux                                 0.00349828 +/- 0.000105753
     heating                              0 +/- 0
     damage-energy                        0 +/- 0
 Mesh Index (24, 3, 11)
   Total Material
     Flux                                 0.0026853 +/- 8.13396e-05
     heating                              0 +/- 0
     damage-energy                        0 +/- 0
 Mesh Index (1, 4, 11)
   Total Material
     Flux                                 0.0813707 +/- 0.000529767
     heating                              0 +/- 0
     damage-energy                        0 +/- 0
 Mesh Index (2, 4, 11)
   Total Material
     Flux                                 0.11587 +/- 0.000595108
     heating                              0 +/- 0
     damage-energy                        0 +/- 0
 Mesh Index (3, 4, 11)
   Total Material
     Flux                                 0.147513 +/- 0.000775886
     heating                              0 +/- 0
     damage-energy                        0 +/- 0
 Mesh Index (4, 4, 11)
   Total Material
     Flux                                 0.170204 +/- 0.00082633
     heating                              0 +/- 0
     damage-energy                        0 +/- 0
 Mesh Index (5, 4, 11)
   Total Material
     Flux                                 0.188265 +/- 0.00100729
     heating                              0 +/- 0
     damage-energy                        0 +/- 0
 Mesh Index (6, 4, 11)
   Total Material
     Flux                                 0.204835 +/- 0.000938755
     heating                              0 +/- 0
     damage-energy                        0 +/- 0
 Mesh Index (7, 4, 11)
   Total Material
     Flux                                 0.217995 +/- 0.000707017
     heating                              0 +/- 0
     damage-energy                        0 +/- 0
 Mesh Index (8, 4, 11)
   Total Material
     Flux                                 0.227635 +/- 0.000920071
     heating                              0 +/- 0
     damage-energy                        0 +/- 0
 Mesh Index (9, 4, 11)
   Total Material
     Flux                                 0.23038 +/- 0.00106451
     heating                              0 +/- 0
     damage-energy                        0 +/- 0
 Mesh Index (10, 4, 11)
   Total Material
     Flux                                 0.216236 +/- 0.000913343
     heating                              6202.96 +/- 43.5741
     damage-energy                        1245.66 +/- 7.04103
 Mesh Index (11, 4, 11)
   Total Material
     Flux                                 0.186992 +/- 0.00104766
     heating                              6333.4 +/- 40.7494
     damage-energy                        91.4054 +/- 0.646331
 Mesh Index (12, 4, 11)
   Total Material
     Flux                                 0.137 +/- 0.000970742
     heating                              10737 +/- 85.0119
     damage-energy                        159.816 +/- 1.14579
 Mesh Index (13, 4, 11)
   Total Material
     Flux                                 0.0887313 +/- 0.000800948
     heating                              6679 +/- 68.5423
     damage-energy                        98.5336 +/- 1.02648
 Mesh Index (14, 4, 11)
   Total Material
     Flux                                 0.0532331 +/- 0.000519392
     heating                              3938.45 +/- 42.8492
     damage-energy                        56.9283 +/- 0.621694
 Mesh Index (15, 4, 11)
   Total Material
     Flux                                 0.0284599 +/- 0.000354568
     heating                              2064.01 +/- 34.4234
     damage-energy                        29.8008 +/- 0.416968
 Mesh Index (16, 4, 11)
   Total Material
     Flux                                 0.0107081 +/- 0.000198199
     heating                              492.476 +/- 12.2435
     damage-energy                        7.54512 +/- 0.159962
 Mesh Index (17, 4, 11)
   Total Material
     Flux                                 0.00727363 +/- 0.000131277
     heating                              0 +/- 0
     damage-energy                        0 +/- 0
 Mesh Index (18, 4, 11)
   Total Material
     Flux                                 0.00684456 +/- 0.000158979
     heating                              0 +/- 0
     damage-energy                        0 +/- 0
 Mesh Index (19, 4, 11)
   Total Material
     Flux                                 0.00616053 +/- 0.000148602
     heating                              0 +/- 0
     damage-energy                        0 +/- 0
 Mesh Index (20, 4, 11)
   Total Material
     Flux                                 0.00555614 +/- 0.000138324
     heating                              0 +/- 0
     damage-energy                        0 +/- 0
 Mesh Index (21, 4, 11)
   Total Material
     Flux                                 0.00251647 +/- 8.53744e-05
     heating                              0 +/- 0
     damage-energy                        0 +/- 0
 Mesh Index (22, 4, 11)
   Total Material
     Flux                                 0.000951954 +/- 5.18321e-05
     heating                              0 +/- 0
     damage-energy                        0 +/- 0
 Mesh Index (23, 4, 11)
   Total Material
     Flux                                 7.05807e-05 +/- 7.03459e-06
     heating                              0 +/- 0
     damage-energy                        0 +/- 0
 Mesh Index (24, 4, 11)
   Total Material
     Flux                                 0 +/- 0
     heating                              0 +/- 0
     damage-energy                        0 +/- 0
 Mesh Index (1, 5, 11)
   Total Material
     Flux                                 0.0825102 +/- 0.000475314
     heating                              0 +/- 0
     damage-energy                        0 +/- 0
 Mesh Index (2, 5, 11)
   Total Material
     Flux                                 0.116497 +/- 0.000616969
     heating                              0 +/- 0
     damage-energy                        0 +/- 0
 Mesh Index (3, 5, 11)
   Total Material
     Flux                                 0.149002 +/- 0.00074349
     heating                              0 +/- 0
     damage-energy                        0 +/- 0
 Mesh Index (4, 5, 11)
   Total Material
     Flux                                 0.171291 +/- 0.000792604
     heating                              0 +/- 0
     damage-energy                        0 +/- 0
 Mesh Index (5, 5, 11)
   Total Material
     Flux                                 0.189418 +/- 0.000699771
     heating                              0 +/- 0
     damage-energy                        0 +/- 0
 Mesh Index (6, 5, 11)
   Total Material
     Flux                                 0.203734 +/- 0.000708345
     heating                              0 +/- 0
     damage-energy                        0 +/- 0
 Mesh Index (7, 5, 11)
   Total Material
     Flux                                 0.217968 +/- 0.000886302
     heating                              0 +/- 0
     damage-energy                        0 +/- 0
 Mesh Index (8, 5, 11)
   Total Material
     Flux                                 0.228808 +/- 0.000823869
     heating                              0 +/- 0
     damage-energy                        0 +/- 0
 Mesh Index (9, 5, 11)
   Total Material
     Flux                                 0.230755 +/- 0.000845991
     heating                              0 +/- 0
     damage-energy                        0 +/- 0
 Mesh Index (10, 5, 11)
   Total Material
     Flux                                 0.217734 +/- 0.00109091
     heating                              6241.72 +/- 41.9986
     damage-energy                        1253.97 +/- 7.55151
 Mesh Index (11, 5, 11)
   Total Material
     Flux                                 0.187025 +/- 0.000942105
     heating                              6351.28 +/- 41.6897
     damage-energy                        91.2416 +/- 0.707933
 Mesh Index (12, 5, 11)
   Total Material
     Flux                                 0.136201 +/- 0.00095193
     heating                              10662.5 +/- 74.5225
     damage-energy                        159.594 +/- 1.20184
 Mesh Index (13, 5, 11)
   Total Material
     Flux                                 0.0888006 +/- 0.000776646
     heating                              6696 +/- 62.9354
     damage-energy                        99.2611 +/- 1.00936
 Mesh Index (14, 5, 11)
   Total Material
     Flux                                 0.0539427 +/- 0.000637239
     heating                              3979.33 +/- 55.6071
     damage-energy                        57.6063 +/- 0.659409
 Mesh Index (15, 5, 11)
   Total Material
     Flux                                 0.0300529 +/- 0.000429417
     heating                              2180.49 +/- 35.616
     damage-energy                        31.4714 +/- 0.461926
 Mesh Index (16, 5, 11)
   Total Material
     Flux                                 0.0113889 +/- 0.000220348
     heating                              532.478 +/- 13.144
     damage-energy                        8.17776 +/- 0.18564
 Mesh Index (17, 5, 11)
   Total Material
     Flux                                 0.00734494 +/- 0.000162545
     heating                              0 +/- 0
     damage-energy                        0 +/- 0
 Mesh Index (18, 5, 11)
   Total Material
     Flux                                 0.00662299 +/- 0.000165249
     heating                              0 +/- 0
     damage-energy                        0 +/- 0
 Mesh Index (19, 5, 11)
   Total Material
     Flux                                 0.00620512 +/- 0.000150139
     heating                              0 +/- 0
     damage-energy                        0 +/- 0
 Mesh Index (20, 5, 11)
   Total Material
     Flux                                 0.00575684 +/- 0.000126261
     heating                              0 +/- 0
     damage-energy                        0 +/- 0
 Mesh Index (21, 5, 11)
   Total Material
     Flux                                 0.00522966 +/- 0.0001042
     heating                              0 +/- 0
     damage-energy                        0 +/- 0
 Mesh Index (22, 5, 11)
   Total Material
     Flux                                 0.00423395 +/- 0.000103894
     heating                              0 +/- 0
     damage-energy                        0 +/- 0
 Mesh Index (23, 5, 11)
   Total Material
     Flux                                 0.00353351 +/- 8.33911e-05
     heating                              0 +/- 0
     damage-energy                        0 +/- 0
 Mesh Index (24, 5, 11)
   Total Material
     Flux                                 0.00271775 +/- 8.87386e-05
     heating                              0 +/- 0
     damage-energy                        0 +/- 0
 Mesh Index (1, 6, 11)
   Total Material
     Flux                                 0.0820094 +/- 0.000597273
     heating                              0 +/- 0
     damage-energy                        0 +/- 0
 Mesh Index (2, 6, 11)
   Total Material
     Flux                                 0.116434 +/- 0.000728783
     heating                              0 +/- 0
     damage-energy                        0 +/- 0
 Mesh Index (3, 6, 11)
   Total Material
     Flux                                 0.148237 +/- 0.000798253
     heating                              0 +/- 0
     damage-energy                        0 +/- 0
 Mesh Index (4, 6, 11)
   Total Material
     Flux                                 0.170808 +/- 0.000705471
     heating                              0 +/- 0
     damage-energy                        0 +/- 0
 Mesh Index (5, 6, 11)
   Total Material
     Flux                                 0.188868 +/- 0.000803723
     heating                              0 +/- 0
     damage-energy                        0 +/- 0
 Mesh Index (6, 6, 11)
   Total Material
     Flux                                 0.20469 +/- 0.000966286
     heating                              0 +/- 0
     damage-energy                        0 +/- 0
 Mesh Index (7, 6, 11)
   Total Material
     Flux                                 0.218743 +/- 0.0010213
     heating                              0 +/- 0
     damage-energy                        0 +/- 0
 Mesh Index (8, 6, 11)
   Total Material
     Flux                                 0.229736 +/- 0.000991971
     heating                              0 +/- 0
     damage-energy                        0 +/- 0
 Mesh Index (9, 6, 11)
   Total Material
     Flux                                 0.231579 +/- 0.000938466
     heating                              0 +/- 0
     damage-energy                        0 +/- 0
 Mesh Index (10, 6, 11)
   Total Material
     Flux                                 0.217181 +/- 0.00094628
     heating                              6194.14 +/- 36.0165
     damage-energy                        1245.56 +/- 6.1996
 Mesh Index (11, 6, 11)
   Total Material
     Flux                                 0.186669 +/- 0.00107744
     heating                              6325.54 +/- 42.5604
     damage-energy                        91.0158 +/- 0.589619
 Mesh Index (12, 6, 11)
   Total Material
     Flux                                 0.136702 +/- 0.000905082
     heating                              10786.3 +/- 79.2016
     damage-energy                        160.832 +/- 1.09365
 Mesh Index (13, 6, 11)
   Total Material
     Flux                                 0.0872359 +/- 0.000742374
     heating                              6525.16 +/- 70.686
     damage-energy                        97.4947 +/- 0.779828
 Mesh Index (14, 6, 11)
   Total Material
     Flux                                 0.0539659 +/- 0.000582699
     heating                              3958.54 +/- 44.8549
     damage-energy                        57.9227 +/- 0.666442
 Mesh Index (15, 6, 11)
   Total Material
     Flux                                 0.0286503 +/- 0.000350297
     heating                              2066.38 +/- 25.4159
     damage-energy                        30.4361 +/- 0.462456
 Mesh Index (16, 6, 11)
   Total Material
     Flux                                 0.01107 +/- 0.000192703
     heating                              519.309 +/- 11.2633
     damage-energy                        7.91199 +/- 0.171904
 Mesh Index (17, 6, 11)
   Total Material
     Flux                                 0.00715055 +/- 0.000161148
     heating                              0 +/- 0
     damage-energy                        0 +/- 0
 Mesh Index (18, 6, 11)
   Total Material
     Flux                                 0.00683312 +/- 0.000160434
     heating                              0 +/- 0
     damage-energy                        0 +/- 0
 Mesh Index (19, 6, 11)
   Total Material
     Flux                                 0.00641413 +/- 0.000102664
     heating                              0 +/- 0
     damage-energy                        0 +/- 0
 Mesh Index (20, 6, 11)
   Total Material
     Flux                                 0.0055929 +/- 0.000111804
     heating                              0 +/- 0
     damage-energy                        0 +/- 0
 Mesh Index (21, 6, 11)
   Total Material
     Flux                                 0.00272539 +/- 8.61123e-05
     heating                              0 +/- 0
     damage-energy                        0 +/- 0
 Mesh Index (22, 6, 11)
   Total Material
     Flux                                 0.0017095 +/- 7.07514e-05
     heating                              0 +/- 0
     damage-energy                        0 +/- 0
 Mesh Index (23, 6, 11)
   Total Material
     Flux                                 0.00110377 +/- 5.96412e-05
     heating                              0 +/- 0
     damage-energy                        0 +/- 0
 Mesh Index (24, 6, 11)
   Total Material
     Flux                                 0.000790174 +/- 4.96877e-05
     heating                              0 +/- 0
     damage-energy                        0 +/- 0
 Mesh Index (1, 7, 11)
   Total Material
     Flux                                 0.0816346 +/- 0.000598102
     heating                              0 +/- 0
     damage-energy                        0 +/- 0
 Mesh Index (2, 7, 11)
   Total Material
     Flux                                 0.115147 +/- 0.000665646
     heating                              0 +/- 0
     damage-energy                        0 +/- 0
 Mesh Index (3, 7, 11)
   Total Material
     Flux                                 0.14731 +/- 0.000807771
     heating                              0 +/- 0
     damage-energy                        0 +/- 0
 Mesh Index (4, 7, 11)
   Total Material
     Flux                                 0.170413 +/- 0.000940494
     heating                              0 +/- 0
     damage-energy                        0 +/- 0
 Mesh Index (5, 7, 11)
   Total Material
     Flux                                 0.188974 +/- 0.000871198
     heating                              0 +/- 0
     damage-energy                        0 +/- 0
 Mesh Index (6, 7, 11)
   Total Material
     Flux                                 0.204634 +/- 0.000940956
     heating                              0 +/- 0
     damage-energy                        0 +/- 0
 Mesh Index (7, 7, 11)
   Total Material
     Flux                                 0.217884 +/- 0.00100271
     heating                              0 +/- 0
     damage-energy                        0 +/- 0
 Mesh Index (8, 7, 11)
   Total Material
     Flux                                 0.228569 +/- 0.000993938
     heating                              0 +/- 0
     damage-energy                        0 +/- 0
 Mesh Index (9, 7, 11)
   Total Material
     Flux                                 0.229707 +/- 0.000971335
     heating                              0 +/- 0
     damage-energy                        0 +/- 0
 Mesh Index (10, 7, 11)
   Total Material
     Flux                                 0.216373 +/- 0.00140522
     heating                              6228.15 +/- 39.8265
     damage-energy                        1250.19 +/- 7.6382
 Mesh Index (11, 7, 11)
   Total Material
     Flux                                 0.185743 +/- 0.00104206
     heating                              6254.58 +/- 41.1523
     damage-energy                        90.3253 +/- 0.622989
 Mesh Index (12, 7, 11)
   Total Material
     Flux                                 0.134477 +/- 0.00100895
     heating                              10517.3 +/- 92.969
     damage-energy                        158.379 +/- 1.27501
 Mesh Index (13, 7, 11)
   Total Material
     Flux                                 0.0886645 +/- 0.000863275
     heating                              6667.44 +/- 74.9805
     damage-energy                        99.5762 +/- 1.00312
 Mesh Index (14, 7, 11)
   Total Material
     Flux                                 0.0535232 +/- 0.000613086
     heating                              3972.33 +/- 51.8856
     damage-energy                        57.4338 +/- 0.658271
 Mesh Index (15, 7, 11)
   Total Material
     Flux                                 0.0297423 +/- 0.000413895
     heating                              2146.34 +/- 32.6831
     damage-energy                        31.1706 +/- 0.4575
 Mesh Index (16, 7, 11)
   Total Material
     Flux                                 0.0118044 +/- 0.00021344
     heating                              543.091 +/- 13.7884
     damage-energy                        8.42006 +/- 0.19257
 Mesh Index (17, 7, 11)
   Total Material
     Flux                                 0.00740024 +/- 0.000140719
     heating                              0 +/- 0
     damage-energy                        0 +/- 0
 Mesh Index (18, 7, 11)
   Total Material
     Flux                                 0.00678576 +/- 0.000152859
     heating                              0 +/- 0
     damage-energy                        0 +/- 0
 Mesh Index (19, 7, 11)
   Total Material
     Flux                                 0.00626132 +/- 0.000142938
     heating                              0 +/- 0
     damage-energy                        0 +/- 0
 Mesh Index (20, 7, 11)
   Total Material
     Flux                                 0.0056802 +/- 0.000125793
     heating                              0 +/- 0
     damage-energy                        0 +/- 0
 Mesh Index (21, 7, 11)
   Total Material
     Flux                                 0.00403957 +/- 0.00010434
     heating                              0 +/- 0
     damage-energy                        0 +/- 0
 Mesh Index (22, 7, 11)
   Total Material
     Flux                                 0.00306264 +/- 8.86477e-05
     heating                              0 +/- 0
     damage-energy                        0 +/- 0
 Mesh Index (23, 7, 11)
   Total Material
     Flux                                 0.00235847 +/- 6.79198e-05
     heating                              0 +/- 0
     damage-energy                        0 +/- 0
 Mesh Index (24, 7, 11)
   Total Material
     Flux                                 0.0019371 +/- 6.8232e-05
     heating                              0 +/- 0
     damage-energy                        0 +/- 0
 Mesh Index (1, 1, 12)
   Total Material
     Flux                                 0.0829091 +/- 0.000571099
     heating                              0 +/- 0
     damage-energy                        0 +/- 0
 Mesh Index (2, 1, 12)
   Total Material
     Flux                                 0.116269 +/- 0.000656005
     heating                              0 +/- 0
     damage-energy                        0 +/- 0
 Mesh Index (3, 1, 12)
   Total Material
     Flux                                 0.148675 +/- 0.000809351
     heating                              0 +/- 0
     damage-energy                        0 +/- 0
 Mesh Index (4, 1, 12)
   Total Material
     Flux                                 0.17332 +/- 0.000752126
     heating                              0 +/- 0
     damage-energy                        0 +/- 0
 Mesh Index (5, 1, 12)
   Total Material
     Flux                                 0.191459 +/- 0.000797726
     heating                              0 +/- 0
     damage-energy                        0 +/- 0
 Mesh Index (6, 1, 12)
   Total Material
     Flux                                 0.206341 +/- 0.00080963
     heating                              0 +/- 0
     damage-energy                        0 +/- 0
 Mesh Index (7, 1, 12)
   Total Material
     Flux                                 0.218626 +/- 0.00101898
     heating                              0 +/- 0
     damage-energy                        0 +/- 0
 Mesh Index (8, 1, 12)
   Total Material
     Flux                                 0.229635 +/- 0.000975525
     heating                              0 +/- 0
     damage-energy                        0 +/- 0
 Mesh Index (9, 1, 12)
   Total Material
     Flux                                 0.231534 +/- 0.000968167
     heating                              0 +/- 0
     damage-energy                        0 +/- 0
 Mesh Index (10, 1, 12)
   Total Material
     Flux                                 0.217761 +/- 0.001052
     heating                              6363.75 +/- 39.8794
     damage-energy                        1274.28 +/- 6.82479
 Mesh Index (11, 1, 12)
   Total Material
     Flux                                 0.186161 +/- 0.00103617
     heating                              6274.44 +/- 48.8277
     damage-energy                        90.5801 +/- 0.654662
 Mesh Index (12, 1, 12)
   Total Material
     Flux                                 0.137409 +/- 0.00106333
     heating                              10790.1 +/- 94.3145
     damage-energy                        161.624 +/- 1.31186
 Mesh Index (13, 1, 12)
   Total Material
     Flux                                 0.088482 +/- 0.000757327
     heating                              6621.59 +/- 66.9483
     damage-energy                        99.0187 +/- 1.01214
 Mesh Index (14, 1, 12)
   Total Material
     Flux                                 0.0542108 +/- 0.000520814
     heating                              3967.26 +/- 40.8461
     damage-energy                        58.2989 +/- 0.70286
 Mesh Index (15, 1, 12)
   Total Material
     Flux                                 0.0300766 +/- 0.000347347
     heating                              2181.81 +/- 31.9283
     damage-energy                        31.2883 +/- 0.414965
 Mesh Index (16, 1, 12)
   Total Material
     Flux                                 0.0119502 +/- 0.000185295
     heating                              570.081 +/- 12.7449
     damage-energy                        8.32108 +/- 0.161363
 Mesh Index (17, 1, 12)
   Total Material
     Flux                                 0.00756806 +/- 0.00015411
     heating                              0 +/- 0
     damage-energy                        0 +/- 0
 Mesh Index (18, 1, 12)
   Total Material
     Flux                                 0.00693096 +/- 0.000140584
     heating                              0 +/- 0
     damage-energy                        0 +/- 0
 Mesh Index (19, 1, 12)
   Total Material
     Flux                                 0.00622225 +/- 0.000152257
     heating                              0 +/- 0
     damage-energy                        0 +/- 0
 Mesh Index (20, 1, 12)
   Total Material
     Flux                                 0.0055593 +/- 0.000127636
     heating                              0 +/- 0
     damage-energy                        0 +/- 0
 Mesh Index (21, 1, 12)
   Total Material
     Flux                                 0.00408105 +/- 0.000104237
     heating                              0 +/- 0
     damage-energy                        0 +/- 0
 Mesh Index (22, 1, 12)
   Total Material
     Flux                                 0.0030946 +/- 8.92543e-05
     heating                              0 +/- 0
     damage-energy                        0 +/- 0
 Mesh Index (23, 1, 12)
   Total Material
     Flux                                 0.00246072 +/- 8.27411e-05
     heating                              0 +/- 0
     damage-energy                        0 +/- 0
 Mesh Index (24, 1, 12)
   Total Material
     Flux                                 0.00190849 +/- 7.21171e-05
     heating                              0 +/- 0
     damage-energy                        0 +/- 0
 Mesh Index (1, 2, 12)
   Total Material
     Flux                                 0.0818688 +/- 0.000583521
     heating                              0 +/- 0
     damage-energy                        0 +/- 0
 Mesh Index (2, 2, 12)
   Total Material
     Flux                                 0.116085 +/- 0.000734738
     heating                              0 +/- 0
     damage-energy                        0 +/- 0
 Mesh Index (3, 2, 12)
   Total Material
     Flux                                 0.148131 +/- 0.000744138
     heating                              0 +/- 0
     damage-energy                        0 +/- 0
 Mesh Index (4, 2, 12)
   Total Material
     Flux                                 0.170513 +/- 0.000769691
     heating                              0 +/- 0
     damage-energy                        0 +/- 0
 Mesh Index (5, 2, 12)
   Total Material
     Flux                                 0.19069 +/- 0.000882805
     heating                              0 +/- 0
     damage-energy                        0 +/- 0
 Mesh Index (6, 2, 12)
   Total Material
     Flux                                 0.206925 +/- 0.000869195
     heating                              0 +/- 0
     damage-energy                        0 +/- 0
 Mesh Index (7, 2, 12)
   Total Material
     Flux                                 0.220741 +/- 0.00100229
     heating                              0 +/- 0
     damage-energy                        0 +/- 0
 Mesh Index (8, 2, 12)
   Total Material
     Flux                                 0.229689 +/- 0.00113452
     heating                              0 +/- 0
     damage-energy                        0 +/- 0
 Mesh Index (9, 2, 12)
   Total Material
     Flux                                 0.231469 +/- 0.00125573
     heating                              0 +/- 0
     damage-energy                        0 +/- 0
 Mesh Index (10, 2, 12)
   Total Material
     Flux                                 0.218688 +/- 0.00118302
     heating                              6413.99 +/- 42.3314
     damage-energy                        1276.98 +/- 7.44076
 Mesh Index (11, 2, 12)
   Total Material
     Flux                                 0.188107 +/- 0.00105535
     heating                              6361.02 +/- 47.4141
     damage-energy                        91.6397 +/- 0.747786
 Mesh Index (12, 2, 12)
   Total Material
     Flux                                 0.13848 +/- 0.00107517
     heating                              10838.9 +/- 91.8245
     damage-energy                        163.265 +/- 1.11233
 Mesh Index (13, 2, 12)
   Total Material
     Flux                                 0.0894483 +/- 0.000707405
     heating                              6639.01 +/- 61.8733
     damage-energy                        100.082 +/- 0.837385
 Mesh Index (14, 2, 12)
   Total Material
     Flux                                 0.0549272 +/- 0.000647239
     heating                              4044.41 +/- 52.372
     damage-energy                        58.7705 +/- 0.731924
 Mesh Index (15, 2, 12)
   Total Material
     Flux                                 0.0291869 +/- 0.000463564
     heating                              2096.53 +/- 36.932
     damage-energy                        30.698 +/- 0.572419
 Mesh Index (16, 2, 12)
   Total Material
     Flux                                 0.0115228 +/- 0.000187802
     heating                              526.259 +/- 11.3661
     damage-energy                        8.19827 +/- 0.198286
 Mesh Index (17, 2, 12)
   Total Material
     Flux                                 0.00787145 +/- 0.000146995
     heating                              0 +/- 0
     damage-energy                        0 +/- 0
 Mesh Index (18, 2, 12)
   Total Material
     Flux                                 0.00697563 +/- 0.00018444
     heating                              0 +/- 0
     damage-energy                        0 +/- 0
 Mesh Index (19, 2, 12)
   Total Material
     Flux                                 0.00662851 +/- 0.000154827
     heating                              0 +/- 0
     damage-energy                        0 +/- 0
 Mesh Index (20, 2, 12)
   Total Material
     Flux                                 0.0057326 +/- 0.00013011
     heating                              0 +/- 0
     damage-energy                        0 +/- 0
 Mesh Index (21, 2, 12)
   Total Material
     Flux                                 0.00279338 +/- 9.01957e-05
     heating                              0 +/- 0
     damage-energy                        0 +/- 0
 Mesh Index (22, 2, 12)
   Total Material
     Flux                                 0.00178481 +/- 6.14009e-05
     heating                              0 +/- 0
     damage-energy                        0 +/- 0
 Mesh Index (23, 2, 12)
   Total Material
     Flux                                 0.00118903 +/- 4.94059e-05
     heating                              0 +/- 0
     damage-energy                        0 +/- 0
 Mesh Index (24, 2, 12)
   Total Material
     Flux                                 0.000832619 +/- 3.88197e-05
     heating                              0 +/- 0
     damage-energy                        0 +/- 0
 Mesh Index (1, 3, 12)
   Total Material
     Flux                                 0.0820537 +/- 0.000627661
     heating                              0 +/- 0
     damage-energy                        0 +/- 0
 Mesh Index (2, 3, 12)
   Total Material
     Flux                                 0.116508 +/- 0.000720709
     heating                              0 +/- 0
     damage-energy                        0 +/- 0
 Mesh Index (3, 3, 12)
   Total Material
     Flux                                 0.149761 +/- 0.000680431
     heating                              0 +/- 0
     damage-energy                        0 +/- 0
 Mesh Index (4, 3, 12)
   Total Material
     Flux                                 0.171662 +/- 0.000697481
     heating                              0 +/- 0
     damage-energy                        0 +/- 0
 Mesh Index (5, 3, 12)
   Total Material
     Flux                                 0.188042 +/- 0.000832421
     heating                              0 +/- 0
     damage-energy                        0 +/- 0
 Mesh Index (6, 3, 12)
   Total Material
     Flux                                 0.204637 +/- 0.000966668
     heating                              0 +/- 0
     damage-energy                        0 +/- 0
 Mesh Index (7, 3, 12)
   Total Material
     Flux                                 0.218048 +/- 0.00105204
     heating                              0 +/- 0
     damage-energy                        0 +/- 0
 Mesh Index (8, 3, 12)
   Total Material
     Flux                                 0.231446 +/- 0.00107983
     heating                              0 +/- 0
     damage-energy                        0 +/- 0
 Mesh Index (9, 3, 12)
   Total Material
     Flux                                 0.232965 +/- 0.00122563
     heating                              0 +/- 0
     damage-energy                        0 +/- 0
 Mesh Index (10, 3, 12)
   Total Material
     Flux                                 0.219278 +/- 0.00102206
     heating                              6417.78 +/- 43.5129
     damage-energy                        1281.14 +/- 7.10125
 Mesh Index (11, 3, 12)
   Total Material
     Flux                                 0.188206 +/- 0.00107141
     heating                              6453.17 +/- 45.3046
     damage-energy                        92.5836 +/- 0.670731
 Mesh Index (12, 3, 12)
   Total Material
     Flux                                 0.140308 +/- 0.000942452
     heating                              10940.4 +/- 76.3178
     damage-energy                        166.521 +/- 1.13664
 Mesh Index (13, 3, 12)
   Total Material
     Flux                                 0.0898146 +/- 0.000659092
     heating                              6723.83 +/- 52.4227
     damage-energy                        100.489 +/- 0.857809
 Mesh Index (14, 3, 12)
   Total Material
     Flux                                 0.0552768 +/- 0.000525968
     heating                              4075.87 +/- 46.1086
     damage-energy                        59.377 +/- 0.603399
 Mesh Index (15, 3, 12)
   Total Material
     Flux                                 0.0290694 +/- 0.000335865
     heating                              2121.52 +/- 27.7704
     damage-energy                        30.8427 +/- 0.443006
 Mesh Index (16, 3, 12)
   Total Material
     Flux                                 0.0113083 +/- 0.000226649
     heating                              541.028 +/- 12.9703
     damage-energy                        8.10182 +/- 0.212226
 Mesh Index (17, 3, 12)
   Total Material
     Flux                                 0.00723873 +/- 0.000167783
     heating                              0 +/- 0
     damage-energy                        0 +/- 0
 Mesh Index (18, 3, 12)
   Total Material
     Flux                                 0.00667665 +/- 0.000145939
     heating                              0 +/- 0
     damage-energy                        0 +/- 0
 Mesh Index (19, 3, 12)
   Total Material
     Flux                                 0.00636644 +/- 0.000144736
     heating                              0 +/- 0
     damage-energy                        0 +/- 0
 Mesh Index (20, 3, 12)
   Total Material
     Flux                                 0.00614931 +/- 0.000129851
     heating                              0 +/- 0
     damage-energy                        0 +/- 0
 Mesh Index (21, 3, 12)
   Total Material
     Flux                                 0.00544593 +/- 0.000149893
     heating                              0 +/- 0
     damage-energy                        0 +/- 0
 Mesh Index (22, 3, 12)
   Total Material
     Flux                                 0.00445075 +/- 0.000106102
     heating                              0 +/- 0
     damage-energy                        0 +/- 0
 Mesh Index (23, 3, 12)
   Total Material
     Flux                                 0.00353676 +/- 9.71101e-05
     heating                              0 +/- 0
     damage-energy                        0 +/- 0
 Mesh Index (24, 3, 12)
   Total Material
     Flux                                 0.0027555 +/- 9.27062e-05
     heating                              0 +/- 0
     damage-energy                        0 +/- 0
 Mesh Index (1, 4, 12)
   Total Material
     Flux                                 0.0820707 +/- 0.000614603
     heating                              0 +/- 0
     damage-energy                        0 +/- 0
 Mesh Index (2, 4, 12)
   Total Material
     Flux                                 0.116062 +/- 0.00060704
     heating                              0 +/- 0
     damage-energy                        0 +/- 0
 Mesh Index (3, 4, 12)
   Total Material
     Flux                                 0.147514 +/- 0.000821527
     heating                              0 +/- 0
     damage-energy                        0 +/- 0
 Mesh Index (4, 4, 12)
   Total Material
     Flux                                 0.172286 +/- 0.000694156
     heating                              0 +/- 0
     damage-energy                        0 +/- 0
 Mesh Index (5, 4, 12)
   Total Material
     Flux                                 0.18955 +/- 0.00084342
     heating                              0 +/- 0
     damage-energy                        0 +/- 0
 Mesh Index (6, 4, 12)
   Total Material
     Flux                                 0.206701 +/- 0.00073949
     heating                              0 +/- 0
     damage-energy                        0 +/- 0
 Mesh Index (7, 4, 12)
   Total Material
     Flux                                 0.220523 +/- 0.000724372
     heating                              0 +/- 0
     damage-energy                        0 +/- 0
 Mesh Index (8, 4, 12)
   Total Material
     Flux                                 0.229466 +/- 0.000845179
     heating                              0 +/- 0
     damage-energy                        0 +/- 0
 Mesh Index (9, 4, 12)
   Total Material
     Flux                                 0.231996 +/- 0.0011619
     heating                              0 +/- 0
     damage-energy                        0 +/- 0
 Mesh Index (10, 4, 12)
   Total Material
     Flux                                 0.218824 +/- 0.00129132
     heating                              6277.19 +/- 49.2372
     damage-energy                        1262.63 +/- 9.25319
 Mesh Index (11, 4, 12)
   Total Material
     Flux                                 0.187843 +/- 0.00105807
     heating                              6374.38 +/- 48.0053
     damage-energy                        91.0911 +/- 0.690271
 Mesh Index (12, 4, 12)
   Total Material
     Flux                                 0.13887 +/- 0.00103899
     heating                              10896.5 +/- 85.9264
     damage-energy                        162.951 +/- 1.37971
 Mesh Index (13, 4, 12)
   Total Material
     Flux                                 0.0888364 +/- 0.000754483
     heating                              6655.46 +/- 65.4439
     damage-energy                        98.9069 +/- 0.858278
 Mesh Index (14, 4, 12)
   Total Material
     Flux                                 0.0536267 +/- 0.000593759
     heating                              3988.34 +/- 46.0666
     damage-energy                        57.4062 +/- 0.708253
 Mesh Index (15, 4, 12)
   Total Material
     Flux                                 0.0294173 +/- 0.000407844
     heating                              2148.45 +/- 34.9429
     damage-energy                        31.1552 +/- 0.458606
 Mesh Index (16, 4, 12)
   Total Material
     Flux                                 0.0114249 +/- 0.000208992
     heating                              533.624 +/- 14.4852
     damage-energy                        8.23222 +/- 0.186675
 Mesh Index (17, 4, 12)
   Total Material
     Flux                                 0.00744825 +/- 0.000155077
     heating                              0 +/- 0
     damage-energy                        0 +/- 0
 Mesh Index (18, 4, 12)
   Total Material
     Flux                                 0.00704289 +/- 0.000161117
     heating                              0 +/- 0
     damage-energy                        0 +/- 0
 Mesh Index (19, 4, 12)
   Total Material
     Flux                                 0.00645623 +/- 0.000133568
     heating                              0 +/- 0
     damage-energy                        0 +/- 0
 Mesh Index (20, 4, 12)
   Total Material
     Flux                                 0.00555863 +/- 0.000122148
     heating                              0 +/- 0
     damage-energy                        0 +/- 0
 Mesh Index (21, 4, 12)
   Total Material
     Flux                                 0.0025788 +/- 8.28745e-05
     heating                              0 +/- 0
     damage-energy                        0 +/- 0
 Mesh Index (22, 4, 12)
   Total Material
     Flux                                 0.000938269 +/- 4.82113e-05
     heating                              0 +/- 0
     damage-energy                        0 +/- 0
 Mesh Index (23, 4, 12)
   Total Material
     Flux                                 7.81463e-05 +/- 7.17952e-06
     heating                              0 +/- 0
     damage-energy                        0 +/- 0
 Mesh Index (24, 4, 12)
   Total Material
     Flux                                 0 +/- 0
     heating                              0 +/- 0
     damage-energy                        0 +/- 0
 Mesh Index (1, 5, 12)
   Total Material
     Flux                                 0.0834054 +/- 0.000687177
     heating                              0 +/- 0
     damage-energy                        0 +/- 0
 Mesh Index (2, 5, 12)
   Total Material
     Flux                                 0.117577 +/- 0.000795507
     heating                              0 +/- 0
     damage-energy                        0 +/- 0
 Mesh Index (3, 5, 12)
   Total Material
     Flux                                 0.148968 +/- 0.000752641
     heating                              0 +/- 0
     damage-energy                        0 +/- 0
 Mesh Index (4, 5, 12)
   Total Material
     Flux                                 0.172278 +/- 0.000797769
     heating                              0 +/- 0
     damage-energy                        0 +/- 0
 Mesh Index (5, 5, 12)
   Total Material
     Flux                                 0.190634 +/- 0.000935018
     heating                              0 +/- 0
     damage-energy                        0 +/- 0
 Mesh Index (6, 5, 12)
   Total Material
     Flux                                 0.207171 +/- 0.000801846
     heating                              0 +/- 0
     damage-energy                        0 +/- 0
 Mesh Index (7, 5, 12)
   Total Material
     Flux                                 0.220548 +/- 0.00103746
     heating                              0 +/- 0
     damage-energy                        0 +/- 0
 Mesh Index (8, 5, 12)
   Total Material
     Flux                                 0.230428 +/- 0.000896928
     heating                              0 +/- 0
     damage-energy                        0 +/- 0
 Mesh Index (9, 5, 12)
   Total Material
     Flux                                 0.232144 +/- 0.00106605
     heating                              0 +/- 0
     damage-energy                        0 +/- 0
 Mesh Index (10, 5, 12)
   Total Material
     Flux                                 0.217982 +/- 0.000914909
     heating                              6376.52 +/- 47.7509
     damage-energy                        1274.16 +/- 7.6689
 Mesh Index (11, 5, 12)
   Total Material
     Flux                                 0.187191 +/- 0.00114411
     heating                              6380.24 +/- 53.8319
     damage-energy                        91.5838 +/- 0.665982
 Mesh Index (12, 5, 12)
   Total Material
     Flux                                 0.137278 +/- 0.00110929
     heating                              10736.1 +/- 88.7102
     damage-energy                        161.126 +/- 1.35764
 Mesh Index (13, 5, 12)
   Total Material
     Flux                                 0.0896231 +/- 0.000899757
     heating                              6758.75 +/- 71.7346
     damage-energy                        99.9204 +/- 0.99413
 Mesh Index (14, 5, 12)
   Total Material
     Flux                                 0.0543919 +/- 0.000625114
     heating                              4009.35 +/- 54.717
     damage-energy                        58.1253 +/- 0.637259
 Mesh Index (15, 5, 12)
   Total Material
     Flux                                 0.0302004 +/- 0.000382134
     heating                              2216.99 +/- 33.8048
     damage-energy                        31.7987 +/- 0.45778
 Mesh Index (16, 5, 12)
   Total Material
     Flux                                 0.0114137 +/- 0.00021678
     heating                              534.491 +/- 12.5679
     damage-energy                        8.22037 +/- 0.186924
 Mesh Index (17, 5, 12)
   Total Material
     Flux                                 0.00733494 +/- 0.000135303
     heating                              0 +/- 0
     damage-energy                        0 +/- 0
 Mesh Index (18, 5, 12)
   Total Material
     Flux                                 0.00687101 +/- 0.000144004
     heating                              0 +/- 0
     damage-energy                        0 +/- 0
 Mesh Index (19, 5, 12)
   Total Material
     Flux                                 0.00638816 +/- 0.000124354
     heating                              0 +/- 0
     damage-energy                        0 +/- 0
 Mesh Index (20, 5, 12)
   Total Material
     Flux                                 0.00581139 +/- 0.000134267
     heating                              0 +/- 0
     damage-energy                        0 +/- 0
 Mesh Index (21, 5, 12)
   Total Material
     Flux                                 0.00522211 +/- 0.000120566
     heating                              0 +/- 0
     damage-energy                        0 +/- 0
 Mesh Index (22, 5, 12)
   Total Material
     Flux                                 0.00444181 +/- 0.000107488
     heating                              0 +/- 0
     damage-energy                        0 +/- 0
 Mesh Index (23, 5, 12)
   Total Material
     Flux                                 0.00361596 +/- 9.85855e-05
     heating                              0 +/- 0
     damage-energy                        0 +/- 0
 Mesh Index (24, 5, 12)
   Total Material
     Flux                                 0.00258699 +/- 7.38398e-05
     heating                              0 +/- 0
     damage-energy                        0 +/- 0
 Mesh Index (1, 6, 12)
   Total Material
     Flux                                 0.0823655 +/- 0.000563782
     heating                              0 +/- 0
     damage-energy                        0 +/- 0
 Mesh Index (2, 6, 12)
   Total Material
     Flux                                 0.117687 +/- 0.000747308
     heating                              0 +/- 0
     damage-energy                        0 +/- 0
 Mesh Index (3, 6, 12)
   Total Material
     Flux                                 0.149761 +/- 0.000698859
     heating                              0 +/- 0
     damage-energy                        0 +/- 0
 Mesh Index (4, 6, 12)
   Total Material
     Flux                                 0.172033 +/- 0.000657398
     heating                              0 +/- 0
     damage-energy                        0 +/- 0
 Mesh Index (5, 6, 12)
   Total Material
     Flux                                 0.190902 +/- 0.000778081
     heating                              0 +/- 0
     damage-energy                        0 +/- 0
 Mesh Index (6, 6, 12)
   Total Material
     Flux                                 0.206918 +/- 0.000981331
     heating                              0 +/- 0
     damage-energy                        0 +/- 0
 Mesh Index (7, 6, 12)
   Total Material
     Flux                                 0.219236 +/- 0.00099095
     heating                              0 +/- 0
     damage-energy                        0 +/- 0
 Mesh Index (8, 6, 12)
   Total Material
     Flux                                 0.229563 +/- 0.000736047
     heating                              0 +/- 0
     damage-energy                        0 +/- 0
 Mesh Index (9, 6, 12)
   Total Material
     Flux                                 0.232396 +/- 0.00102049
     heating                              0 +/- 0
     damage-energy                        0 +/- 0
 Mesh Index (10, 6, 12)
   Total Material
     Flux                                 0.219074 +/- 0.001134
     heating                              6371.47 +/- 46.8824
     damage-energy                        1274.99 +/- 7.82015
 Mesh Index (11, 6, 12)
   Total Material
     Flux                                 0.189684 +/- 0.00104796
     heating                              6491.47 +/- 46.9898
     damage-energy                        93.2765 +/- 0.717881
 Mesh Index (12, 6, 12)
   Total Material
     Flux                                 0.139553 +/- 0.000884366
     heating                              10986.5 +/- 79.6845
     damage-energy                        164.268 +/- 1.04543
 Mesh Index (13, 6, 12)
   Total Material
     Flux                                 0.0899872 +/- 0.00080296
     heating                              6728.95 +/- 66.0261
     damage-energy                        101.4 +/- 0.832494
 Mesh Index (14, 6, 12)
   Total Material
     Flux                                 0.0552349 +/- 0.00060846
     heating                              4043.68 +/- 52.9745
     damage-energy                        59.746 +/- 0.652066
 Mesh Index (15, 6, 12)
   Total Material
     Flux                                 0.0295547 +/- 0.000452989
     heating                              2148.48 +/- 36.4683
     damage-energy                        31.1991 +/- 0.487805
 Mesh Index (16, 6, 12)
   Total Material
     Flux                                 0.0113921 +/- 0.000215081
     heating                              530.122 +/- 12.6843
     damage-energy                        8.13695 +/- 0.187255
 Mesh Index (17, 6, 12)
   Total Material
     Flux                                 0.00730769 +/- 0.000165649
     heating                              0 +/- 0
     damage-energy                        0 +/- 0
 Mesh Index (18, 6, 12)
   Total Material
     Flux                                 0.00688235 +/- 0.00013476
     heating                              0 +/- 0
     damage-energy                        0 +/- 0
 Mesh Index (19, 6, 12)
   Total Material
     Flux                                 0.00632435 +/- 0.000144661
     heating                              0 +/- 0
     damage-energy                        0 +/- 0
 Mesh Index (20, 6, 12)
   Total Material
     Flux                                 0.00559417 +/- 0.000134533
     heating                              0 +/- 0
     damage-energy                        0 +/- 0
 Mesh Index (21, 6, 12)
   Total Material
     Flux                                 0.00277389 +/- 9.4295e-05
     heating                              0 +/- 0
     damage-energy                        0 +/- 0
 Mesh Index (22, 6, 12)
   Total Material
     Flux                                 0.0017489 +/- 7.25677e-05
     heating                              0 +/- 0
     damage-energy                        0 +/- 0
 Mesh Index (23, 6, 12)
   Total Material
     Flux                                 0.00126957 +/- 5.08791e-05
     heating                              0 +/- 0
     damage-energy                        0 +/- 0
 Mesh Index (24, 6, 12)
   Total Material
     Flux                                 0.000839697 +/- 5.16598e-05
     heating                              0 +/- 0
     damage-energy                        0 +/- 0
 Mesh Index (1, 7, 12)
   Total Material
     Flux                                 0.0818184 +/- 0.000486799
     heating                              0 +/- 0
     damage-energy                        0 +/- 0
 Mesh Index (2, 7, 12)
   Total Material
     Flux                                 0.11651 +/- 0.000707537
     heating                              0 +/- 0
     damage-energy                        0 +/- 0
 Mesh Index (3, 7, 12)
   Total Material
     Flux                                 0.148827 +/- 0.000683627
     heating                              0 +/- 0
     damage-energy                        0 +/- 0
 Mesh Index (4, 7, 12)
   Total Material
     Flux                                 0.171901 +/- 0.000712055
     heating                              0 +/- 0
     damage-energy                        0 +/- 0
 Mesh Index (5, 7, 12)
   Total Material
     Flux                                 0.189057 +/- 0.000833351
     heating                              0 +/- 0
     damage-energy                        0 +/- 0
 Mesh Index (6, 7, 12)
   Total Material
     Flux                                 0.204604 +/- 0.000987993
     heating                              0 +/- 0
     damage-energy                        0 +/- 0
 Mesh Index (7, 7, 12)
   Total Material
     Flux                                 0.21964 +/- 0.000921143
     heating                              0 +/- 0
     damage-energy                        0 +/- 0
 Mesh Index (8, 7, 12)
   Total Material
     Flux                                 0.230362 +/- 0.000874039
     heating                              0 +/- 0
     damage-energy                        0 +/- 0
 Mesh Index (9, 7, 12)
   Total Material
     Flux                                 0.232293 +/- 0.00093096
     heating                              0 +/- 0
     damage-energy                        0 +/- 0
 Mesh Index (10, 7, 12)
   Total Material
     Flux                                 0.218661 +/- 0.00125531
     heating                              6379.84 +/- 48.0204
     damage-energy                        1274.36 +/- 8.2654
 Mesh Index (11, 7, 12)
   Total Material
     Flux                                 0.188024 +/- 0.0012765
     heating                              6385.17 +/- 53.2302
     damage-energy                        92.0963 +/- 0.774474
 Mesh Index (12, 7, 12)
   Total Material
     Flux                                 0.137408 +/- 0.00120455
     heating                              10740.5 +/- 99.8799
     damage-energy                        161.453 +/- 1.41878
 Mesh Index (13, 7, 12)
   Total Material
     Flux                                 0.0888218 +/- 0.00080832
     heating                              6643.75 +/- 66.3474
     damage-energy                        99.8898 +/- 0.960628
 Mesh Index (14, 7, 12)
   Total Material
     Flux                                 0.0546126 +/- 0.000546252
     heating                              4016.15 +/- 42.9887
     damage-energy                        58.8657 +/- 0.563842
 Mesh Index (15, 7, 12)
   Total Material
     Flux                                 0.0298746 +/- 0.000424817
     heating                              2158.22 +/- 33.7774
     damage-energy                        31.5426 +/- 0.475072
 Mesh Index (16, 7, 12)
   Total Material
     Flux                                 0.0114868 +/- 0.000213425
     heating                              536.465 +/- 13.3093
     damage-energy                        8.15603 +/- 0.198594
 Mesh Index (17, 7, 12)
   Total Material
     Flux                                 0.00728292 +/- 0.000145477
     heating                              0 +/- 0
     damage-energy                        0 +/- 0
 Mesh Index (18, 7, 12)
   Total Material
     Flux                                 0.00659056 +/- 0.00013517
     heating                              0 +/- 0
     damage-energy                        0 +/- 0
 Mesh Index (19, 7, 12)
   Total Material
     Flux                                 0.0061188 +/- 0.000119472
     heating                              0 +/- 0
     damage-energy                        0 +/- 0
 Mesh Index (20, 7, 12)
   Total Material
     Flux                                 0.00546043 +/- 0.000110055
     heating                              0 +/- 0
     damage-energy                        0 +/- 0
 Mesh Index (21, 7, 12)
   Total Material
     Flux                                 0.00396795 +/- 9.2772e-05
     heating                              0 +/- 0
     damage-energy                        0 +/- 0
 Mesh Index (22, 7, 12)
   Total Material
     Flux                                 0.003095 +/- 8.6771e-05
     heating                              0 +/- 0
     damage-energy                        0 +/- 0
 Mesh Index (23, 7, 12)
   Total Material
     Flux                                 0.00244036 +/- 7.46488e-05
     heating                              0 +/- 0
     damage-energy                        0 +/- 0
 Mesh Index (24, 7, 12)
   Total Material
     Flux                                 0.00198823 +/- 7.17307e-05
     heating                              0 +/- 0
     damage-energy                        0 +/- 0
 Mesh Index (1, 1, 13)
   Total Material
     Flux                                 0.0822679 +/- 0.000474177
     heating                              0 +/- 0
     damage-energy                        0 +/- 0
 Mesh Index (2, 1, 13)
   Total Material
     Flux                                 0.115581 +/- 0.000770717
     heating                              0 +/- 0
     damage-energy                        0 +/- 0
 Mesh Index (3, 1, 13)
   Total Material
     Flux                                 0.147225 +/- 0.000710027
     heating                              0 +/- 0
     damage-energy                        0 +/- 0
 Mesh Index (4, 1, 13)
   Total Material
     Flux                                 0.170791 +/- 0.000660828
     heating                              0 +/- 0
     damage-energy                        0 +/- 0
 Mesh Index (5, 1, 13)
   Total Material
     Flux                                 0.191362 +/- 0.00102038
     heating                              0 +/- 0
     damage-energy                        0 +/- 0
 Mesh Index (6, 1, 13)
   Total Material
     Flux                                 0.204784 +/- 0.000923038
     heating                              0 +/- 0
     damage-energy                        0 +/- 0
 Mesh Index (7, 1, 13)
   Total Material
     Flux                                 0.21836 +/- 0.000958964
     heating                              0 +/- 0
     damage-energy                        0 +/- 0
 Mesh Index (8, 1, 13)
   Total Material
     Flux                                 0.229531 +/- 0.000887686
     heating                              0 +/- 0
     damage-energy                        0 +/- 0
 Mesh Index (9, 1, 13)
   Total Material
     Flux                                 0.230352 +/- 0.0010868
     heating                              0 +/- 0
     damage-energy                        0 +/- 0
 Mesh Index (10, 1, 13)
   Total Material
     Flux                                 0.216778 +/- 0.0011034
     heating                              6431.43 +/- 42.5337
     damage-energy                        1281.28 +/- 6.80768
 Mesh Index (11, 1, 13)
   Total Material
     Flux                                 0.185196 +/- 0.000860384
     heating                              6295.82 +/- 42.1233
     damage-energy                        91.4532 +/- 0.554949
 Mesh Index (12, 1, 13)
   Total Material
     Flux                                 0.137901 +/- 0.00103929
     heating                              10819.4 +/- 88.4128
     damage-energy                        163.456 +/- 1.25036
 Mesh Index (13, 1, 13)
   Total Material
     Flux                                 0.0878688 +/- 0.000797481
     heating                              6596.27 +/- 70.2997
     damage-energy                        98.4952 +/- 0.914874
 Mesh Index (14, 1, 13)
   Total Material
     Flux                                 0.0540535 +/- 0.000614453
     heating                              3962.13 +/- 48.2906
     damage-energy                        58.3635 +/- 0.695831
 Mesh Index (15, 1, 13)
   Total Material
     Flux                                 0.0295325 +/- 0.00039168
     heating                              2137.31 +/- 30.963
     damage-energy                        30.6099 +/- 0.477238
 Mesh Index (16, 1, 13)
   Total Material
     Flux                                 0.0112829 +/- 0.000205572
     heating                              515.917 +/- 13.1755
     damage-energy                        7.67657 +/- 0.169012
 Mesh Index (17, 1, 13)
   Total Material
     Flux                                 0.00757895 +/- 0.000157499
     heating                              0 +/- 0
     damage-energy                        0 +/- 0
 Mesh Index (18, 1, 13)
   Total Material
     Flux                                 0.00682056 +/- 0.000146963
     heating                              0 +/- 0
     damage-energy                        0 +/- 0
 Mesh Index (19, 1, 13)
   Total Material
     Flux                                 0.00636335 +/- 0.000121722
     heating                              0 +/- 0
     damage-energy                        0 +/- 0
 Mesh Index (20, 1, 13)
   Total Material
     Flux                                 0.00586746 +/- 0.000160798
     heating                              0 +/- 0
     damage-energy                        0 +/- 0
 Mesh Index (21, 1, 13)
   Total Material
     Flux                                 0.00398537 +/- 0.000116031
     heating                              0 +/- 0
     damage-energy                        0 +/- 0
 Mesh Index (22, 1, 13)
   Total Material
     Flux                                 0.00294867 +/- 8.02058e-05
     heating                              0 +/- 0
     damage-energy                        0 +/- 0
 Mesh Index (23, 1, 13)
   Total Material
     Flux                                 0.00234304 +/- 6.35753e-05
     heating                              0 +/- 0
     damage-energy                        0 +/- 0
 Mesh Index (24, 1, 13)
   Total Material
     Flux                                 0.00189942 +/- 7.62346e-05
     heating                              0 +/- 0
     damage-energy                        0 +/- 0
 Mesh Index (1, 2, 13)
   Total Material
     Flux                                 0.0812138 +/- 0.000563478
     heating                              0 +/- 0
     damage-energy                        0 +/- 0
 Mesh Index (2, 2, 13)
   Total Material
     Flux                                 0.115014 +/- 0.000739844
     heating                              0 +/- 0
     damage-energy                        0 +/- 0
 Mesh Index (3, 2, 13)
   Total Material
     Flux                                 0.146483 +/- 0.000878311
     heating                              0 +/- 0
     damage-energy                        0 +/- 0
 Mesh Index (4, 2, 13)
   Total Material
     Flux                                 0.170423 +/- 0.000881519
     heating                              0 +/- 0
     damage-energy                        0 +/- 0
 Mesh Index (5, 2, 13)
   Total Material
     Flux                                 0.188223 +/- 0.000930455
     heating                              0 +/- 0
     damage-energy                        0 +/- 0
 Mesh Index (6, 2, 13)
   Total Material
     Flux                                 0.203648 +/- 0.000925374
     heating                              0 +/- 0
     damage-energy                        0 +/- 0
 Mesh Index (7, 2, 13)
   Total Material
     Flux                                 0.217404 +/- 0.000835299
     heating                              0 +/- 0
     damage-energy                        0 +/- 0
 Mesh Index (8, 2, 13)
   Total Material
     Flux                                 0.227824 +/- 0.00109458
     heating                              0 +/- 0
     damage-energy                        0 +/- 0
 Mesh Index (9, 2, 13)
   Total Material
     Flux                                 0.229227 +/- 0.00117374
     heating                              0 +/- 0
     damage-energy                        0 +/- 0
 Mesh Index (10, 2, 13)
   Total Material
     Flux                                 0.215262 +/- 0.000890352
     heating                              6331.87 +/- 40.4555
     damage-energy                        1264.94 +/- 6.79471
 Mesh Index (11, 2, 13)
   Total Material
     Flux                                 0.185913 +/- 0.00103444
     heating                              6312.47 +/- 48.7976
     damage-energy                        91.8575 +/- 0.749772
 Mesh Index (12, 2, 13)
   Total Material
     Flux                                 0.139043 +/- 0.000870559
     heating                              10923.7 +/- 75.3415
     damage-energy                        165.677 +/- 1.22581
 Mesh Index (13, 2, 13)
   Total Material
     Flux                                 0.0907254 +/- 0.000819744
     heating                              6805.15 +/- 69.6745
     damage-energy                        102.447 +/- 0.94663
 Mesh Index (14, 2, 13)
   Total Material
     Flux                                 0.0550324 +/- 0.000587263
     heating                              4062.05 +/- 51.743
     damage-energy                        59.3493 +/- 0.654119
 Mesh Index (15, 2, 13)
   Total Material
     Flux                                 0.0295693 +/- 0.000453825
     heating                              2161.71 +/- 39.015
     damage-energy                        31.2203 +/- 0.525016
 Mesh Index (16, 2, 13)
   Total Material
     Flux                                 0.0115254 +/- 0.000194157
     heating                              539.322 +/- 13.9672
     damage-energy                        8.29129 +/- 0.194546
 Mesh Index (17, 2, 13)
   Total Material
     Flux                                 0.00750448 +/- 0.000130556
     heating                              0 +/- 0
     damage-energy                        0 +/- 0
 Mesh Index (18, 2, 13)
   Total Material
     Flux                                 0.00692294 +/- 0.000117975
     heating                              0 +/- 0
     damage-energy                        0 +/- 0
 Mesh Index (19, 2, 13)
   Total Material
     Flux                                 0.00654825 +/- 0.000136896
     heating                              0 +/- 0
     damage-energy                        0 +/- 0
 Mesh Index (20, 2, 13)
   Total Material
     Flux                                 0.00609201 +/- 0.000146401
     heating                              0 +/- 0
     damage-energy                        0 +/- 0
 Mesh Index (21, 2, 13)
   Total Material
     Flux                                 0.00291232 +/- 0.000111623
     heating                              0 +/- 0
     damage-energy                        0 +/- 0
 Mesh Index (22, 2, 13)
   Total Material
     Flux                                 0.00185647 +/- 8.75349e-05
     heating                              0 +/- 0
     damage-energy                        0 +/- 0
 Mesh Index (23, 2, 13)
   Total Material
     Flux                                 0.00123998 +/- 6.19549e-05
     heating                              0 +/- 0
     damage-energy                        0 +/- 0
 Mesh Index (24, 2, 13)
   Total Material
     Flux                                 0.000785549 +/- 4.29433e-05
     heating                              0 +/- 0
     damage-energy                        0 +/- 0
 Mesh Index (1, 3, 13)
   Total Material
     Flux                                 0.0817976 +/- 0.00051669
     heating                              0 +/- 0
     damage-energy                        0 +/- 0
 Mesh Index (2, 3, 13)
   Total Material
     Flux                                 0.115481 +/- 0.000594608
     heating                              0 +/- 0
     damage-energy                        0 +/- 0
 Mesh Index (3, 3, 13)
   Total Material
     Flux                                 0.148317 +/- 0.000786229
     heating                              0 +/- 0
     damage-energy                        0 +/- 0
 Mesh Index (4, 3, 13)
   Total Material
     Flux                                 0.169995 +/- 0.000952777
     heating                              0 +/- 0
     damage-energy                        0 +/- 0
 Mesh Index (5, 3, 13)
   Total Material
     Flux                                 0.188602 +/- 0.000931189
     heating                              0 +/- 0
     damage-energy                        0 +/- 0
 Mesh Index (6, 3, 13)
   Total Material
     Flux                                 0.204942 +/- 0.000841272
     heating                              0 +/- 0
     damage-energy                        0 +/- 0
 Mesh Index (7, 3, 13)
   Total Material
     Flux                                 0.217318 +/- 0.000887465
     heating                              0 +/- 0
     damage-energy                        0 +/- 0
 Mesh Index (8, 3, 13)
   Total Material
     Flux                                 0.228521 +/- 0.000817678
     heating                              0 +/- 0
     damage-energy                        0 +/- 0
 Mesh Index (9, 3, 13)
   Total Material
     Flux                                 0.230602 +/- 0.00116462
     heating                              0 +/- 0
     damage-energy                        0 +/- 0
 Mesh Index (10, 3, 13)
   Total Material
     Flux                                 0.219465 +/- 0.00109105
     heating                              6389 +/- 49.7395
     damage-energy                        1278.15 +/- 8.54139
 Mesh Index (11, 3, 13)
   Total Material
     Flux                                 0.188471 +/- 0.00126371
     heating                              6386.92 +/- 51.9373
     damage-energy                        92.0523 +/- 0.765404
 Mesh Index (12, 3, 13)
   Total Material
     Flux                                 0.138576 +/- 0.000920381
     heating                              10825.9 +/- 82.7549
     damage-energy                        163.267 +/- 1.20417
 Mesh Index (13, 3, 13)
   Total Material
     Flux                                 0.089413 +/- 0.000723926
     heating                              6705.9 +/- 61.209
     damage-energy                        100.621 +/- 0.816123
 Mesh Index (14, 3, 13)
   Total Material
     Flux                                 0.0543683 +/- 0.000436588
     heating                              4008.08 +/- 40.1645
     damage-energy                        58.5214 +/- 0.549884
 Mesh Index (15, 3, 13)
   Total Material
     Flux                                 0.0298336 +/- 0.000377565
     heating                              2167.32 +/- 34.431
     damage-energy                        30.9672 +/- 0.38893
 Mesh Index (16, 3, 13)
   Total Material
     Flux                                 0.011535 +/- 0.00020081
     heating                              535.058 +/- 10.6322
     damage-energy                        8.04675 +/- 0.159731
 Mesh Index (17, 3, 13)
   Total Material
     Flux                                 0.00742653 +/- 0.000140662
     heating                              0 +/- 0
     damage-energy                        0 +/- 0
 Mesh Index (18, 3, 13)
   Total Material
     Flux                                 0.00651173 +/- 0.000139274
     heating                              0 +/- 0
     damage-energy                        0 +/- 0
 Mesh Index (19, 3, 13)
   Total Material
     Flux                                 0.00607883 +/- 0.000116995
     heating                              0 +/- 0
     damage-energy                        0 +/- 0
 Mesh Index (20, 3, 13)
   Total Material
     Flux                                 0.00580451 +/- 0.000112914
     heating                              0 +/- 0
     damage-energy                        0 +/- 0
 Mesh Index (21, 3, 13)
   Total Material
     Flux                                 0.00541025 +/- 0.00012873
     heating                              0 +/- 0
     damage-energy                        0 +/- 0
 Mesh Index (22, 3, 13)
   Total Material
     Flux                                 0.00429311 +/- 0.000114372
     heating                              0 +/- 0
     damage-energy                        0 +/- 0
 Mesh Index (23, 3, 13)
   Total Material
     Flux                                 0.00352617 +/- 0.000104033
     heating                              0 +/- 0
     damage-energy                        0 +/- 0
 Mesh Index (24, 3, 13)
   Total Material
     Flux                                 0.00263076 +/- 8.23119e-05
     heating                              0 +/- 0
     damage-energy                        0 +/- 0
 Mesh Index (1, 4, 13)
   Total Material
     Flux                                 0.081562 +/- 0.000529354
     heating                              0 +/- 0
     damage-energy                        0 +/- 0
 Mesh Index (2, 4, 13)
   Total Material
     Flux                                 0.115016 +/- 0.000646676
     heating                              0 +/- 0
     damage-energy                        0 +/- 0
 Mesh Index (3, 4, 13)
   Total Material
     Flux                                 0.147621 +/- 0.000636091
     heating                              0 +/- 0
     damage-energy                        0 +/- 0
 Mesh Index (4, 4, 13)
   Total Material
     Flux                                 0.170883 +/- 0.000885246
     heating                              0 +/- 0
     damage-energy                        0 +/- 0
 Mesh Index (5, 4, 13)
   Total Material
     Flux                                 0.1895 +/- 0.00084668
     heating                              0 +/- 0
     damage-energy                        0 +/- 0
 Mesh Index (6, 4, 13)
   Total Material
     Flux                                 0.205073 +/- 0.00100561
     heating                              0 +/- 0
     damage-energy                        0 +/- 0
 Mesh Index (7, 4, 13)
   Total Material
     Flux                                 0.218631 +/- 0.000885339
     heating                              0 +/- 0
     damage-energy                        0 +/- 0
 Mesh Index (8, 4, 13)
   Total Material
     Flux                                 0.229945 +/- 0.000958065
     heating                              0 +/- 0
     damage-energy                        0 +/- 0
 Mesh Index (9, 4, 13)
   Total Material
     Flux                                 0.231661 +/- 0.00111932
     heating                              0 +/- 0
     damage-energy                        0 +/- 0
 Mesh Index (10, 4, 13)
   Total Material
     Flux                                 0.218323 +/- 0.00128579
     heating                              6415.66 +/- 39.7625
     damage-energy                        1281.42 +/- 7.76275
 Mesh Index (11, 4, 13)
   Total Material
     Flux                                 0.187643 +/- 0.00114255
     heating                              6346.94 +/- 54.489
     damage-energy                        91.0707 +/- 0.680852
 Mesh Index (12, 4, 13)
   Total Material
     Flux                                 0.138389 +/- 0.00109943
     heating                              10812 +/- 87.76
     damage-energy                        163.007 +/- 1.31976
 Mesh Index (13, 4, 13)
   Total Material
     Flux                                 0.08904 +/- 0.000774913
     heating                              6713.14 +/- 63.5865
     damage-energy                        99.2294 +/- 0.818854
 Mesh Index (14, 4, 13)
   Total Material
     Flux                                 0.0540388 +/- 0.000520466
     heating                              3981.64 +/- 45.5062
     damage-energy                        57.7006 +/- 0.537736
 Mesh Index (15, 4, 13)
   Total Material
     Flux                                 0.0297222 +/- 0.000408788
     heating                              2165 +/- 33.9271
     damage-energy                        31.0692 +/- 0.440918
 Mesh Index (16, 4, 13)
   Total Material
     Flux                                 0.0114196 +/- 0.000253704
     heating                              529.752 +/- 13.917
     damage-energy                        8.0562 +/- 0.19828
 Mesh Index (17, 4, 13)
   Total Material
     Flux                                 0.00750936 +/- 0.000158511
     heating                              0 +/- 0
     damage-energy                        0 +/- 0
 Mesh Index (18, 4, 13)
   Total Material
     Flux                                 0.0068209 +/- 0.000145697
     heating                              0 +/- 0
     damage-energy                        0 +/- 0
 Mesh Index (19, 4, 13)
   Total Material
     Flux                                 0.00637062 +/- 0.000154214
     heating                              0 +/- 0
     damage-energy                        0 +/- 0
 Mesh Index (20, 4, 13)
   Total Material
     Flux                                 0.00561486 +/- 0.000130739
     heating                              0 +/- 0
     damage-energy                        0 +/- 0
 Mesh Index (21, 4, 13)
   Total Material
     Flux                                 0.00255606 +/- 8.4651e-05
     heating                              0 +/- 0
     damage-energy                        0 +/- 0
 Mesh Index (22, 4, 13)
   Total Material
     Flux                                 0.000995808 +/- 4.68321e-05
     heating                              0 +/- 0
     damage-energy                        0 +/- 0
 Mesh Index (23, 4, 13)
   Total Material
     Flux                                 8.845e-05 +/- 8.98381e-06
     heating                              0 +/- 0
     damage-energy                        0 +/- 0
 Mesh Index (24, 4, 13)
   Total Material
     Flux                                 0 +/- 0
     heating                              0 +/- 0
     damage-energy                        0 +/- 0
 Mesh Index (1, 5, 13)
   Total Material
     Flux                                 0.0824513 +/- 0.000600917
     heating                              0 +/- 0
     damage-energy                        0 +/- 0
 Mesh Index (2, 5, 13)
   Total Material
     Flux                                 0.1166 +/- 0.000776717
     heating                              0 +/- 0
     damage-energy                        0 +/- 0
 Mesh Index (3, 5, 13)
   Total Material
     Flux                                 0.147678 +/- 0.000687233
     heating                              0 +/- 0
     damage-energy                        0 +/- 0
 Mesh Index (4, 5, 13)
   Total Material
     Flux                                 0.170726 +/- 0.000807305
     heating                              0 +/- 0
     damage-energy                        0 +/- 0
 Mesh Index (5, 5, 13)
   Total Material
     Flux                                 0.190926 +/- 0.000871057
     heating                              0 +/- 0
     damage-energy                        0 +/- 0
 Mesh Index (6, 5, 13)
   Total Material
     Flux                                 0.205854 +/- 0.0010451
     heating                              0 +/- 0
     damage-energy                        0 +/- 0
 Mesh Index (7, 5, 13)
   Total Material
     Flux                                 0.218358 +/- 0.000890215
     heating                              0 +/- 0
     damage-energy                        0 +/- 0
 Mesh Index (8, 5, 13)
   Total Material
     Flux                                 0.227989 +/- 0.000869308
     heating                              0 +/- 0
     damage-energy                        0 +/- 0
 Mesh Index (9, 5, 13)
   Total Material
     Flux                                 0.229146 +/- 0.00113707
     heating                              0 +/- 0
     damage-energy                        0 +/- 0
 Mesh Index (10, 5, 13)
   Total Material
     Flux                                 0.216937 +/- 0.00111199
     heating                              6256.91 +/- 49.2317
     damage-energy                        1257.91 +/- 8.51365
 Mesh Index (11, 5, 13)
   Total Material
     Flux                                 0.185423 +/- 0.000969902
     heating                              6273.54 +/- 43.8092
     damage-energy                        90.492 +/- 0.5929
 Mesh Index (12, 5, 13)
   Total Material
     Flux                                 0.137178 +/- 0.00114986
     heating                              10755.4 +/- 92.7519
     damage-energy                        160.851 +/- 1.42555
 Mesh Index (13, 5, 13)
   Total Material
     Flux                                 0.0888825 +/- 0.000784091
     heating                              6731.3 +/- 72.919
     damage-energy                        99.3627 +/- 0.897803
 Mesh Index (14, 5, 13)
   Total Material
     Flux                                 0.0533764 +/- 0.000547595
     heating                              3942.2 +/- 50.6335
     damage-energy                        57.3109 +/- 0.694069
 Mesh Index (15, 5, 13)
   Total Material
     Flux                                 0.030077 +/- 0.000427354
     heating                              2205.54 +/- 35.0372
     damage-energy                        31.7182 +/- 0.495156
 Mesh Index (16, 5, 13)
   Total Material
     Flux                                 0.0111028 +/- 0.000221036
     heating                              525.34 +/- 14.7273
     damage-energy                        7.95865 +/- 0.195996
 Mesh Index (17, 5, 13)
   Total Material
     Flux                                 0.00727813 +/- 0.00014933
     heating                              0 +/- 0
     damage-energy                        0 +/- 0
 Mesh Index (18, 5, 13)
   Total Material
     Flux                                 0.00678782 +/- 0.000147923
     heating                              0 +/- 0
     damage-energy                        0 +/- 0
 Mesh Index (19, 5, 13)
   Total Material
     Flux                                 0.00634141 +/- 0.000120444
     heating                              0 +/- 0
     damage-energy                        0 +/- 0
 Mesh Index (20, 5, 13)
   Total Material
     Flux                                 0.0060096 +/- 0.000115115
     heating                              0 +/- 0
     damage-energy                        0 +/- 0
 Mesh Index (21, 5, 13)
   Total Material
     Flux                                 0.00553418 +/- 0.000102822
     heating                              0 +/- 0
     damage-energy                        0 +/- 0
 Mesh Index (22, 5, 13)
   Total Material
     Flux                                 0.00439883 +/- 0.000122984
     heating                              0 +/- 0
     damage-energy                        0 +/- 0
 Mesh Index (23, 5, 13)
   Total Material
     Flux                                 0.00357869 +/- 0.000121964
     heating                              0 +/- 0
     damage-energy                        0 +/- 0
 Mesh Index (24, 5, 13)
   Total Material
     Flux                                 0.00270686 +/- 0.000103969
     heating                              0 +/- 0
     damage-energy                        0 +/- 0
 Mesh Index (1, 6, 13)
   Total Material
     Flux                                 0.0834439 +/- 0.00053096
     heating                              0 +/- 0
     damage-energy                        0 +/- 0
 Mesh Index (2, 6, 13)
   Total Material
     Flux                                 0.115898 +/- 0.000645494
     heating                              0 +/- 0
     damage-energy                        0 +/- 0
 Mesh Index (3, 6, 13)
   Total Material
     Flux                                 0.147489 +/- 0.000746929
     heating                              0 +/- 0
     damage-energy                        0 +/- 0
 Mesh Index (4, 6, 13)
   Total Material
     Flux                                 0.170694 +/- 0.000787617
     heating                              0 +/- 0
     damage-energy                        0 +/- 0
 Mesh Index (5, 6, 13)
   Total Material
     Flux                                 0.190029 +/- 0.00100113
     heating                              0 +/- 0
     damage-energy                        0 +/- 0
 Mesh Index (6, 6, 13)
   Total Material
     Flux                                 0.206263 +/- 0.00114642
     heating                              0 +/- 0
     damage-energy                        0 +/- 0
 Mesh Index (7, 6, 13)
   Total Material
     Flux                                 0.220331 +/- 0.00100886
     heating                              0 +/- 0
     damage-energy                        0 +/- 0
 Mesh Index (8, 6, 13)
   Total Material
     Flux                                 0.228367 +/- 0.000822793
     heating                              0 +/- 0
     damage-energy                        0 +/- 0
 Mesh Index (9, 6, 13)
   Total Material
     Flux                                 0.230485 +/- 0.000943732
     heating                              0 +/- 0
     damage-energy                        0 +/- 0
 Mesh Index (10, 6, 13)
   Total Material
     Flux                                 0.216686 +/- 0.00117292
     heating                              6423.8 +/- 48.4269
     damage-energy                        1277.67 +/- 8.22389
 Mesh Index (11, 6, 13)
   Total Material
     Flux                                 0.188233 +/- 0.0013759
     heating                              6371.02 +/- 54.8444
     damage-energy                        92.4831 +/- 0.818021
 Mesh Index (12, 6, 13)
   Total Material
     Flux                                 0.139779 +/- 0.000991552
     heating                              10894.1 +/- 86.7814
     damage-energy                        166.03 +/- 1.14464
 Mesh Index (13, 6, 13)
   Total Material
     Flux                                 0.0902621 +/- 0.000725533
     heating                              6726.6 +/- 61.8512
     damage-energy                        101.748 +/- 0.857179
 Mesh Index (14, 6, 13)
   Total Material
     Flux                                 0.0548385 +/- 0.000619341
     heating                              4027.76 +/- 49.3625
     damage-energy                        58.9433 +/- 0.699457
 Mesh Index (15, 6, 13)
   Total Material
     Flux                                 0.0294157 +/- 0.000408519
     heating                              2144.14 +/- 36.0468
     damage-energy                        31.0068 +/- 0.491085
 Mesh Index (16, 6, 13)
   Total Material
     Flux                                 0.011322 +/- 0.000199377
     heating                              530.705 +/- 11.4898
     damage-energy                        8.01516 +/- 0.170813
 Mesh Index (17, 6, 13)
   Total Material
     Flux                                 0.00745288 +/- 0.000151614
     heating                              0 +/- 0
     damage-energy                        0 +/- 0
 Mesh Index (18, 6, 13)
   Total Material
     Flux                                 0.00677101 +/- 9.96111e-05
     heating                              0 +/- 0
     damage-energy                        0 +/- 0
 Mesh Index (19, 6, 13)
   Total Material
     Flux                                 0.00631954 +/- 0.000129243
     heating                              0 +/- 0
     damage-energy                        0 +/- 0
 Mesh Index (20, 6, 13)
   Total Material
     Flux                                 0.00572452 +/- 0.000146793
     heating                              0 +/- 0
     damage-energy                        0 +/- 0
 Mesh Index (21, 6, 13)
   Total Material
     Flux                                 0.00277509 +/- 7.23983e-05
     heating                              0 +/- 0
     damage-energy                        0 +/- 0
 Mesh Index (22, 6, 13)
   Total Material
     Flux                                 0.00174193 +/- 6.76358e-05
     heating                              0 +/- 0
     damage-energy                        0 +/- 0
 Mesh Index (23, 6, 13)
   Total Material
     Flux                                 0.00116326 +/- 5.44462e-05
     heating                              0 +/- 0
     damage-energy                        0 +/- 0
 Mesh Index (24, 6, 13)
   Total Material
     Flux                                 0.000785753 +/- 4.18676e-05
     heating                              0 +/- 0
     damage-energy                        0 +/- 0
 Mesh Index (1, 7, 13)
   Total Material
     Flux                                 0.0815106 +/- 0.000522513
     heating                              0 +/- 0
     damage-energy                        0 +/- 0
 Mesh Index (2, 7, 13)
   Total Material
     Flux                                 0.114923 +/- 0.000669699
     heating                              0 +/- 0
     damage-energy                        0 +/- 0
 Mesh Index (3, 7, 13)
   Total Material
     Flux                                 0.148113 +/- 0.000798423
     heating                              0 +/- 0
     damage-energy                        0 +/- 0
 Mesh Index (4, 7, 13)
   Total Material
     Flux                                 0.170063 +/- 0.000724262
     heating                              0 +/- 0
     damage-energy                        0 +/- 0
 Mesh Index (5, 7, 13)
   Total Material
     Flux                                 0.19032 +/- 0.000923427
     heating                              0 +/- 0
     damage-energy                        0 +/- 0
 Mesh Index (6, 7, 13)
   Total Material
     Flux                                 0.204543 +/- 0.00107311
     heating                              0 +/- 0
     damage-energy                        0 +/- 0
 Mesh Index (7, 7, 13)
   Total Material
     Flux                                 0.216938 +/- 0.00104346
     heating                              0 +/- 0
     damage-energy                        0 +/- 0
 Mesh Index (8, 7, 13)
   Total Material
     Flux                                 0.229366 +/- 0.00104581
     heating                              0 +/- 0
     damage-energy                        0 +/- 0
 Mesh Index (9, 7, 13)
   Total Material
     Flux                                 0.229794 +/- 0.000869569
     heating                              0 +/- 0
     damage-energy                        0 +/- 0
 Mesh Index (10, 7, 13)
   Total Material
     Flux                                 0.21726 +/- 0.000994579
     heating                              6445.73 +/- 45.1054
     damage-energy                        1279.52 +/- 7.39872
 Mesh Index (11, 7, 13)
   Total Material
     Flux                                 0.187538 +/- 0.00105503
     heating                              6413.18 +/- 56.315
     damage-energy                        92.5535 +/- 0.709639
 Mesh Index (12, 7, 13)
   Total Material
     Flux                                 0.138521 +/- 0.000966323
     heating                              10880.7 +/- 84.1905
     damage-energy                        163.869 +/- 1.29893
 Mesh Index (13, 7, 13)
   Total Material
     Flux                                 0.0893413 +/- 0.000736903
     heating                              6670.22 +/- 62.0687
     damage-energy                        100.22 +/- 1.01413
 Mesh Index (14, 7, 13)
   Total Material
     Flux                                 0.0554089 +/- 0.000579789
     heating                              4048.92 +/- 44.1306
     damage-energy                        60.0339 +/- 0.698084
 Mesh Index (15, 7, 13)
   Total Material
     Flux                                 0.0301752 +/- 0.000432228
     heating                              2190.56 +/- 31.8779
     damage-energy                        31.8169 +/- 0.511551
 Mesh Index (16, 7, 13)
   Total Material
     Flux                                 0.0117847 +/- 0.000204712
     heating                              568.422 +/- 12.1003
     damage-energy                        8.35705 +/- 0.175097
 Mesh Index (17, 7, 13)
   Total Material
     Flux                                 0.00748606 +/- 0.000156106
     heating                              0 +/- 0
     damage-energy                        0 +/- 0
 Mesh Index (18, 7, 13)
   Total Material
     Flux                                 0.00682436 +/- 0.000163861
     heating                              0 +/- 0
     damage-energy                        0 +/- 0
 Mesh Index (19, 7, 13)
   Total Material
     Flux                                 0.00631692 +/- 0.000158587
     heating                              0 +/- 0
     damage-energy                        0 +/- 0
 Mesh Index (20, 7, 13)
   Total Material
     Flux                                 0.00580686 +/- 0.000147702
     heating                              0 +/- 0
     damage-energy                        0 +/- 0
 Mesh Index (21, 7, 13)
   Total Material
     Flux                                 0.00400279 +/- 0.000110998
     heating                              0 +/- 0
     damage-energy                        0 +/- 0
 Mesh Index (22, 7, 13)
   Total Material
     Flux                                 0.00319061 +/- 9.75755e-05
     heating                              0 +/- 0
     damage-energy                        0 +/- 0
 Mesh Index (23, 7, 13)
   Total Material
     Flux                                 0.00253837 +/- 9.06049e-05
     heating                              0 +/- 0
     damage-energy                        0 +/- 0
 Mesh Index (24, 7, 13)
   Total Material
     Flux                                 0.00184111 +/- 7.0527e-05
     heating                              0 +/- 0
     damage-energy                        0 +/- 0
 Mesh Index (1, 1, 14)
   Total Material
     Flux                                 0.0797306 +/- 0.000537792
     heating                              0 +/- 0
     damage-energy                        0 +/- 0
 Mesh Index (2, 1, 14)
   Total Material
     Flux                                 0.114221 +/- 0.000720029
     heating                              0 +/- 0
     damage-energy                        0 +/- 0
 Mesh Index (3, 1, 14)
   Total Material
     Flux                                 0.14481 +/- 0.000744417
     heating                              0 +/- 0
     damage-energy                        0 +/- 0
 Mesh Index (4, 1, 14)
   Total Material
     Flux                                 0.166953 +/- 0.000835067
     heating                              0 +/- 0
     damage-energy                        0 +/- 0
 Mesh Index (5, 1, 14)
   Total Material
     Flux                                 0.185008 +/- 0.000758225
     heating                              0 +/- 0
     damage-energy                        0 +/- 0
 Mesh Index (6, 1, 14)
   Total Material
     Flux                                 0.200735 +/- 0.00079853
     heating                              0 +/- 0
     damage-energy                        0 +/- 0
 Mesh Index (7, 1, 14)
   Total Material
     Flux                                 0.214072 +/- 0.000883658
     heating                              0 +/- 0
     damage-energy                        0 +/- 0
 Mesh Index (8, 1, 14)
   Total Material
     Flux                                 0.223634 +/- 0.000883204
     heating                              0 +/- 0
     damage-energy                        0 +/- 0
 Mesh Index (9, 1, 14)
   Total Material
     Flux                                 0.225469 +/- 0.000836937
     heating                              0 +/- 0
     damage-energy                        0 +/- 0
 Mesh Index (10, 1, 14)
   Total Material
     Flux                                 0.210979 +/- 0.00123235
     heating                              6166.47 +/- 44.4875
     damage-energy                        1233.49 +/- 7.87178
 Mesh Index (11, 1, 14)
   Total Material
     Flux                                 0.180744 +/- 0.00104599
     heating                              6130.84 +/- 49.0733
     damage-energy                        88.8466 +/- 0.649821
 Mesh Index (12, 1, 14)
   Total Material
     Flux                                 0.134775 +/- 0.000899885
     heating                              10552.5 +/- 80.2756
     damage-energy                        158.326 +/- 1.13569
 Mesh Index (13, 1, 14)
   Total Material
     Flux                                 0.0877812 +/- 0.000749669
     heating                              6545.37 +/- 59.0516
     damage-energy                        97.7322 +/- 0.870894
 Mesh Index (14, 1, 14)
   Total Material
     Flux                                 0.0533108 +/- 0.000545093
     heating                              3899.97 +/- 47.5718
     damage-energy                        57.4551 +/- 0.639904
 Mesh Index (15, 1, 14)
   Total Material
     Flux                                 0.0297855 +/- 0.00037885
     heating                              2151.3 +/- 33.2414
     damage-energy                        31.3984 +/- 0.410923
 Mesh Index (16, 1, 14)
   Total Material
     Flux                                 0.0113898 +/- 0.000204221
     heating                              536.272 +/- 11.8985
     damage-energy                        8.21478 +/- 0.207207
 Mesh Index (17, 1, 14)
   Total Material
     Flux                                 0.00732656 +/- 0.00015494
     heating                              0 +/- 0
     damage-energy                        0 +/- 0
 Mesh Index (18, 1, 14)
   Total Material
     Flux                                 0.0067307 +/- 0.000134224
     heating                              0 +/- 0
     damage-energy                        0 +/- 0
 Mesh Index (19, 1, 14)
   Total Material
     Flux                                 0.00619297 +/- 0.00014345
     heating                              0 +/- 0
     damage-energy                        0 +/- 0
 Mesh Index (20, 1, 14)
   Total Material
     Flux                                 0.00543908 +/- 0.000132981
     heating                              0 +/- 0
     damage-energy                        0 +/- 0
 Mesh Index (21, 1, 14)
   Total Material
     Flux                                 0.00388979 +/- 9.78052e-05
     heating                              0 +/- 0
     damage-energy                        0 +/- 0
 Mesh Index (22, 1, 14)
   Total Material
     Flux                                 0.00288347 +/- 7.96208e-05
     heating                              0 +/- 0
     damage-energy                        0 +/- 0
 Mesh Index (23, 1, 14)
   Total Material
     Flux                                 0.00219109 +/- 6.92752e-05
     heating                              0 +/- 0
     damage-energy                        0 +/- 0
 Mesh Index (24, 1, 14)
   Total Material
     Flux                                 0.00185141 +/- 6.21591e-05
     heating                              0 +/- 0
     damage-energy                        0 +/- 0
 Mesh Index (1, 2, 14)
   Total Material
     Flux                                 0.0809815 +/- 0.000564538
     heating                              0 +/- 0
     damage-energy                        0 +/- 0
 Mesh Index (2, 2, 14)
   Total Material
     Flux                                 0.113671 +/- 0.000595133
     heating                              0 +/- 0
     damage-energy                        0 +/- 0
 Mesh Index (3, 2, 14)
   Total Material
     Flux                                 0.145269 +/- 0.000729231
     heating                              0 +/- 0
     damage-energy                        0 +/- 0
 Mesh Index (4, 2, 14)
   Total Material
     Flux                                 0.167866 +/- 0.000802434
     heating                              0 +/- 0
     damage-energy                        0 +/- 0
 Mesh Index (5, 2, 14)
   Total Material
     Flux                                 0.18693 +/- 0.00086765
     heating                              0 +/- 0
     damage-energy                        0 +/- 0
 Mesh Index (6, 2, 14)
   Total Material
     Flux                                 0.2008 +/- 0.000803134
     heating                              0 +/- 0
     damage-energy                        0 +/- 0
 Mesh Index (7, 2, 14)
   Total Material
     Flux                                 0.214398 +/- 0.000965249
     heating                              0 +/- 0
     damage-energy                        0 +/- 0
 Mesh Index (8, 2, 14)
   Total Material
     Flux                                 0.224662 +/- 0.00106176
     heating                              0 +/- 0
     damage-energy                        0 +/- 0
 Mesh Index (9, 2, 14)
   Total Material
     Flux                                 0.224734 +/- 0.000945091
     heating                              0 +/- 0
     damage-energy                        0 +/- 0
 Mesh Index (10, 2, 14)
   Total Material
     Flux                                 0.213137 +/- 0.000966053
     heating                              6311.2 +/- 45.0656
     damage-energy                        1258.54 +/- 7.53218
 Mesh Index (11, 2, 14)
   Total Material
     Flux                                 0.182936 +/- 0.00118489
     heating                              6227.33 +/- 49.2489
     damage-energy                        89.9624 +/- 0.708257
 Mesh Index (12, 2, 14)
   Total Material
     Flux                                 0.136372 +/- 0.000879988
     heating                              10692.7 +/- 71.655
     damage-energy                        161.703 +/- 1.25022
 Mesh Index (13, 2, 14)
   Total Material
     Flux                                 0.087824 +/- 0.000922779
     heating                              6544.36 +/- 71.172
     damage-energy                        99.2668 +/- 1.00979
 Mesh Index (14, 2, 14)
   Total Material
     Flux                                 0.0532197 +/- 0.000562042
     heating                              3875.11 +/- 48.1027
     damage-energy                        57.5999 +/- 0.583046
 Mesh Index (15, 2, 14)
   Total Material
     Flux                                 0.0291547 +/- 0.000369499
     heating                              2112.8 +/- 33.7022
     damage-energy                        30.7053 +/- 0.441577
 Mesh Index (16, 2, 14)
   Total Material
     Flux                                 0.0109542 +/- 0.000194968
     heating                              506.417 +/- 12.1453
     damage-energy                        7.85455 +/- 0.172726
 Mesh Index (17, 2, 14)
   Total Material
     Flux                                 0.00738426 +/- 0.000158432
     heating                              0 +/- 0
     damage-energy                        0 +/- 0
 Mesh Index (18, 2, 14)
   Total Material
     Flux                                 0.00667613 +/- 0.000142233
     heating                              0 +/- 0
     damage-energy                        0 +/- 0
 Mesh Index (19, 2, 14)
   Total Material
     Flux                                 0.00618005 +/- 0.000138452
     heating                              0 +/- 0
     damage-energy                        0 +/- 0
 Mesh Index (20, 2, 14)
   Total Material
     Flux                                 0.00555345 +/- 0.000125471
     heating                              0 +/- 0
     damage-energy                        0 +/- 0
 Mesh Index (21, 2, 14)
   Total Material
     Flux                                 0.00280897 +/- 8.0821e-05
     heating                              0 +/- 0
     damage-energy                        0 +/- 0
 Mesh Index (22, 2, 14)
   Total Material
     Flux                                 0.00168662 +/- 7.55563e-05
     heating                              0 +/- 0
     damage-energy                        0 +/- 0
 Mesh Index (23, 2, 14)
   Total Material
     Flux                                 0.00111366 +/- 5.48962e-05
     heating                              0 +/- 0
     damage-energy                        0 +/- 0
 Mesh Index (24, 2, 14)
   Total Material
     Flux                                 0.000741596 +/- 4.1244e-05
     heating                              0 +/- 0
     damage-energy                        0 +/- 0
 Mesh Index (1, 3, 14)
   Total Material
     Flux                                 0.0797366 +/- 0.000526895
     heating                              0 +/- 0
     damage-energy                        0 +/- 0
 Mesh Index (2, 3, 14)
   Total Material
     Flux                                 0.112618 +/- 0.000598919
     heating                              0 +/- 0
     damage-energy                        0 +/- 0
 Mesh Index (3, 3, 14)
   Total Material
     Flux                                 0.145076 +/- 0.000630916
     heating                              0 +/- 0
     damage-energy                        0 +/- 0
 Mesh Index (4, 3, 14)
   Total Material
     Flux                                 0.167789 +/- 0.000808899
     heating                              0 +/- 0
     damage-energy                        0 +/- 0
 Mesh Index (5, 3, 14)
   Total Material
     Flux                                 0.184953 +/- 0.00097326
     heating                              0 +/- 0
     damage-energy                        0 +/- 0
 Mesh Index (6, 3, 14)
   Total Material
     Flux                                 0.201545 +/- 0.000890404
     heating                              0 +/- 0
     damage-energy                        0 +/- 0
 Mesh Index (7, 3, 14)
   Total Material
     Flux                                 0.213057 +/- 0.00108354
     heating                              0 +/- 0
     damage-energy                        0 +/- 0
 Mesh Index (8, 3, 14)
   Total Material
     Flux                                 0.223191 +/- 0.000907271
     heating                              0 +/- 0
     damage-energy                        0 +/- 0
 Mesh Index (9, 3, 14)
   Total Material
     Flux                                 0.225387 +/- 0.000939581
     heating                              0 +/- 0
     damage-energy                        0 +/- 0
 Mesh Index (10, 3, 14)
   Total Material
     Flux                                 0.214293 +/- 0.00110688
     heating                              6207.31 +/- 47.952
     damage-energy                        1243.12 +/- 7.81252
 Mesh Index (11, 3, 14)
   Total Material
     Flux                                 0.183177 +/- 0.00115403
     heating                              6180.39 +/- 46.902
     damage-energy                        89.6801 +/- 0.626847
 Mesh Index (12, 3, 14)
   Total Material
     Flux                                 0.135411 +/- 0.000992283
     heating                              10558.4 +/- 82.1584
     damage-energy                        159.398 +/- 1.36738
 Mesh Index (13, 3, 14)
   Total Material
     Flux                                 0.0877131 +/- 0.000780337
     heating                              6560.92 +/- 57.6839
     damage-energy                        98.8214 +/- 0.952617
 Mesh Index (14, 3, 14)
   Total Material
     Flux                                 0.0526776 +/- 0.000579991
     heating                              3867.01 +/- 52.4402
     damage-energy                        56.7387 +/- 0.65533
 Mesh Index (15, 3, 14)
   Total Material
     Flux                                 0.0293349 +/- 0.000474749
     heating                              2173.12 +/- 40.1337
     damage-energy                        30.9041 +/- 0.476776
 Mesh Index (16, 3, 14)
   Total Material
     Flux                                 0.0113533 +/- 0.000218938
     heating                              539.218 +/- 14.3774
     damage-energy                        7.93957 +/- 0.175957
 Mesh Index (17, 3, 14)
   Total Material
     Flux                                 0.00775135 +/- 0.000162324
     heating                              0 +/- 0
     damage-energy                        0 +/- 0
 Mesh Index (18, 3, 14)
   Total Material
     Flux                                 0.00684776 +/- 0.000140265
     heating                              0 +/- 0
     damage-energy                        0 +/- 0
 Mesh Index (19, 3, 14)
   Total Material
     Flux                                 0.00621996 +/- 0.000144091
     heating                              0 +/- 0
     damage-energy                        0 +/- 0
 Mesh Index (20, 3, 14)
   Total Material
     Flux                                 0.0056961 +/- 0.000121736
     heating                              0 +/- 0
     damage-energy                        0 +/- 0
 Mesh Index (21, 3, 14)
   Total Material
     Flux                                 0.00513823 +/- 0.000114776
     heating                              0 +/- 0
     damage-energy                        0 +/- 0
 Mesh Index (22, 3, 14)
   Total Material
     Flux                                 0.00438 +/- 0.000103333
     heating                              0 +/- 0
     damage-energy                        0 +/- 0
 Mesh Index (23, 3, 14)
   Total Material
     Flux                                 0.00351696 +/- 0.000102669
     heating                              0 +/- 0
     damage-energy                        0 +/- 0
 Mesh Index (24, 3, 14)
   Total Material
     Flux                                 0.00252433 +/- 9.33752e-05
     heating                              0 +/- 0
     damage-energy                        0 +/- 0
 Mesh Index (1, 4, 14)
   Total Material
     Flux                                 0.0806716 +/- 0.000656785
     heating                              0 +/- 0
     damage-energy                        0 +/- 0
 Mesh Index (2, 4, 14)
   Total Material
     Flux                                 0.112706 +/- 0.000710903
     heating                              0 +/- 0
     damage-energy                        0 +/- 0
 Mesh Index (3, 4, 14)
   Total Material
     Flux                                 0.144353 +/- 0.000776734
     heating                              0 +/- 0
     damage-energy                        0 +/- 0
 Mesh Index (4, 4, 14)
   Total Material
     Flux                                 0.167645 +/- 0.000928977
     heating                              0 +/- 0
     damage-energy                        0 +/- 0
 Mesh Index (5, 4, 14)
   Total Material
     Flux                                 0.185922 +/- 0.000849837
     heating                              0 +/- 0
     damage-energy                        0 +/- 0
 Mesh Index (6, 4, 14)
   Total Material
     Flux                                 0.200862 +/- 0.000810063
     heating                              0 +/- 0
     damage-energy                        0 +/- 0
 Mesh Index (7, 4, 14)
   Total Material
     Flux                                 0.21447 +/- 0.000679503
     heating                              0 +/- 0
     damage-energy                        0 +/- 0
 Mesh Index (8, 4, 14)
   Total Material
     Flux                                 0.223613 +/- 0.000870669
     heating                              0 +/- 0
     damage-energy                        0 +/- 0
 Mesh Index (9, 4, 14)
   Total Material
     Flux                                 0.227125 +/- 0.0010673
     heating                              0 +/- 0
     damage-energy                        0 +/- 0
 Mesh Index (10, 4, 14)
   Total Material
     Flux                                 0.212452 +/- 0.00126024
     heating                              6235.3 +/- 47.3384
     damage-energy                        1246.25 +/- 8.24352
 Mesh Index (11, 4, 14)
   Total Material
     Flux                                 0.184355 +/- 0.000995534
     heating                              6200.04 +/- 47.2557
     damage-energy                        90.2574 +/- 0.699777
 Mesh Index (12, 4, 14)
   Total Material
     Flux                                 0.134469 +/- 0.000939586
     heating                              10527 +/- 80.6767
     damage-energy                        159.27 +/- 1.18293
 Mesh Index (13, 4, 14)
   Total Material
     Flux                                 0.0871634 +/- 0.00066897
     heating                              6557.77 +/- 58.9053
     damage-energy                        97.317 +/- 0.918281
 Mesh Index (14, 4, 14)
   Total Material
     Flux                                 0.0541122 +/- 0.000578444
     heating                              4011.17 +/- 50.5954
     damage-energy                        58.0237 +/- 0.722814
 Mesh Index (15, 4, 14)
   Total Material
     Flux                                 0.0304035 +/- 0.000350497
     heating                              2216.33 +/- 30.5494
     damage-energy                        31.7241 +/- 0.427352
 Mesh Index (16, 4, 14)
   Total Material
     Flux                                 0.01151 +/- 0.000201064
     heating                              541.32 +/- 13.0818
     damage-energy                        8.14689 +/- 0.170801
 Mesh Index (17, 4, 14)
   Total Material
     Flux                                 0.00755027 +/- 0.000158061
     heating                              0 +/- 0
     damage-energy                        0 +/- 0
 Mesh Index (18, 4, 14)
   Total Material
     Flux                                 0.00674824 +/- 0.000140627
     heating                              0 +/- 0
     damage-energy                        0 +/- 0
 Mesh Index (19, 4, 14)
   Total Material
     Flux                                 0.00632742 +/- 0.000121198
     heating                              0 +/- 0
     damage-energy                        0 +/- 0
 Mesh Index (20, 4, 14)
   Total Material
     Flux                                 0.00553718 +/- 0.000133147
     heating                              0 +/- 0
     damage-energy                        0 +/- 0
 Mesh Index (21, 4, 14)
   Total Material
     Flux                                 0.00262241 +/- 8.42875e-05
     heating                              0 +/- 0
     damage-energy                        0 +/- 0
 Mesh Index (22, 4, 14)
   Total Material
     Flux                                 0.000890969 +/- 4.90756e-05
     heating                              0 +/- 0
     damage-energy                        0 +/- 0
 Mesh Index (23, 4, 14)
   Total Material
     Flux                                 6.68074e-05 +/- 8.28795e-06
     heating                              0 +/- 0
     damage-energy                        0 +/- 0
 Mesh Index (24, 4, 14)
   Total Material
     Flux                                 0 +/- 0
     heating                              0 +/- 0
     damage-energy                        0 +/- 0
 Mesh Index (1, 5, 14)
   Total Material
     Flux                                 0.0802458 +/- 0.000547258
     heating                              0 +/- 0
     damage-energy                        0 +/- 0
 Mesh Index (2, 5, 14)
   Total Material
     Flux                                 0.113978 +/- 0.000780514
     heating                              0 +/- 0
     damage-energy                        0 +/- 0
 Mesh Index (3, 5, 14)
   Total Material
     Flux                                 0.145056 +/- 0.000683957
     heating                              0 +/- 0
     damage-energy                        0 +/- 0
 Mesh Index (4, 5, 14)
   Total Material
     Flux                                 0.168107 +/- 0.000734092
     heating                              0 +/- 0
     damage-energy                        0 +/- 0
 Mesh Index (5, 5, 14)
   Total Material
     Flux                                 0.184992 +/- 0.000868195
     heating                              0 +/- 0
     damage-energy                        0 +/- 0
 Mesh Index (6, 5, 14)
   Total Material
     Flux                                 0.200479 +/- 0.000864722
     heating                              0 +/- 0
     damage-energy                        0 +/- 0
 Mesh Index (7, 5, 14)
   Total Material
     Flux                                 0.213832 +/- 0.000895792
     heating                              0 +/- 0
     damage-energy                        0 +/- 0
 Mesh Index (8, 5, 14)
   Total Material
     Flux                                 0.223496 +/- 0.00102792
     heating                              0 +/- 0
     damage-energy                        0 +/- 0
 Mesh Index (9, 5, 14)
   Total Material
     Flux                                 0.225788 +/- 0.00104082
     heating                              0 +/- 0
     damage-energy                        0 +/- 0
 Mesh Index (10, 5, 14)
   Total Material
     Flux                                 0.214487 +/- 0.00117376
     heating                              6251.27 +/- 47.1173
     damage-energy                        1253.61 +/- 8.35558
 Mesh Index (11, 5, 14)
   Total Material
     Flux                                 0.182973 +/- 0.000925573
     heating                              6194.12 +/- 46.2729
     damage-energy                        89.6329 +/- 0.587237
 Mesh Index (12, 5, 14)
   Total Material
     Flux                                 0.135166 +/- 0.00105979
     heating                              10639.4 +/- 89.6347
     damage-energy                        160.216 +/- 1.24397
 Mesh Index (13, 5, 14)
   Total Material
     Flux                                 0.0859806 +/- 0.000855523
     heating                              6422.53 +/- 63.1243
     damage-energy                        97.2769 +/- 0.949767
 Mesh Index (14, 5, 14)
   Total Material
     Flux                                 0.0533416 +/- 0.00054166
     heating                              3943.77 +/- 48.9913
     damage-energy                        57.0597 +/- 0.612808
 Mesh Index (15, 5, 14)
   Total Material
     Flux                                 0.0294116 +/- 0.000461456
     heating                              2152.86 +/- 38.2856
     damage-energy                        30.6472 +/- 0.51659
 Mesh Index (16, 5, 14)
   Total Material
     Flux                                 0.0111161 +/- 0.000190614
     heating                              536.705 +/- 10.7043
     damage-energy                        7.84549 +/- 0.170374
 Mesh Index (17, 5, 14)
   Total Material
     Flux                                 0.00729003 +/- 0.000129216
     heating                              0 +/- 0
     damage-energy                        0 +/- 0
 Mesh Index (18, 5, 14)
   Total Material
     Flux                                 0.00671646 +/- 0.000129198
     heating                              0 +/- 0
     damage-energy                        0 +/- 0
 Mesh Index (19, 5, 14)
   Total Material
     Flux                                 0.00612081 +/- 0.000121339
     heating                              0 +/- 0
     damage-energy                        0 +/- 0
 Mesh Index (20, 5, 14)
   Total Material
     Flux                                 0.00586459 +/- 0.0001374
     heating                              0 +/- 0
     damage-energy                        0 +/- 0
 Mesh Index (21, 5, 14)
   Total Material
     Flux                                 0.00521702 +/- 0.00012168
     heating                              0 +/- 0
     damage-energy                        0 +/- 0
 Mesh Index (22, 5, 14)
   Total Material
     Flux                                 0.00439936 +/- 0.000122583
     heating                              0 +/- 0
     damage-energy                        0 +/- 0
 Mesh Index (23, 5, 14)
   Total Material
     Flux                                 0.00356869 +/- 9.68717e-05
     heating                              0 +/- 0
     damage-energy                        0 +/- 0
 Mesh Index (24, 5, 14)
   Total Material
     Flux                                 0.00276659 +/- 9.2797e-05
     heating                              0 +/- 0
     damage-energy                        0 +/- 0
 Mesh Index (1, 6, 14)
   Total Material
     Flux                                 0.08151 +/- 0.000482985
     heating                              0 +/- 0
     damage-energy                        0 +/- 0
 Mesh Index (2, 6, 14)
   Total Material
     Flux                                 0.114573 +/- 0.000582626
     heating                              0 +/- 0
     damage-energy                        0 +/- 0
 Mesh Index (3, 6, 14)
   Total Material
     Flux                                 0.145821 +/- 0.000782534
     heating                              0 +/- 0
     damage-energy                        0 +/- 0
 Mesh Index (4, 6, 14)
   Total Material
     Flux                                 0.167609 +/- 0.000813137
     heating                              0 +/- 0
     damage-energy                        0 +/- 0
 Mesh Index (5, 6, 14)
   Total Material
     Flux                                 0.185849 +/- 0.000869802
     heating                              0 +/- 0
     damage-energy                        0 +/- 0
 Mesh Index (6, 6, 14)
   Total Material
     Flux                                 0.201627 +/- 0.000857069
     heating                              0 +/- 0
     damage-energy                        0 +/- 0
 Mesh Index (7, 6, 14)
   Total Material
     Flux                                 0.215989 +/- 0.000715557
     heating                              0 +/- 0
     damage-energy                        0 +/- 0
 Mesh Index (8, 6, 14)
   Total Material
     Flux                                 0.224839 +/- 0.000911928
     heating                              0 +/- 0
     damage-energy                        0 +/- 0
 Mesh Index (9, 6, 14)
   Total Material
     Flux                                 0.225623 +/- 0.00102816
     heating                              0 +/- 0
     damage-energy                        0 +/- 0
 Mesh Index (10, 6, 14)
   Total Material
     Flux                                 0.211338 +/- 0.000978292
     heating                              6220.25 +/- 47.7161
     damage-energy                        1240.86 +/- 7.13484
 Mesh Index (11, 6, 14)
   Total Material
     Flux                                 0.183834 +/- 0.00111372
     heating                              6170.28 +/- 48.0582
     damage-energy                        89.6666 +/- 0.714533
 Mesh Index (12, 6, 14)
   Total Material
     Flux                                 0.135449 +/- 0.00109961
     heating                              10544.5 +/- 87.9088
     damage-energy                        160.496 +/- 1.38417
 Mesh Index (13, 6, 14)
   Total Material
     Flux                                 0.0881348 +/- 0.000513503
     heating                              6569.6 +/- 40.1154
     damage-energy                        99.4793 +/- 0.745517
 Mesh Index (14, 6, 14)
   Total Material
     Flux                                 0.0531356 +/- 0.0004453
     heating                              3910.77 +/- 40.1084
     damage-energy                        57.3088 +/- 0.568474
 Mesh Index (15, 6, 14)
   Total Material
     Flux                                 0.0286636 +/- 0.000424141
     heating                              2098.23 +/- 33.6417
     damage-energy                        30.0236 +/- 0.441837
 Mesh Index (16, 6, 14)
   Total Material
     Flux                                 0.0112156 +/- 0.000244563
     heating                              535.51 +/- 12.6557
     damage-energy                        8.05029 +/- 0.224585
 Mesh Index (17, 6, 14)
   Total Material
     Flux                                 0.00720498 +/- 0.000153012
     heating                              0 +/- 0
     damage-energy                        0 +/- 0
 Mesh Index (18, 6, 14)
   Total Material
     Flux                                 0.00667599 +/- 0.000144184
     heating                              0 +/- 0
     damage-energy                        0 +/- 0
 Mesh Index (19, 6, 14)
   Total Material
     Flux                                 0.00607065 +/- 0.000151208
     heating                              0 +/- 0
     damage-energy                        0 +/- 0
 Mesh Index (20, 6, 14)
   Total Material
     Flux                                 0.00541472 +/- 0.000108942
     heating                              0 +/- 0
     damage-energy                        0 +/- 0
 Mesh Index (21, 6, 14)
   Total Material
     Flux                                 0.00262739 +/- 6.88961e-05
     heating                              0 +/- 0
     damage-energy                        0 +/- 0
 Mesh Index (22, 6, 14)
   Total Material
     Flux                                 0.00173726 +/- 6.75131e-05
     heating                              0 +/- 0
     damage-energy                        0 +/- 0
 Mesh Index (23, 6, 14)
   Total Material
     Flux                                 0.00117094 +/- 5.57805e-05
     heating                              0 +/- 0
     damage-energy                        0 +/- 0
 Mesh Index (24, 6, 14)
   Total Material
     Flux                                 0.000783937 +/- 4.96712e-05
     heating                              0 +/- 0
     damage-energy                        0 +/- 0
 Mesh Index (1, 7, 14)
   Total Material
     Flux                                 0.0811726 +/- 0.000511359
     heating                              0 +/- 0
     damage-energy                        0 +/- 0
 Mesh Index (2, 7, 14)
   Total Material
     Flux                                 0.11377 +/- 0.000639724
     heating                              0 +/- 0
     damage-energy                        0 +/- 0
 Mesh Index (3, 7, 14)
   Total Material
     Flux                                 0.144377 +/- 0.000701868
     heating                              0 +/- 0
     damage-energy                        0 +/- 0
 Mesh Index (4, 7, 14)
   Total Material
     Flux                                 0.167906 +/- 0.00090829
     heating                              0 +/- 0
     damage-energy                        0 +/- 0
 Mesh Index (5, 7, 14)
   Total Material
     Flux                                 0.186283 +/- 0.000703539
     heating                              0 +/- 0
     damage-energy                        0 +/- 0
 Mesh Index (6, 7, 14)
   Total Material
     Flux                                 0.200866 +/- 0.000745618
     heating                              0 +/- 0
     damage-energy                        0 +/- 0
 Mesh Index (7, 7, 14)
   Total Material
     Flux                                 0.213466 +/- 0.000915779
     heating                              0 +/- 0
     damage-energy                        0 +/- 0
 Mesh Index (8, 7, 14)
   Total Material
     Flux                                 0.222824 +/- 0.00111903
     heating                              0 +/- 0
     damage-energy                        0 +/- 0
 Mesh Index (9, 7, 14)
   Total Material
     Flux                                 0.224829 +/- 0.000926393
     heating                              0 +/- 0
     damage-energy                        0 +/- 0
 Mesh Index (10, 7, 14)
   Total Material
     Flux                                 0.212113 +/- 0.00123619
     heating                              6211.61 +/- 49.7003
     damage-energy                        1240.58 +/- 8.1555
 Mesh Index (11, 7, 14)
   Total Material
     Flux                                 0.183241 +/- 0.000872247
     heating                              6176.12 +/- 38.9775
     damage-energy                        89.7807 +/- 0.513058
 Mesh Index (12, 7, 14)
   Total Material
     Flux                                 0.134654 +/- 0.00106133
     heating                              10539.7 +/- 91.6295
     damage-energy                        159.221 +/- 1.20934
 Mesh Index (13, 7, 14)
   Total Material
     Flux                                 0.0884518 +/- 0.000728621
     heating                              6648.37 +/- 70.2646
     damage-energy                        99.031 +/- 0.816151
 Mesh Index (14, 7, 14)
   Total Material
     Flux                                 0.0548842 +/- 0.000470525
     heating                              4051.49 +/- 42.6039
     damage-energy                        58.6796 +/- 0.556268
 Mesh Index (15, 7, 14)
   Total Material
     Flux                                 0.0295284 +/- 0.000402175
     heating                              2169.11 +/- 33.6319
     damage-energy                        31.3997 +/- 0.504089
 Mesh Index (16, 7, 14)
   Total Material
     Flux                                 0.0111711 +/- 0.000159036
     heating                              522.516 +/- 11.1425
     damage-energy                        7.92194 +/- 0.169043
 Mesh Index (17, 7, 14)
   Total Material
     Flux                                 0.0073764 +/- 0.000141356
     heating                              0 +/- 0
     damage-energy                        0 +/- 0
 Mesh Index (18, 7, 14)
   Total Material
     Flux                                 0.00665186 +/- 0.00014317
     heating                              0 +/- 0
     damage-energy                        0 +/- 0
 Mesh Index (19, 7, 14)
   Total Material
     Flux                                 0.00624254 +/- 0.000144969
     heating                              0 +/- 0
     damage-energy                        0 +/- 0
 Mesh Index (20, 7, 14)
   Total Material
     Flux                                 0.00563533 +/- 0.000116268
     heating                              0 +/- 0
     damage-energy                        0 +/- 0
 Mesh Index (21, 7, 14)
   Total Material
     Flux                                 0.00409617 +/- 0.000108389
     heating                              0 +/- 0
     damage-energy                        0 +/- 0
 Mesh Index (22, 7, 14)
   Total Material
     Flux                                 0.00305504 +/- 0.000100416
     heating                              0 +/- 0
     damage-energy                        0 +/- 0
 Mesh Index (23, 7, 14)
   Total Material
     Flux                                 0.00237509 +/- 7.67336e-05
     heating                              0 +/- 0
     damage-energy                        0 +/- 0
 Mesh Index (24, 7, 14)
   Total Material
     Flux                                 0.0019351 +/- 7.04118e-05
     heating                              0 +/- 0
     damage-energy                        0 +/- 0
 Mesh Index (1, 1, 15)
   Total Material
     Flux                                 0.0776846 +/- 0.000430729
     heating                              0 +/- 0
     damage-energy                        0 +/- 0
 Mesh Index (2, 1, 15)
   Total Material
     Flux                                 0.110271 +/- 0.000636112
     heating                              0 +/- 0
     damage-energy                        0 +/- 0
 Mesh Index (3, 1, 15)
   Total Material
     Flux                                 0.140207 +/- 0.000717573
     heating                              0 +/- 0
     damage-energy                        0 +/- 0
 Mesh Index (4, 1, 15)
   Total Material
     Flux                                 0.15902 +/- 0.000808671
     heating                              0 +/- 0
     damage-energy                        0 +/- 0
 Mesh Index (5, 1, 15)
   Total Material
     Flux                                 0.177819 +/- 0.000755535
     heating                              0 +/- 0
     damage-energy                        0 +/- 0
 Mesh Index (6, 1, 15)
   Total Material
     Flux                                 0.194619 +/- 0.000782126
     heating                              0 +/- 0
     damage-energy                        0 +/- 0
 Mesh Index (7, 1, 15)
   Total Material
     Flux                                 0.206267 +/- 0.000905147
     heating                              0 +/- 0
     damage-energy                        0 +/- 0
 Mesh Index (8, 1, 15)
   Total Material
     Flux                                 0.216329 +/- 0.000926895
     heating                              0 +/- 0
     damage-energy                        0 +/- 0
 Mesh Index (9, 1, 15)
   Total Material
     Flux                                 0.217291 +/- 0.00109813
     heating                              0 +/- 0
     damage-energy                        0 +/- 0
 Mesh Index (10, 1, 15)
   Total Material
     Flux                                 0.204288 +/- 0.000961048
     heating                              5900.09 +/- 50.0086
     damage-energy                        1184.21 +/- 7.80497
 Mesh Index (11, 1, 15)
   Total Material
     Flux                                 0.175211 +/- 0.00118852
     heating                              5902.44 +/- 52.2194
     damage-energy                        85.5366 +/- 0.588551
 Mesh Index (12, 1, 15)
   Total Material
     Flux                                 0.129575 +/- 0.000734099
     heating                              10146.6 +/- 67.8918
     damage-energy                        151.814 +/- 0.94874
 Mesh Index (13, 1, 15)
   Total Material
     Flux                                 0.0840206 +/- 0.000664347
     heating                              6295.13 +/- 56.5345
     damage-energy                        93.8444 +/- 0.828923
 Mesh Index (14, 1, 15)
   Total Material
     Flux                                 0.0521073 +/- 0.00054686
     heating                              3840.26 +/- 45.7289
     damage-energy                        55.841 +/- 0.681125
 Mesh Index (15, 1, 15)
   Total Material
     Flux                                 0.0281025 +/- 0.000402599
     heating                              2039.21 +/- 35.2519
     damage-energy                        29.6112 +/- 0.466784
 Mesh Index (16, 1, 15)
   Total Material
     Flux                                 0.0108251 +/- 0.000193132
     heating                              497.94 +/- 12.512
     damage-energy                        7.64841 +/- 0.185877
 Mesh Index (17, 1, 15)
   Total Material
     Flux                                 0.00710071 +/- 0.000134177
     heating                              0 +/- 0
     damage-energy                        0 +/- 0
 Mesh Index (18, 1, 15)
   Total Material
     Flux                                 0.00630895 +/- 0.000139978
     heating                              0 +/- 0
     damage-energy                        0 +/- 0
 Mesh Index (19, 1, 15)
   Total Material
     Flux                                 0.00584041 +/- 0.000152204
     heating                              0 +/- 0
     damage-energy                        0 +/- 0
 Mesh Index (20, 1, 15)
   Total Material
     Flux                                 0.00553839 +/- 0.00014516
     heating                              0 +/- 0
     damage-energy                        0 +/- 0
 Mesh Index (21, 1, 15)
   Total Material
     Flux                                 0.00394665 +/- 0.000111359
     heating                              0 +/- 0
     damage-energy                        0 +/- 0
 Mesh Index (22, 1, 15)
   Total Material
     Flux                                 0.00292791 +/- 8.3749e-05
     heating                              0 +/- 0
     damage-energy                        0 +/- 0
 Mesh Index (23, 1, 15)
   Total Material
     Flux                                 0.0023151 +/- 6.39554e-05
     heating                              0 +/- 0
     damage-energy                        0 +/- 0
 Mesh Index (24, 1, 15)
   Total Material
     Flux                                 0.00173819 +/- 5.85119e-05
     heating                              0 +/- 0
     damage-energy                        0 +/- 0
 Mesh Index (1, 2, 15)
   Total Material
     Flux                                 0.0772941 +/- 0.000521597
     heating                              0 +/- 0
     damage-energy                        0 +/- 0
 Mesh Index (2, 2, 15)
   Total Material
     Flux                                 0.109084 +/- 0.000576621
     heating                              0 +/- 0
     damage-energy                        0 +/- 0
 Mesh Index (3, 2, 15)
   Total Material
     Flux                                 0.140551 +/- 0.000752199
     heating                              0 +/- 0
     damage-energy                        0 +/- 0
 Mesh Index (4, 2, 15)
   Total Material
     Flux                                 0.160754 +/- 0.000741741
     heating                              0 +/- 0
     damage-energy                        0 +/- 0
 Mesh Index (5, 2, 15)
   Total Material
     Flux                                 0.178505 +/- 0.000924314
     heating                              0 +/- 0
     damage-energy                        0 +/- 0
 Mesh Index (6, 2, 15)
   Total Material
     Flux                                 0.1935 +/- 0.000797538
     heating                              0 +/- 0
     damage-energy                        0 +/- 0
 Mesh Index (7, 2, 15)
   Total Material
     Flux                                 0.206165 +/- 0.000736643
     heating                              0 +/- 0
     damage-energy                        0 +/- 0
 Mesh Index (8, 2, 15)
   Total Material
     Flux                                 0.216354 +/- 0.001034
     heating                              0 +/- 0
     damage-energy                        0 +/- 0
 Mesh Index (9, 2, 15)
   Total Material
     Flux                                 0.217966 +/- 0.00087548
     heating                              0 +/- 0
     damage-energy                        0 +/- 0
 Mesh Index (10, 2, 15)
   Total Material
     Flux                                 0.204553 +/- 0.000990463
     heating                              5877.58 +/- 36.14
     damage-energy                        1180.43 +/- 6.38854
 Mesh Index (11, 2, 15)
   Total Material
     Flux                                 0.177333 +/- 0.000982698
     heating                              5979.8 +/- 45.5105
     damage-energy                        85.9748 +/- 0.633219
 Mesh Index (12, 2, 15)
   Total Material
     Flux                                 0.131429 +/- 0.00100995
     heating                              10270.3 +/- 78.9985
     damage-energy                        154.21 +/- 1.21957
 Mesh Index (13, 2, 15)
   Total Material
     Flux                                 0.0845808 +/- 0.000771107
     heating                              6317.64 +/- 60.998
     damage-energy                        94.5766 +/- 0.937204
 Mesh Index (14, 2, 15)
   Total Material
     Flux                                 0.051333 +/- 0.000528441
     heating                              3767.46 +/- 40.9473
     damage-energy                        55.36 +/- 0.65918
 Mesh Index (15, 2, 15)
   Total Material
     Flux                                 0.0280655 +/- 0.000419327
     heating                              2017.53 +/- 32.4901
     damage-energy                        29.4755 +/- 0.489654
 Mesh Index (16, 2, 15)
   Total Material
     Flux                                 0.0108973 +/- 0.000236786
     heating                              508.099 +/- 11.7271
     damage-energy                        7.68487 +/- 0.175735
 Mesh Index (17, 2, 15)
   Total Material
     Flux                                 0.00726404 +/- 0.000172818
     heating                              0 +/- 0
     damage-energy                        0 +/- 0
 Mesh Index (18, 2, 15)
   Total Material
     Flux                                 0.00655998 +/- 0.000166587
     heating                              0 +/- 0
     damage-energy                        0 +/- 0
 Mesh Index (19, 2, 15)
   Total Material
     Flux                                 0.00590221 +/- 0.000140648
     heating                              0 +/- 0
     damage-energy                        0 +/- 0
 Mesh Index (20, 2, 15)
   Total Material
     Flux                                 0.00531795 +/- 0.000127887
     heating                              0 +/- 0
     damage-energy                        0 +/- 0
 Mesh Index (21, 2, 15)
   Total Material
     Flux                                 0.00245686 +/- 8.62953e-05
     heating                              0 +/- 0
     damage-energy                        0 +/- 0
 Mesh Index (22, 2, 15)
   Total Material
     Flux                                 0.00162799 +/- 6.45318e-05
     heating                              0 +/- 0
     damage-energy                        0 +/- 0
 Mesh Index (23, 2, 15)
   Total Material
     Flux                                 0.00115768 +/- 5.471e-05
     heating                              0 +/- 0
     damage-energy                        0 +/- 0
 Mesh Index (24, 2, 15)
   Total Material
     Flux                                 0.000716524 +/- 4.23153e-05
     heating                              0 +/- 0
     damage-energy                        0 +/- 0
 Mesh Index (1, 3, 15)
   Total Material
     Flux                                 0.0769622 +/- 0.000496778
     heating                              0 +/- 0
     damage-energy                        0 +/- 0
 Mesh Index (2, 3, 15)
   Total Material
     Flux                                 0.108457 +/- 0.000644715
     heating                              0 +/- 0
     damage-energy                        0 +/- 0
 Mesh Index (3, 3, 15)
   Total Material
     Flux                                 0.138481 +/- 0.000693792
     heating                              0 +/- 0
     damage-energy                        0 +/- 0
 Mesh Index (4, 3, 15)
   Total Material
     Flux                                 0.160812 +/- 0.000898253
     heating                              0 +/- 0
     damage-energy                        0 +/- 0
 Mesh Index (5, 3, 15)
   Total Material
     Flux                                 0.178257 +/- 0.000856623
     heating                              0 +/- 0
     damage-energy                        0 +/- 0
 Mesh Index (6, 3, 15)
   Total Material
     Flux                                 0.192658 +/- 0.00107533
     heating                              0 +/- 0
     damage-energy                        0 +/- 0
 Mesh Index (7, 3, 15)
   Total Material
     Flux                                 0.205548 +/- 0.00113895
     heating                              0 +/- 0
     damage-energy                        0 +/- 0
 Mesh Index (8, 3, 15)
   Total Material
     Flux                                 0.215757 +/- 0.00096086
     heating                              0 +/- 0
     damage-energy                        0 +/- 0
 Mesh Index (9, 3, 15)
   Total Material
     Flux                                 0.217753 +/- 0.000951997
     heating                              0 +/- 0
     damage-energy                        0 +/- 0
 Mesh Index (10, 3, 15)
   Total Material
     Flux                                 0.204943 +/- 0.00111892
     heating                              5915.14 +/- 45.6115
     damage-energy                        1187.53 +/- 7.58459
 Mesh Index (11, 3, 15)
   Total Material
     Flux                                 0.174671 +/- 0.00110456
     heating                              5943.29 +/- 43.5942
     damage-energy                        85.3729 +/- 0.656697
 Mesh Index (12, 3, 15)
   Total Material
     Flux                                 0.129331 +/- 0.000889495
     heating                              10121 +/- 73.3097
     damage-energy                        152.498 +/- 1.0792
 Mesh Index (13, 3, 15)
   Total Material
     Flux                                 0.0842728 +/- 0.000809356
     heating                              6246.01 +/- 65.8285
     damage-energy                        94.4714 +/- 0.933646
 Mesh Index (14, 3, 15)
   Total Material
     Flux                                 0.0509435 +/- 0.000629502
     heating                              3737.97 +/- 48.6553
     damage-energy                        54.5451 +/- 0.799892
 Mesh Index (15, 3, 15)
   Total Material
     Flux                                 0.0277751 +/- 0.000428677
     heating                              2002.55 +/- 36.9267
     damage-energy                        29.4036 +/- 0.493711
 Mesh Index (16, 3, 15)
   Total Material
     Flux                                 0.0107828 +/- 0.000239743
     heating                              504.734 +/- 14.2009
     damage-energy                        7.69833 +/- 0.208763
 Mesh Index (17, 3, 15)
   Total Material
     Flux                                 0.00704668 +/- 0.000175481
     heating                              0 +/- 0
     damage-energy                        0 +/- 0
 Mesh Index (18, 3, 15)
   Total Material
     Flux                                 0.00650867 +/- 0.000153518
     heating                              0 +/- 0
     damage-energy                        0 +/- 0
 Mesh Index (19, 3, 15)
   Total Material
     Flux                                 0.00599151 +/- 0.000129575
     heating                              0 +/- 0
     damage-energy                        0 +/- 0
 Mesh Index (20, 3, 15)
   Total Material
     Flux                                 0.00548156 +/- 0.00013475
     heating                              0 +/- 0
     damage-energy                        0 +/- 0
 Mesh Index (21, 3, 15)
   Total Material
     Flux                                 0.00513788 +/- 0.000127096
     heating                              0 +/- 0
     damage-energy                        0 +/- 0
 Mesh Index (22, 3, 15)
   Total Material
     Flux                                 0.00410047 +/- 0.000120404
     heating                              0 +/- 0
     damage-energy                        0 +/- 0
 Mesh Index (23, 3, 15)
   Total Material
     Flux                                 0.00333592 +/- 9.54879e-05
     heating                              0 +/- 0
     damage-energy                        0 +/- 0
 Mesh Index (24, 3, 15)
   Total Material
     Flux                                 0.00262756 +/- 8.71822e-05
     heating                              0 +/- 0
     damage-energy                        0 +/- 0
 Mesh Index (1, 4, 15)
   Total Material
     Flux                                 0.0775405 +/- 0.0005396
     heating                              0 +/- 0
     damage-energy                        0 +/- 0
 Mesh Index (2, 4, 15)
   Total Material
     Flux                                 0.110294 +/- 0.000549395
     heating                              0 +/- 0
     damage-energy                        0 +/- 0
 Mesh Index (3, 4, 15)
   Total Material
     Flux                                 0.140171 +/- 0.000703321
     heating                              0 +/- 0
     damage-energy                        0 +/- 0
 Mesh Index (4, 4, 15)
   Total Material
     Flux                                 0.160504 +/- 0.000713776
     heating                              0 +/- 0
     damage-energy                        0 +/- 0
 Mesh Index (5, 4, 15)
   Total Material
     Flux                                 0.178584 +/- 0.000815466
     heating                              0 +/- 0
     damage-energy                        0 +/- 0
 Mesh Index (6, 4, 15)
   Total Material
     Flux                                 0.193813 +/- 0.000783912
     heating                              0 +/- 0
     damage-energy                        0 +/- 0
 Mesh Index (7, 4, 15)
   Total Material
     Flux                                 0.205036 +/- 0.000818013
     heating                              0 +/- 0
     damage-energy                        0 +/- 0
 Mesh Index (8, 4, 15)
   Total Material
     Flux                                 0.216058 +/- 0.000899772
     heating                              0 +/- 0
     damage-energy                        0 +/- 0
 Mesh Index (9, 4, 15)
   Total Material
     Flux                                 0.218106 +/- 0.00102309
     heating                              0 +/- 0
     damage-energy                        0 +/- 0
 Mesh Index (10, 4, 15)
   Total Material
     Flux                                 0.204965 +/- 0.00101787
     heating                              5913.93 +/- 35.4229
     damage-energy                        1187.62 +/- 6.48728
 Mesh Index (11, 4, 15)
   Total Material
     Flux                                 0.175507 +/- 0.000883887
     heating                              5923.72 +/- 47.5595
     damage-energy                        85.8924 +/- 0.638427
 Mesh Index (12, 4, 15)
   Total Material
     Flux                                 0.12971 +/- 0.000805838
     heating                              10177.8 +/- 68.7993
     damage-energy                        152.539 +/- 1.05927
 Mesh Index (13, 4, 15)
   Total Material
     Flux                                 0.0840864 +/- 0.000746408
     heating                              6302.49 +/- 63.2888
     damage-energy                        94.3969 +/- 0.995339
 Mesh Index (14, 4, 15)
   Total Material
     Flux                                 0.0518084 +/- 0.000562959
     heating                              3803.52 +/- 50.8522
     damage-energy                        55.6639 +/- 0.715072
 Mesh Index (15, 4, 15)
   Total Material
     Flux                                 0.0291694 +/- 0.000444343
     heating                              2114.36 +/- 33.1114
     damage-energy                        30.2041 +/- 0.508076
 Mesh Index (16, 4, 15)
   Total Material
     Flux                                 0.0109509 +/- 0.000187786
     heating                              532.482 +/- 12.8057
     damage-energy                        7.77496 +/- 0.166858
 Mesh Index (17, 4, 15)
   Total Material
     Flux                                 0.00695754 +/- 0.000118302
     heating                              0 +/- 0
     damage-energy                        0 +/- 0
 Mesh Index (18, 4, 15)
   Total Material
     Flux                                 0.0066116 +/- 0.000145767
     heating                              0 +/- 0
     damage-energy                        0 +/- 0
 Mesh Index (19, 4, 15)
   Total Material
     Flux                                 0.00613432 +/- 0.000129665
     heating                              0 +/- 0
     damage-energy                        0 +/- 0
 Mesh Index (20, 4, 15)
   Total Material
     Flux                                 0.0054806 +/- 0.000138044
     heating                              0 +/- 0
     damage-energy                        0 +/- 0
 Mesh Index (21, 4, 15)
   Total Material
     Flux                                 0.00248262 +/- 8.05654e-05
     heating                              0 +/- 0
     damage-energy                        0 +/- 0
 Mesh Index (22, 4, 15)
   Total Material
     Flux                                 0.000926632 +/- 5.17718e-05
     heating                              0 +/- 0
     damage-energy                        0 +/- 0
 Mesh Index (23, 4, 15)
   Total Material
     Flux                                 8.53145e-05 +/- 8.33693e-06
     heating                              0 +/- 0
     damage-energy                        0 +/- 0
 Mesh Index (24, 4, 15)
   Total Material
     Flux                                 0 +/- 0
     heating                              0 +/- 0
     damage-energy                        0 +/- 0
 Mesh Index (1, 5, 15)
   Total Material
     Flux                                 0.0778596 +/- 0.000634568
     heating                              0 +/- 0
     damage-energy                        0 +/- 0
 Mesh Index (2, 5, 15)
   Total Material
     Flux                                 0.110011 +/- 0.0006313
     heating                              0 +/- 0
     damage-energy                        0 +/- 0
 Mesh Index (3, 5, 15)
   Total Material
     Flux                                 0.14108 +/- 0.000721338
     heating                              0 +/- 0
     damage-energy                        0 +/- 0
 Mesh Index (4, 5, 15)
   Total Material
     Flux                                 0.163141 +/- 0.000876456
     heating                              0 +/- 0
     damage-energy                        0 +/- 0
 Mesh Index (5, 5, 15)
   Total Material
     Flux                                 0.17798 +/- 0.000776621
     heating                              0 +/- 0
     damage-energy                        0 +/- 0
 Mesh Index (6, 5, 15)
   Total Material
     Flux                                 0.192316 +/- 0.000933507
     heating                              0 +/- 0
     damage-energy                        0 +/- 0
 Mesh Index (7, 5, 15)
   Total Material
     Flux                                 0.205912 +/- 0.000859117
     heating                              0 +/- 0
     damage-energy                        0 +/- 0
 Mesh Index (8, 5, 15)
   Total Material
     Flux                                 0.215354 +/- 0.00117905
     heating                              0 +/- 0
     damage-energy                        0 +/- 0
 Mesh Index (9, 5, 15)
   Total Material
     Flux                                 0.218212 +/- 0.00124701
     heating                              0 +/- 0
     damage-energy                        0 +/- 0
 Mesh Index (10, 5, 15)
   Total Material
     Flux                                 0.204802 +/- 0.00115315
     heating                              5914.5 +/- 47.9813
     damage-energy                        1190.05 +/- 8.35793
 Mesh Index (11, 5, 15)
   Total Material
     Flux                                 0.176018 +/- 0.00111392
     heating                              5909.43 +/- 53.2848
     damage-energy                        85.5359 +/- 0.788353
 Mesh Index (12, 5, 15)
   Total Material
     Flux                                 0.129888 +/- 0.00091612
     heating                              10147.3 +/- 70.6973
     damage-energy                        152.903 +/- 1.16763
 Mesh Index (13, 5, 15)
   Total Material
     Flux                                 0.0838521 +/- 0.000807368
     heating                              6273.1 +/- 64.4235
     damage-energy                        94.4849 +/- 0.948572
 Mesh Index (14, 5, 15)
   Total Material
     Flux                                 0.0516073 +/- 0.000623722
     heating                              3780.93 +/- 53.1487
     damage-energy                        55.13 +/- 0.632468
 Mesh Index (15, 5, 15)
   Total Material
     Flux                                 0.0286255 +/- 0.000355383
     heating                              2109.19 +/- 33.4219
     damage-energy                        29.7954 +/- 0.385781
 Mesh Index (16, 5, 15)
   Total Material
     Flux                                 0.0108915 +/- 0.000172509
     heating                              512.91 +/- 10.6275
     damage-energy                        7.72341 +/- 0.142911
 Mesh Index (17, 5, 15)
   Total Material
     Flux                                 0.00744619 +/- 0.000153326
     heating                              0 +/- 0
     damage-energy                        0 +/- 0
 Mesh Index (18, 5, 15)
   Total Material
     Flux                                 0.0065068 +/- 0.000129311
     heating                              0 +/- 0
     damage-energy                        0 +/- 0
 Mesh Index (19, 5, 15)
   Total Material
     Flux                                 0.00606685 +/- 0.000135807
     heating                              0 +/- 0
     damage-energy                        0 +/- 0
 Mesh Index (20, 5, 15)
   Total Material
     Flux                                 0.00561337 +/- 0.000111721
     heating                              0 +/- 0
     damage-energy                        0 +/- 0
 Mesh Index (21, 5, 15)
   Total Material
     Flux                                 0.00515813 +/- 0.000110116
     heating                              0 +/- 0
     damage-energy                        0 +/- 0
 Mesh Index (22, 5, 15)
   Total Material
     Flux                                 0.00428604 +/- 0.000106235
     heating                              0 +/- 0
     damage-energy                        0 +/- 0
 Mesh Index (23, 5, 15)
   Total Material
     Flux                                 0.00361296 +/- 9.90135e-05
     heating                              0 +/- 0
     damage-energy                        0 +/- 0
 Mesh Index (24, 5, 15)
   Total Material
     Flux                                 0.00268509 +/- 8.12187e-05
     heating                              0 +/- 0
     damage-energy                        0 +/- 0
 Mesh Index (1, 6, 15)
   Total Material
     Flux                                 0.0785128 +/- 0.000604369
     heating                              0 +/- 0
     damage-energy                        0 +/- 0
 Mesh Index (2, 6, 15)
   Total Material
     Flux                                 0.109551 +/- 0.00074742
     heating                              0 +/- 0
     damage-energy                        0 +/- 0
 Mesh Index (3, 6, 15)
   Total Material
     Flux                                 0.141387 +/- 0.00077635
     heating                              0 +/- 0
     damage-energy                        0 +/- 0
 Mesh Index (4, 6, 15)
   Total Material
     Flux                                 0.162668 +/- 0.000775327
     heating                              0 +/- 0
     damage-energy                        0 +/- 0
 Mesh Index (5, 6, 15)
   Total Material
     Flux                                 0.179101 +/- 0.000942506
     heating                              0 +/- 0
     damage-energy                        0 +/- 0
 Mesh Index (6, 6, 15)
   Total Material
     Flux                                 0.193757 +/- 0.000954113
     heating                              0 +/- 0
     damage-energy                        0 +/- 0
 Mesh Index (7, 6, 15)
   Total Material
     Flux                                 0.206964 +/- 0.000793513
     heating                              0 +/- 0
     damage-energy                        0 +/- 0
 Mesh Index (8, 6, 15)
   Total Material
     Flux                                 0.21761 +/- 0.00101397
     heating                              0 +/- 0
     damage-energy                        0 +/- 0
 Mesh Index (9, 6, 15)
   Total Material
     Flux                                 0.219525 +/- 0.00120525
     heating                              0 +/- 0
     damage-energy                        0 +/- 0
 Mesh Index (10, 6, 15)
   Total Material
     Flux                                 0.205497 +/- 0.00103528
     heating                              5954.2 +/- 45.2889
     damage-energy                        1193.53 +/- 7.81923
 Mesh Index (11, 6, 15)
   Total Material
     Flux                                 0.176832 +/- 0.000934131
     heating                              5950.17 +/- 47.244
     damage-energy                        86.8624 +/- 0.619229
 Mesh Index (12, 6, 15)
   Total Material
     Flux                                 0.130963 +/- 0.000966076
     heating                              10289.9 +/- 86.4771
     damage-energy                        154.28 +/- 1.25736
 Mesh Index (13, 6, 15)
   Total Material
     Flux                                 0.0844275 +/- 0.000594469
     heating                              6326.55 +/- 44.8243
     damage-energy                        94.7139 +/- 0.772501
 Mesh Index (14, 6, 15)
   Total Material
     Flux                                 0.0517412 +/- 0.000607409
     heating                              3808.79 +/- 50.2727
     damage-energy                        55.7648 +/- 0.692553
 Mesh Index (15, 6, 15)
   Total Material
     Flux                                 0.0282454 +/- 0.000418921
     heating                              2072.77 +/- 37.3674
     damage-energy                        29.5547 +/- 0.397632
 Mesh Index (16, 6, 15)
   Total Material
     Flux                                 0.0106913 +/- 0.000228545
     heating                              497.615 +/- 14.5577
     damage-energy                        7.34772 +/- 0.193723
 Mesh Index (17, 6, 15)
   Total Material
     Flux                                 0.00718891 +/- 0.000142274
     heating                              0 +/- 0
     damage-energy                        0 +/- 0
 Mesh Index (18, 6, 15)
   Total Material
     Flux                                 0.00644264 +/- 0.00015374
     heating                              0 +/- 0
     damage-energy                        0 +/- 0
 Mesh Index (19, 6, 15)
   Total Material
     Flux                                 0.00589753 +/- 0.000155876
     heating                              0 +/- 0
     damage-energy                        0 +/- 0
 Mesh Index (20, 6, 15)
   Total Material
     Flux                                 0.0052174 +/- 0.000136333
     heating                              0 +/- 0
     damage-energy                        0 +/- 0
 Mesh Index (21, 6, 15)
   Total Material
     Flux                                 0.00264531 +/- 8.87936e-05
     heating                              0 +/- 0
     damage-energy                        0 +/- 0
 Mesh Index (22, 6, 15)
   Total Material
     Flux                                 0.00174271 +/- 6.48201e-05
     heating                              0 +/- 0
     damage-energy                        0 +/- 0
 Mesh Index (23, 6, 15)
   Total Material
     Flux                                 0.00120827 +/- 5.54217e-05
     heating                              0 +/- 0
     damage-energy                        0 +/- 0
 Mesh Index (24, 6, 15)
   Total Material
     Flux                                 0.000781996 +/- 5.04137e-05
     heating                              0 +/- 0
     damage-energy                        0 +/- 0
 Mesh Index (1, 7, 15)
   Total Material
     Flux                                 0.0781807 +/- 0.000594567
     heating                              0 +/- 0
     damage-energy                        0 +/- 0
 Mesh Index (2, 7, 15)
   Total Material
     Flux                                 0.108335 +/- 0.00054092
     heating                              0 +/- 0
     damage-energy                        0 +/- 0
 Mesh Index (3, 7, 15)
   Total Material
     Flux                                 0.139652 +/- 0.000659494
     heating                              0 +/- 0
     damage-energy                        0 +/- 0
 Mesh Index (4, 7, 15)
   Total Material
     Flux                                 0.160373 +/- 0.000742949
     heating                              0 +/- 0
     damage-energy                        0 +/- 0
 Mesh Index (5, 7, 15)
   Total Material
     Flux                                 0.178746 +/- 0.000884078
     heating                              0 +/- 0
     damage-energy                        0 +/- 0
 Mesh Index (6, 7, 15)
   Total Material
     Flux                                 0.194347 +/- 0.000960374
     heating                              0 +/- 0
     damage-energy                        0 +/- 0
 Mesh Index (7, 7, 15)
   Total Material
     Flux                                 0.204064 +/- 0.000956897
     heating                              0 +/- 0
     damage-energy                        0 +/- 0
 Mesh Index (8, 7, 15)
   Total Material
     Flux                                 0.215997 +/- 0.000891465
     heating                              0 +/- 0
     damage-energy                        0 +/- 0
 Mesh Index (9, 7, 15)
   Total Material
     Flux                                 0.21685 +/- 0.00102071
     heating                              0 +/- 0
     damage-energy                        0 +/- 0
 Mesh Index (10, 7, 15)
   Total Material
     Flux                                 0.204571 +/- 0.00107814
     heating                              5969.14 +/- 38.0423
     damage-energy                        1193.27 +/- 6.43309
 Mesh Index (11, 7, 15)
   Total Material
     Flux                                 0.175611 +/- 0.00113635
     heating                              5895.52 +/- 47.698
     damage-energy                        84.9637 +/- 0.736754
 Mesh Index (12, 7, 15)
   Total Material
     Flux                                 0.129803 +/- 0.000997654
     heating                              10176.5 +/- 88.0602
     damage-energy                        153.068 +/- 1.17344
 Mesh Index (13, 7, 15)
   Total Material
     Flux                                 0.0837114 +/- 0.000792766
     heating                              6308.17 +/- 66.6099
     damage-energy                        93.3746 +/- 0.926176
 Mesh Index (14, 7, 15)
   Total Material
     Flux                                 0.0513153 +/- 0.000594713
     heating                              3790.18 +/- 53.5891
     damage-energy                        54.7359 +/- 0.67966
 Mesh Index (15, 7, 15)
   Total Material
     Flux                                 0.0282656 +/- 0.000478592
     heating                              2056.06 +/- 36.3852
     damage-energy                        29.6563 +/- 0.567565
 Mesh Index (16, 7, 15)
   Total Material
     Flux                                 0.0108837 +/- 0.000226495
     heating                              514.412 +/- 13.4655
     damage-energy                        7.83491 +/- 0.197073
 Mesh Index (17, 7, 15)
   Total Material
     Flux                                 0.00710314 +/- 0.000153823
     heating                              0 +/- 0
     damage-energy                        0 +/- 0
 Mesh Index (18, 7, 15)
   Total Material
     Flux                                 0.00661177 +/- 0.000130063
     heating                              0 +/- 0
     damage-energy                        0 +/- 0
 Mesh Index (19, 7, 15)
   Total Material
     Flux                                 0.00593914 +/- 0.000149722
     heating                              0 +/- 0
     damage-energy                        0 +/- 0
 Mesh Index (20, 7, 15)
   Total Material
     Flux                                 0.00551998 +/- 0.000113441
     heating                              0 +/- 0
     damage-energy                        0 +/- 0
 Mesh Index (21, 7, 15)
   Total Material
     Flux                                 0.00389711 +/- 0.000112172
     heating                              0 +/- 0
     damage-energy                        0 +/- 0
 Mesh Index (22, 7, 15)
   Total Material
     Flux                                 0.00294699 +/- 7.78613e-05
     heating                              0 +/- 0
     damage-energy                        0 +/- 0
 Mesh Index (23, 7, 15)
   Total Material
     Flux                                 0.00232907 +/- 7.22562e-05
     heating                              0 +/- 0
     damage-energy                        0 +/- 0
 Mesh Index (24, 7, 15)
   Total Material
     Flux                                 0.00191746 +/- 6.83245e-05
     heating                              0 +/- 0
     damage-energy                        0 +/- 0
 Mesh Index (1, 1, 16)
   Total Material
     Flux                                 0.0739549 +/- 0.000448317
     heating                              0 +/- 0
     damage-energy                        0 +/- 0
 Mesh Index (2, 1, 16)
   Total Material
     Flux                                 0.102878 +/- 0.000582909
     heating                              0 +/- 0
     damage-energy                        0 +/- 0
 Mesh Index (3, 1, 16)
   Total Material
     Flux                                 0.130332 +/- 0.000721844
     heating                              0 +/- 0
     damage-energy                        0 +/- 0
 Mesh Index (4, 1, 16)
   Total Material
     Flux                                 0.151334 +/- 0.000671968
     heating                              0 +/- 0
     damage-energy                        0 +/- 0
 Mesh Index (5, 1, 16)
   Total Material
     Flux                                 0.16736 +/- 0.000798979
     heating                              0 +/- 0
     damage-energy                        0 +/- 0
 Mesh Index (6, 1, 16)
   Total Material
     Flux                                 0.18202 +/- 0.000803827
     heating                              0 +/- 0
     damage-energy                        0 +/- 0
 Mesh Index (7, 1, 16)
   Total Material
     Flux                                 0.195678 +/- 0.000922234
     heating                              0 +/- 0
     damage-energy                        0 +/- 0
 Mesh Index (8, 1, 16)
   Total Material
     Flux                                 0.205552 +/- 0.000850496
     heating                              0 +/- 0
     damage-energy                        0 +/- 0
 Mesh Index (9, 1, 16)
   Total Material
     Flux                                 0.206498 +/- 0.000929564
     heating                              0 +/- 0
     damage-energy                        0 +/- 0
 Mesh Index (10, 1, 16)
   Total Material
     Flux                                 0.192964 +/- 0.0010645
     heating                              5381.78 +/- 38.4845
     damage-energy                        1089.68 +/- 7.24959
 Mesh Index (11, 1, 16)
   Total Material
     Flux                                 0.166971 +/- 0.00108032
     heating                              5617.85 +/- 54.3899
     damage-energy                        80.872 +/- 0.719877
 Mesh Index (12, 1, 16)
   Total Material
     Flux                                 0.122237 +/- 0.00100658
     heating                              9564.78 +/- 86.1685
     damage-energy                        142.322 +/- 1.35959
 Mesh Index (13, 1, 16)
   Total Material
     Flux                                 0.0791799 +/- 0.000587019
     heating                              5909.31 +/- 54.8253
     damage-energy                        87.717 +/- 0.73035
 Mesh Index (14, 1, 16)
   Total Material
     Flux                                 0.0482461 +/- 0.000530125
     heating                              3534.87 +/- 46.1687
     damage-energy                        51.8686 +/- 0.620001
 Mesh Index (15, 1, 16)
   Total Material
     Flux                                 0.0257399 +/- 0.000349757
     heating                              1874.07 +/- 30.8151
     damage-energy                        27.2306 +/- 0.468219
 Mesh Index (16, 1, 16)
   Total Material
     Flux                                 0.00985246 +/- 0.000135103
     heating                              465.943 +/- 10.7468
     damage-energy                        7.05475 +/- 0.128574
 Mesh Index (17, 1, 16)
   Total Material
     Flux                                 0.006558 +/- 0.000146118
     heating                              0 +/- 0
     damage-energy                        0 +/- 0
 Mesh Index (18, 1, 16)
   Total Material
     Flux                                 0.00608197 +/- 0.000143781
     heating                              0 +/- 0
     damage-energy                        0 +/- 0
 Mesh Index (19, 1, 16)
   Total Material
     Flux                                 0.00575086 +/- 0.000124133
     heating                              0 +/- 0
     damage-energy                        0 +/- 0
 Mesh Index (20, 1, 16)
   Total Material
     Flux                                 0.00531725 +/- 0.000123286
     heating                              0 +/- 0
     damage-energy                        0 +/- 0
 Mesh Index (21, 1, 16)
   Total Material
     Flux                                 0.00361496 +/- 9.20056e-05
     heating                              0 +/- 0
     damage-energy                        0 +/- 0
 Mesh Index (22, 1, 16)
   Total Material
     Flux                                 0.00281761 +/- 7.81539e-05
     heating                              0 +/- 0
     damage-energy                        0 +/- 0
 Mesh Index (23, 1, 16)
   Total Material
     Flux                                 0.00219753 +/- 7.6702e-05
     heating                              0 +/- 0
     damage-energy                        0 +/- 0
 Mesh Index (24, 1, 16)
   Total Material
     Flux                                 0.00174636 +/- 6.52993e-05
     heating                              0 +/- 0
     damage-energy                        0 +/- 0
 Mesh Index (1, 2, 16)
   Total Material
     Flux                                 0.0723771 +/- 0.000424556
     heating                              0 +/- 0
     damage-energy                        0 +/- 0
 Mesh Index (2, 2, 16)
   Total Material
     Flux                                 0.102634 +/- 0.000654295
     heating                              0 +/- 0
     damage-energy                        0 +/- 0
 Mesh Index (3, 2, 16)
   Total Material
     Flux                                 0.131031 +/- 0.000711336
     heating                              0 +/- 0
     damage-energy                        0 +/- 0
 Mesh Index (4, 2, 16)
   Total Material
     Flux                                 0.150566 +/- 0.000818572
     heating                              0 +/- 0
     damage-energy                        0 +/- 0
 Mesh Index (5, 2, 16)
   Total Material
     Flux                                 0.168162 +/- 0.000778683
     heating                              0 +/- 0
     damage-energy                        0 +/- 0
 Mesh Index (6, 2, 16)
   Total Material
     Flux                                 0.182288 +/- 0.000788787
     heating                              0 +/- 0
     damage-energy                        0 +/- 0
 Mesh Index (7, 2, 16)
   Total Material
     Flux                                 0.194842 +/- 0.00088316
     heating                              0 +/- 0
     damage-energy                        0 +/- 0
 Mesh Index (8, 2, 16)
   Total Material
     Flux                                 0.204576 +/- 0.000903883
     heating                              0 +/- 0
     damage-energy                        0 +/- 0
 Mesh Index (9, 2, 16)
   Total Material
     Flux                                 0.205562 +/- 0.0010575
     heating                              0 +/- 0
     damage-energy                        0 +/- 0
 Mesh Index (10, 2, 16)
   Total Material
     Flux                                 0.193491 +/- 0.00094322
     heating                              5438.84 +/- 38.3923
     damage-energy                        1099.67 +/- 6.31427
 Mesh Index (11, 2, 16)
   Total Material
     Flux                                 0.167536 +/- 0.00114698
     heating                              5685.9 +/- 50.5065
     damage-energy                        82.1834 +/- 0.725303
 Mesh Index (12, 2, 16)
   Total Material
     Flux                                 0.122953 +/- 0.00092364
     heating                              9670.96 +/- 83.5562
     damage-energy                        143.872 +/- 1.08988
 Mesh Index (13, 2, 16)
   Total Material
     Flux                                 0.0802189 +/- 0.000559963
     heating                              6042.34 +/- 46.4353
     damage-energy                        88.902 +/- 0.717437
 Mesh Index (14, 2, 16)
   Total Material
     Flux                                 0.048236 +/- 0.000569493
     heating                              3564.74 +/- 52.2263
     damage-energy                        51.449 +/- 0.649519
 Mesh Index (15, 2, 16)
   Total Material
     Flux                                 0.0261631 +/- 0.000350735
     heating                              1930.97 +/- 27.1977
     damage-energy                        27.5134 +/- 0.36448
 Mesh Index (16, 2, 16)
   Total Material
     Flux                                 0.0102536 +/- 0.000190422
     heating                              490.003 +/- 13.6534
     damage-energy                        7.35674 +/- 0.17385
 Mesh Index (17, 2, 16)
   Total Material
     Flux                                 0.00675079 +/- 0.000136113
     heating                              0 +/- 0
     damage-energy                        0 +/- 0
 Mesh Index (18, 2, 16)
   Total Material
     Flux                                 0.0064398 +/- 0.000119594
     heating                              0 +/- 0
     damage-energy                        0 +/- 0
 Mesh Index (19, 2, 16)
   Total Material
     Flux                                 0.00593379 +/- 0.000146245
     heating                              0 +/- 0
     damage-energy                        0 +/- 0
 Mesh Index (20, 2, 16)
   Total Material
     Flux                                 0.00524375 +/- 0.000143279
     heating                              0 +/- 0
     damage-energy                        0 +/- 0
 Mesh Index (21, 2, 16)
   Total Material
     Flux                                 0.00245495 +/- 8.41531e-05
     heating                              0 +/- 0
     damage-energy                        0 +/- 0
 Mesh Index (22, 2, 16)
   Total Material
     Flux                                 0.00158072 +/- 5.79365e-05
     heating                              0 +/- 0
     damage-energy                        0 +/- 0
 Mesh Index (23, 2, 16)
   Total Material
     Flux                                 0.0009881 +/- 4.48789e-05
     heating                              0 +/- 0
     damage-energy                        0 +/- 0
 Mesh Index (24, 2, 16)
   Total Material
     Flux                                 0.000673264 +/- 4.13694e-05
     heating                              0 +/- 0
     damage-energy                        0 +/- 0
 Mesh Index (1, 3, 16)
   Total Material
     Flux                                 0.0730493 +/- 0.000499028
     heating                              0 +/- 0
     damage-energy                        0 +/- 0
 Mesh Index (2, 3, 16)
   Total Material
     Flux                                 0.10243 +/- 0.000623956
     heating                              0 +/- 0
     damage-energy                        0 +/- 0
 Mesh Index (3, 3, 16)
   Total Material
     Flux                                 0.130843 +/- 0.000591661
     heating                              0 +/- 0
     damage-energy                        0 +/- 0
 Mesh Index (4, 3, 16)
   Total Material
     Flux                                 0.149495 +/- 0.000742163
     heating                              0 +/- 0
     damage-energy                        0 +/- 0
 Mesh Index (5, 3, 16)
   Total Material
     Flux                                 0.166645 +/- 0.000765544
     heating                              0 +/- 0
     damage-energy                        0 +/- 0
 Mesh Index (6, 3, 16)
   Total Material
     Flux                                 0.181237 +/- 0.000686974
     heating                              0 +/- 0
     damage-energy                        0 +/- 0
 Mesh Index (7, 3, 16)
   Total Material
     Flux                                 0.193539 +/- 0.00103474
     heating                              0 +/- 0
     damage-energy                        0 +/- 0
 Mesh Index (8, 3, 16)
   Total Material
     Flux                                 0.20307 +/- 0.000930194
     heating                              0 +/- 0
     damage-energy                        0 +/- 0
 Mesh Index (9, 3, 16)
   Total Material
     Flux                                 0.205739 +/- 0.000952397
     heating                              0 +/- 0
     damage-energy                        0 +/- 0
 Mesh Index (10, 3, 16)
   Total Material
     Flux                                 0.192306 +/- 0.00109242
     heating                              5460.23 +/- 40.1594
     damage-energy                        1098.9 +/- 7.32212
 Mesh Index (11, 3, 16)
   Total Material
     Flux                                 0.16696 +/- 0.000955749
     heating                              5704.87 +/- 43.3764
     damage-energy                        81.8474 +/- 0.609143
 Mesh Index (12, 3, 16)
   Total Material
     Flux                                 0.122523 +/- 0.000908153
     heating                              9604.6 +/- 84.2763
     damage-energy                        144.115 +/- 1.2093
 Mesh Index (13, 3, 16)
   Total Material
     Flux                                 0.0789959 +/- 0.000701034
     heating                              5873.07 +/- 60.3914
     damage-energy                        88.3623 +/- 0.85699
 Mesh Index (14, 3, 16)
   Total Material
     Flux                                 0.0487961 +/- 0.000474825
     heating                              3632.13 +/- 37.4101
     damage-energy                        52.504 +/- 0.537724
 Mesh Index (15, 3, 16)
   Total Material
     Flux                                 0.0266727 +/- 0.000378491
     heating                              1958.28 +/- 35.6959
     damage-energy                        27.8479 +/- 0.408882
 Mesh Index (16, 3, 16)
   Total Material
     Flux                                 0.00987193 +/- 0.000181204
     heating                              475.727 +/- 12.7258
     damage-energy                        7.04913 +/- 0.176615
 Mesh Index (17, 3, 16)
   Total Material
     Flux                                 0.00651131 +/- 0.000139314
     heating                              0 +/- 0
     damage-energy                        0 +/- 0
 Mesh Index (18, 3, 16)
   Total Material
     Flux                                 0.00614569 +/- 0.000127583
     heating                              0 +/- 0
     damage-energy                        0 +/- 0
 Mesh Index (19, 3, 16)
   Total Material
     Flux                                 0.00580509 +/- 0.000113799
     heating                              0 +/- 0
     damage-energy                        0 +/- 0
 Mesh Index (20, 3, 16)
   Total Material
     Flux                                 0.00551601 +/- 0.00011914
     heating                              0 +/- 0
     damage-energy                        0 +/- 0
 Mesh Index (21, 3, 16)
   Total Material
     Flux                                 0.00495713 +/- 0.000140305
     heating                              0 +/- 0
     damage-energy                        0 +/- 0
 Mesh Index (22, 3, 16)
   Total Material
     Flux                                 0.0039324 +/- 0.000118788
     heating                              0 +/- 0
     damage-energy                        0 +/- 0
 Mesh Index (23, 3, 16)
   Total Material
     Flux                                 0.00328566 +/- 9.1262e-05
     heating                              0 +/- 0
     damage-energy                        0 +/- 0
 Mesh Index (24, 3, 16)
   Total Material
     Flux                                 0.00240164 +/- 7.69161e-05
     heating                              0 +/- 0
     damage-energy                        0 +/- 0
 Mesh Index (1, 4, 16)
   Total Material
     Flux                                 0.0738034 +/- 0.000555095
     heating                              0 +/- 0
     damage-energy                        0 +/- 0
 Mesh Index (2, 4, 16)
   Total Material
     Flux                                 0.103411 +/- 0.000670253
     heating                              0 +/- 0
     damage-energy                        0 +/- 0
 Mesh Index (3, 4, 16)
   Total Material
     Flux                                 0.131751 +/- 0.00073468
     heating                              0 +/- 0
     damage-energy                        0 +/- 0
 Mesh Index (4, 4, 16)
   Total Material
     Flux                                 0.14973 +/- 0.00083697
     heating                              0 +/- 0
     damage-energy                        0 +/- 0
 Mesh Index (5, 4, 16)
   Total Material
     Flux                                 0.167348 +/- 0.000908474
     heating                              0 +/- 0
     damage-energy                        0 +/- 0
 Mesh Index (6, 4, 16)
   Total Material
     Flux                                 0.180719 +/- 0.000840398
     heating                              0 +/- 0
     damage-energy                        0 +/- 0
 Mesh Index (7, 4, 16)
   Total Material
     Flux                                 0.192691 +/- 0.000807689
     heating                              0 +/- 0
     damage-energy                        0 +/- 0
 Mesh Index (8, 4, 16)
   Total Material
     Flux                                 0.203491 +/- 0.000894485
     heating                              0 +/- 0
     damage-energy                        0 +/- 0
 Mesh Index (9, 4, 16)
   Total Material
     Flux                                 0.207441 +/- 0.000947838
     heating                              0 +/- 0
     damage-energy                        0 +/- 0
 Mesh Index (10, 4, 16)
   Total Material
     Flux                                 0.195453 +/- 0.00104164
     heating                              5567.86 +/- 45.1005
     damage-energy                        1122.55 +/- 8.04182
 Mesh Index (11, 4, 16)
   Total Material
     Flux                                 0.167872 +/- 0.000884971
     heating                              5664.21 +/- 47.7826
     damage-energy                        81.1787 +/- 0.512582
 Mesh Index (12, 4, 16)
   Total Material
     Flux                                 0.123553 +/- 0.000844054
     heating                              9726.77 +/- 78.9907
     damage-energy                        144.229 +/- 1.00758
 Mesh Index (13, 4, 16)
   Total Material
     Flux                                 0.0800099 +/- 0.000800425
     heating                              5987.72 +/- 67.0196
     damage-energy                        89.3759 +/- 0.89266
 Mesh Index (14, 4, 16)
   Total Material
     Flux                                 0.0488847 +/- 0.000555863
     heating                              3629.44 +/- 43.4155
     damage-energy                        52.3094 +/- 0.610976
 Mesh Index (15, 4, 16)
   Total Material
     Flux                                 0.0262304 +/- 0.000397205
     heating                              1932.83 +/- 31.5292
     damage-energy                        27.2924 +/- 0.446432
 Mesh Index (16, 4, 16)
   Total Material
     Flux                                 0.0100616 +/- 0.000174926
     heating                              467.233 +/- 11.9907
     damage-energy                        7.05528 +/- 0.155644
 Mesh Index (17, 4, 16)
   Total Material
     Flux                                 0.00672168 +/- 0.000149429
     heating                              0 +/- 0
     damage-energy                        0 +/- 0
 Mesh Index (18, 4, 16)
   Total Material
     Flux                                 0.00626511 +/- 0.000143927
     heating                              0 +/- 0
     damage-energy                        0 +/- 0
 Mesh Index (19, 4, 16)
   Total Material
     Flux                                 0.00602234 +/- 0.000142125
     heating                              0 +/- 0
     damage-energy                        0 +/- 0
 Mesh Index (20, 4, 16)
   Total Material
     Flux                                 0.0054024 +/- 0.000112797
     heating                              0 +/- 0
     damage-energy                        0 +/- 0
 Mesh Index (21, 4, 16)
   Total Material
     Flux                                 0.00248331 +/- 8.44587e-05
     heating                              0 +/- 0
     damage-energy                        0 +/- 0
 Mesh Index (22, 4, 16)
   Total Material
     Flux                                 0.000895796 +/- 4.76337e-05
     heating                              0 +/- 0
     damage-energy                        0 +/- 0
 Mesh Index (23, 4, 16)
   Total Material
     Flux                                 7.60989e-05 +/- 7.22161e-06
     heating                              0 +/- 0
     damage-energy                        0 +/- 0
 Mesh Index (24, 4, 16)
   Total Material
     Flux                                 0 +/- 0
     heating                              0 +/- 0
     damage-energy                        0 +/- 0
 Mesh Index (1, 5, 16)
   Total Material
     Flux                                 0.072736 +/- 0.000470887
     heating                              0 +/- 0
     damage-energy                        0 +/- 0
 Mesh Index (2, 5, 16)
   Total Material
     Flux                                 0.102469 +/- 0.000619782
     heating                              0 +/- 0
     damage-energy                        0 +/- 0
 Mesh Index (3, 5, 16)
   Total Material
     Flux                                 0.131488 +/- 0.000697685
     heating                              0 +/- 0
     damage-energy                        0 +/- 0
 Mesh Index (4, 5, 16)
   Total Material
     Flux                                 0.151252 +/- 0.000878018
     heating                              0 +/- 0
     damage-energy                        0 +/- 0
 Mesh Index (5, 5, 16)
   Total Material
     Flux                                 0.168604 +/- 0.000872297
     heating                              0 +/- 0
     damage-energy                        0 +/- 0
 Mesh Index (6, 5, 16)
   Total Material
     Flux                                 0.181175 +/- 0.000870019
     heating                              0 +/- 0
     damage-energy                        0 +/- 0
 Mesh Index (7, 5, 16)
   Total Material
     Flux                                 0.193311 +/- 0.000686916
     heating                              0 +/- 0
     damage-energy                        0 +/- 0
 Mesh Index (8, 5, 16)
   Total Material
     Flux                                 0.204576 +/- 0.000935789
     heating                              0 +/- 0
     damage-energy                        0 +/- 0
 Mesh Index (9, 5, 16)
   Total Material
     Flux                                 0.206344 +/- 0.00103488
     heating                              0 +/- 0
     damage-energy                        0 +/- 0
 Mesh Index (10, 5, 16)
   Total Material
     Flux                                 0.193582 +/- 0.00108725
     heating                              5457.88 +/- 33.0973
     damage-energy                        1101.47 +/- 6.47003
 Mesh Index (11, 5, 16)
   Total Material
     Flux                                 0.167183 +/- 0.000958581
     heating                              5616.68 +/- 41.25
     damage-energy                        81.1965 +/- 0.56846
 Mesh Index (12, 5, 16)
   Total Material
     Flux                                 0.123159 +/- 0.000921252
     heating                              9627 +/- 77.2542
     damage-energy                        145.267 +/- 1.16393
 Mesh Index (13, 5, 16)
   Total Material
     Flux                                 0.0787919 +/- 0.000808086
     heating                              5820.87 +/- 58.8935
     damage-energy                        88.2653 +/- 0.993436
 Mesh Index (14, 5, 16)
   Total Material
     Flux                                 0.0489319 +/- 0.000498198
     heating                              3563.86 +/- 47.995
     damage-energy                        51.6665 +/- 0.50605
 Mesh Index (15, 5, 16)
   Total Material
     Flux                                 0.0259891 +/- 0.000322934
     heating                              1885.51 +/- 28.7086
     damage-energy                        26.7693 +/- 0.36135
 Mesh Index (16, 5, 16)
   Total Material
     Flux                                 0.0101304 +/- 0.000188353
     heating                              481.094 +/- 12.2761
     damage-energy                        7.16747 +/- 0.168101
 Mesh Index (17, 5, 16)
   Total Material
     Flux                                 0.00654587 +/- 0.000136131
     heating                              0 +/- 0
     damage-energy                        0 +/- 0
 Mesh Index (18, 5, 16)
   Total Material
     Flux                                 0.00650499 +/- 0.000131776
     heating                              0 +/- 0
     damage-energy                        0 +/- 0
 Mesh Index (19, 5, 16)
   Total Material
     Flux                                 0.00576839 +/- 0.000124649
     heating                              0 +/- 0
     damage-energy                        0 +/- 0
 Mesh Index (20, 5, 16)
   Total Material
     Flux                                 0.0054726 +/- 0.00012815
     heating                              0 +/- 0
     damage-energy                        0 +/- 0
 Mesh Index (21, 5, 16)
   Total Material
     Flux                                 0.00513357 +/- 0.000115825
     heating                              0 +/- 0
     damage-energy                        0 +/- 0
 Mesh Index (22, 5, 16)
   Total Material
     Flux                                 0.00395048 +/- 8.95499e-05
     heating                              0 +/- 0
     damage-energy                        0 +/- 0
 Mesh Index (23, 5, 16)
   Total Material
     Flux                                 0.00317369 +/- 6.44924e-05
     heating                              0 +/- 0
     damage-energy                        0 +/- 0
 Mesh Index (24, 5, 16)
   Total Material
     Flux                                 0.00239266 +/- 8.26942e-05
     heating                              0 +/- 0
     damage-energy                        0 +/- 0
 Mesh Index (1, 6, 16)
   Total Material
     Flux                                 0.0724149 +/- 0.000613376
     heating                              0 +/- 0
     damage-energy                        0 +/- 0
 Mesh Index (2, 6, 16)
   Total Material
     Flux                                 0.103399 +/- 0.000560484
     heating                              0 +/- 0
     damage-energy                        0 +/- 0
 Mesh Index (3, 6, 16)
   Total Material
     Flux                                 0.131794 +/- 0.000639047
     heating                              0 +/- 0
     damage-energy                        0 +/- 0
 Mesh Index (4, 6, 16)
   Total Material
     Flux                                 0.152113 +/- 0.00062284
     heating                              0 +/- 0
     damage-energy                        0 +/- 0
 Mesh Index (5, 6, 16)
   Total Material
     Flux                                 0.167498 +/- 0.000901807
     heating                              0 +/- 0
     damage-energy                        0 +/- 0
 Mesh Index (6, 6, 16)
   Total Material
     Flux                                 0.181984 +/- 0.000972941
     heating                              0 +/- 0
     damage-energy                        0 +/- 0
 Mesh Index (7, 6, 16)
   Total Material
     Flux                                 0.193747 +/- 0.000871974
     heating                              0 +/- 0
     damage-energy                        0 +/- 0
 Mesh Index (8, 6, 16)
   Total Material
     Flux                                 0.203974 +/- 0.000875514
     heating                              0 +/- 0
     damage-energy                        0 +/- 0
 Mesh Index (9, 6, 16)
   Total Material
     Flux                                 0.206211 +/- 0.000954058
     heating                              0 +/- 0
     damage-energy                        0 +/- 0
 Mesh Index (10, 6, 16)
   Total Material
     Flux                                 0.195502 +/- 0.00103576
     heating                              5481.75 +/- 48.6258
     damage-energy                        1108.5 +/- 8.35871
 Mesh Index (11, 6, 16)
   Total Material
     Flux                                 0.167401 +/- 0.0010377
     heating                              5676 +/- 44.3421
     damage-energy                        81.877 +/- 0.570473
 Mesh Index (12, 6, 16)
   Total Material
     Flux                                 0.123716 +/- 0.000742864
     heating                              9725.01 +/- 69.6351
     damage-energy                        145.215 +/- 1.0526
 Mesh Index (13, 6, 16)
   Total Material
     Flux                                 0.0787732 +/- 0.000670583
     heating                              5908.48 +/- 55.977
     damage-energy                        87.5748 +/- 0.759737
 Mesh Index (14, 6, 16)
   Total Material
     Flux                                 0.0486887 +/- 0.000600897
     heating                              3625.09 +/- 50.7284
     damage-energy                        51.5217 +/- 0.748269
 Mesh Index (15, 6, 16)
   Total Material
     Flux                                 0.0267483 +/- 0.000378256
     heating                              1932.34 +/- 30.8349
     damage-energy                        28.1872 +/- 0.463908
 Mesh Index (16, 6, 16)
   Total Material
     Flux                                 0.0104424 +/- 0.000200032
     heating                              490.737 +/- 10.2271
     damage-energy                        7.47677 +/- 0.161747
 Mesh Index (17, 6, 16)
   Total Material
     Flux                                 0.00670301 +/- 0.000162936
     heating                              0 +/- 0
     damage-energy                        0 +/- 0
 Mesh Index (18, 6, 16)
   Total Material
     Flux                                 0.00612606 +/- 0.000154069
     heating                              0 +/- 0
     damage-energy                        0 +/- 0
 Mesh Index (19, 6, 16)
   Total Material
     Flux                                 0.00579337 +/- 0.00014712
     heating                              0 +/- 0
     damage-energy                        0 +/- 0
 Mesh Index (20, 6, 16)
   Total Material
     Flux                                 0.00506994 +/- 0.000116462
     heating                              0 +/- 0
     damage-energy                        0 +/- 0
 Mesh Index (21, 6, 16)
   Total Material
     Flux                                 0.0025644 +/- 6.81251e-05
     heating                              0 +/- 0
     damage-energy                        0 +/- 0
 Mesh Index (22, 6, 16)
   Total Material
     Flux                                 0.0016603 +/- 6.75479e-05
     heating                              0 +/- 0
     damage-energy                        0 +/- 0
 Mesh Index (23, 6, 16)
   Total Material
     Flux                                 0.00114974 +/- 6.0289e-05
     heating                              0 +/- 0
     damage-energy                        0 +/- 0
 Mesh Index (24, 6, 16)
   Total Material
     Flux                                 0.000763647 +/- 4.84493e-05
     heating                              0 +/- 0
     damage-energy                        0 +/- 0
 Mesh Index (1, 7, 16)
   Total Material
     Flux                                 0.073506 +/- 0.00052291
     heating                              0 +/- 0
     damage-energy                        0 +/- 0
 Mesh Index (2, 7, 16)
   Total Material
     Flux                                 0.10356 +/- 0.000641213
     heating                              0 +/- 0
     damage-energy                        0 +/- 0
 Mesh Index (3, 7, 16)
   Total Material
     Flux                                 0.132138 +/- 0.000743976
     heating                              0 +/- 0
     damage-energy                        0 +/- 0
 Mesh Index (4, 7, 16)
   Total Material
     Flux                                 0.150479 +/- 0.000742437
     heating                              0 +/- 0
     damage-energy                        0 +/- 0
 Mesh Index (5, 7, 16)
   Total Material
     Flux                                 0.167604 +/- 0.000868168
     heating                              0 +/- 0
     damage-energy                        0 +/- 0
 Mesh Index (6, 7, 16)
   Total Material
     Flux                                 0.182152 +/- 0.000820555
     heating                              0 +/- 0
     damage-energy                        0 +/- 0
 Mesh Index (7, 7, 16)
   Total Material
     Flux                                 0.193011 +/- 0.00086775
     heating                              0 +/- 0
     damage-energy                        0 +/- 0
 Mesh Index (8, 7, 16)
   Total Material
     Flux                                 0.203054 +/- 0.00105355
     heating                              0 +/- 0
     damage-energy                        0 +/- 0
 Mesh Index (9, 7, 16)
   Total Material
     Flux                                 0.208237 +/- 0.00120325
     heating                              0 +/- 0
     damage-energy                        0 +/- 0
 Mesh Index (10, 7, 16)
   Total Material
     Flux                                 0.193399 +/- 0.00110119
     heating                              5489.9 +/- 46.2079
     damage-energy                        1106.18 +/- 7.9327
 Mesh Index (11, 7, 16)
   Total Material
     Flux                                 0.168003 +/- 0.00107621
     heating                              5697.55 +/- 56.4125
     damage-energy                        81.1237 +/- 0.663279
 Mesh Index (12, 7, 16)
   Total Material
     Flux                                 0.122724 +/- 0.00079763
     heating                              9595.96 +/- 67.8082
     damage-energy                        143.77 +/- 0.957674
 Mesh Index (13, 7, 16)
   Total Material
     Flux                                 0.0788086 +/- 0.000810359
     heating                              5862.81 +/- 68.0701
     damage-energy                        88.0738 +/- 0.897642
 Mesh Index (14, 7, 16)
   Total Material
     Flux                                 0.0489857 +/- 0.000721803
     heating                              3642.4 +/- 62.5102
     damage-energy                        52.1296 +/- 0.800841
 Mesh Index (15, 7, 16)
   Total Material
     Flux                                 0.0267604 +/- 0.000415239
     heating                              1956.08 +/- 40.2186
     damage-energy                        28.2981 +/- 0.423767
 Mesh Index (16, 7, 16)
   Total Material
     Flux                                 0.0103112 +/- 0.000198218
     heating                              490.724 +/- 12.7
     damage-energy                        7.51214 +/- 0.165726
 Mesh Index (17, 7, 16)
   Total Material
     Flux                                 0.00691383 +/- 0.000147711
     heating                              0 +/- 0
     damage-energy                        0 +/- 0
 Mesh Index (18, 7, 16)
   Total Material
     Flux                                 0.00635565 +/- 0.000126613
     heating                              0 +/- 0
     damage-energy                        0 +/- 0
 Mesh Index (19, 7, 16)
   Total Material
     Flux                                 0.00583269 +/- 0.000114859
     heating                              0 +/- 0
     damage-energy                        0 +/- 0
 Mesh Index (20, 7, 16)
   Total Material
     Flux                                 0.00549362 +/- 0.000117795
     heating                              0 +/- 0
     damage-energy                        0 +/- 0
 Mesh Index (21, 7, 16)
   Total Material
     Flux                                 0.00384916 +/- 0.000102368
     heating                              0 +/- 0
     damage-energy                        0 +/- 0
 Mesh Index (22, 7, 16)
   Total Material
     Flux                                 0.00280377 +/- 9.77346e-05
     heating                              0 +/- 0
     damage-energy                        0 +/- 0
 Mesh Index (23, 7, 16)
   Total Material
     Flux                                 0.00215468 +/- 7.62281e-05
     heating                              0 +/- 0
     damage-energy                        0 +/- 0
 Mesh Index (24, 7, 16)
   Total Material
     Flux                                 0.00169804 +/- 6.79872e-05
     heating                              0 +/- 0
     damage-energy                        0 +/- 0
 Mesh Index (1, 1, 17)
   Total Material
     Flux                                 0.0675756 +/- 0.000519774
     heating                              0 +/- 0
     damage-energy                        0 +/- 0
 Mesh Index (2, 1, 17)
   Total Material
     Flux                                 0.0907657 +/- 0.000577543
     heating                              0 +/- 0
     damage-energy                        0 +/- 0
 Mesh Index (3, 1, 17)
   Total Material
     Flux                                 0.112026 +/- 0.000688503
     heating                              0 +/- 0
     damage-energy                        0 +/- 0
 Mesh Index (4, 1, 17)
   Total Material
     Flux                                 0.130035 +/- 0.000726346
     heating                              0 +/- 0
     damage-energy                        0 +/- 0
 Mesh Index (5, 1, 17)
   Total Material
     Flux                                 0.144997 +/- 0.000746487
     heating                              0 +/- 0
     damage-energy                        0 +/- 0
 Mesh Index (6, 1, 17)
   Total Material
     Flux                                 0.160094 +/- 0.000854441
     heating                              0 +/- 0
     damage-energy                        0 +/- 0
 Mesh Index (7, 1, 17)
   Total Material
     Flux                                 0.171527 +/- 0.00079121
     heating                              0 +/- 0
     damage-energy                        0 +/- 0
 Mesh Index (8, 1, 17)
   Total Material
     Flux                                 0.183035 +/- 0.000795348
     heating                              0 +/- 0
     damage-energy                        0 +/- 0
 Mesh Index (9, 1, 17)
   Total Material
     Flux                                 0.187697 +/- 0.000824303
     heating                              0 +/- 0
     damage-energy                        0 +/- 0
 Mesh Index (10, 1, 17)
   Total Material
     Flux                                 0.177806 +/- 0.000917991
     heating                              4776.88 +/- 38.8883
     damage-energy                        980.201 +/- 6.13114
 Mesh Index (11, 1, 17)
   Total Material
     Flux                                 0.156173 +/- 0.000838447
     heating                              5286.14 +/- 41.7697
     damage-energy                        74.8625 +/- 0.525679
 Mesh Index (12, 1, 17)
   Total Material
     Flux                                 0.11459 +/- 0.000895656
     heating                              9018.98 +/- 87.9943
     damage-energy                        133.127 +/- 1.12966
 Mesh Index (13, 1, 17)
   Total Material
     Flux                                 0.0740671 +/- 0.000693725
     heating                              5560.49 +/- 57.8678
     damage-energy                        82.178 +/- 0.87545
 Mesh Index (14, 1, 17)
   Total Material
     Flux                                 0.0456499 +/- 0.000574565
     heating                              3361.26 +/- 53.3712
     damage-energy                        48.2368 +/- 0.685286
 Mesh Index (15, 1, 17)
   Total Material
     Flux                                 0.024112 +/- 0.000401423
     heating                              1742.48 +/- 34.3208
     damage-energy                        24.8849 +/- 0.451984
 Mesh Index (16, 1, 17)
   Total Material
     Flux                                 0.00923737 +/- 0.000215742
     heating                              419.13 +/- 11.8871
     damage-energy                        6.36946 +/- 0.174555
 Mesh Index (17, 1, 17)
   Total Material
     Flux                                 0.00592985 +/- 0.000130166
     heating                              0 +/- 0
     damage-energy                        0 +/- 0
 Mesh Index (18, 1, 17)
   Total Material
     Flux                                 0.00574453 +/- 0.000145292
     heating                              0 +/- 0
     damage-energy                        0 +/- 0
 Mesh Index (19, 1, 17)
   Total Material
     Flux                                 0.00535587 +/- 0.000113063
     heating                              0 +/- 0
     damage-energy                        0 +/- 0
 Mesh Index (20, 1, 17)
   Total Material
     Flux                                 0.00489198 +/- 0.000122971
     heating                              0 +/- 0
     damage-energy                        0 +/- 0
 Mesh Index (21, 1, 17)
   Total Material
     Flux                                 0.00360643 +/- 9.92297e-05
     heating                              0 +/- 0
     damage-energy                        0 +/- 0
 Mesh Index (22, 1, 17)
   Total Material
     Flux                                 0.00284842 +/- 8.89304e-05
     heating                              0 +/- 0
     damage-energy                        0 +/- 0
 Mesh Index (23, 1, 17)
   Total Material
     Flux                                 0.00211495 +/- 7.2694e-05
     heating                              0 +/- 0
     damage-energy                        0 +/- 0
 Mesh Index (24, 1, 17)
   Total Material
     Flux                                 0.00179346 +/- 7.55321e-05
     heating                              0 +/- 0
     damage-energy                        0 +/- 0
 Mesh Index (1, 2, 17)
   Total Material
     Flux                                 0.0686985 +/- 0.000410406
     heating                              0 +/- 0
     damage-energy                        0 +/- 0
 Mesh Index (2, 2, 17)
   Total Material
     Flux                                 0.0901559 +/- 0.000544746
     heating                              0 +/- 0
     damage-energy                        0 +/- 0
 Mesh Index (3, 2, 17)
   Total Material
     Flux                                 0.112486 +/- 0.000782446
     heating                              0 +/- 0
     damage-energy                        0 +/- 0
 Mesh Index (4, 2, 17)
   Total Material
     Flux                                 0.130383 +/- 0.000748463
     heating                              0 +/- 0
     damage-energy                        0 +/- 0
 Mesh Index (5, 2, 17)
   Total Material
     Flux                                 0.144813 +/- 0.000755974
     heating                              0 +/- 0
     damage-energy                        0 +/- 0
 Mesh Index (6, 2, 17)
   Total Material
     Flux                                 0.159168 +/- 0.000721254
     heating                              0 +/- 0
     damage-energy                        0 +/- 0
 Mesh Index (7, 2, 17)
   Total Material
     Flux                                 0.172216 +/- 0.000818407
     heating                              0 +/- 0
     damage-energy                        0 +/- 0
 Mesh Index (8, 2, 17)
   Total Material
     Flux                                 0.182637 +/- 0.000793717
     heating                              0 +/- 0
     damage-energy                        0 +/- 0
 Mesh Index (9, 2, 17)
   Total Material
     Flux                                 0.187825 +/- 0.000980724
     heating                              0 +/- 0
     damage-energy                        0 +/- 0
 Mesh Index (10, 2, 17)
   Total Material
     Flux                                 0.179723 +/- 0.000853475
     heating                              4832.97 +/- 35.5949
     damage-energy                        992.349 +/- 5.69927
 Mesh Index (11, 2, 17)
   Total Material
     Flux                                 0.157266 +/- 0.000949725
     heating                              5344.27 +/- 43.1711
     damage-energy                        75.9563 +/- 0.67753
 Mesh Index (12, 2, 17)
   Total Material
     Flux                                 0.115473 +/- 0.000838694
     heating                              9045.66 +/- 63.4926
     damage-energy                        135.141 +/- 1.08026
 Mesh Index (13, 2, 17)
   Total Material
     Flux                                 0.073632 +/- 0.000536787
     heating                              5533.77 +/- 45.9792
     damage-energy                        81.7776 +/- 0.660437
 Mesh Index (14, 2, 17)
   Total Material
     Flux                                 0.0455439 +/- 0.000509463
     heating                              3388.55 +/- 44.5973
     damage-energy                        48.6728 +/- 0.579782
 Mesh Index (15, 2, 17)
   Total Material
     Flux                                 0.0251543 +/- 0.000437647
     heating                              1839.39 +/- 32.4586
     damage-energy                        26.3488 +/- 0.500216
 Mesh Index (16, 2, 17)
   Total Material
     Flux                                 0.00979485 +/- 0.000225476
     heating                              463.003 +/- 14.3453
     damage-energy                        6.93201 +/- 0.199792
 Mesh Index (17, 2, 17)
   Total Material
     Flux                                 0.00641741 +/- 0.00015976
     heating                              0 +/- 0
     damage-energy                        0 +/- 0
 Mesh Index (18, 2, 17)
   Total Material
     Flux                                 0.00610889 +/- 0.000135859
     heating                              0 +/- 0
     damage-energy                        0 +/- 0
 Mesh Index (19, 2, 17)
   Total Material
     Flux                                 0.00592861 +/- 0.000115948
     heating                              0 +/- 0
     damage-energy                        0 +/- 0
 Mesh Index (20, 2, 17)
   Total Material
     Flux                                 0.00521914 +/- 0.000115175
     heating                              0 +/- 0
     damage-energy                        0 +/- 0
 Mesh Index (21, 2, 17)
   Total Material
     Flux                                 0.00246299 +/- 9.54891e-05
     heating                              0 +/- 0
     damage-energy                        0 +/- 0
 Mesh Index (22, 2, 17)
   Total Material
     Flux                                 0.00157731 +/- 6.86308e-05
     heating                              0 +/- 0
     damage-energy                        0 +/- 0
 Mesh Index (23, 2, 17)
   Total Material
     Flux                                 0.00104333 +/- 4.70895e-05
     heating                              0 +/- 0
     damage-energy                        0 +/- 0
 Mesh Index (24, 2, 17)
   Total Material
     Flux                                 0.000699615 +/- 4.0821e-05
     heating                              0 +/- 0
     damage-energy                        0 +/- 0
 Mesh Index (1, 3, 17)
   Total Material
     Flux                                 0.0676792 +/- 0.000486556
     heating                              0 +/- 0
     damage-energy                        0 +/- 0
 Mesh Index (2, 3, 17)
   Total Material
     Flux                                 0.0907288 +/- 0.000622077
     heating                              0 +/- 0
     damage-energy                        0 +/- 0
 Mesh Index (3, 3, 17)
   Total Material
     Flux                                 0.112755 +/- 0.000666816
     heating                              0 +/- 0
     damage-energy                        0 +/- 0
 Mesh Index (4, 3, 17)
   Total Material
     Flux                                 0.129499 +/- 0.000667683
     heating                              0 +/- 0
     damage-energy                        0 +/- 0
 Mesh Index (5, 3, 17)
   Total Material
     Flux                                 0.14512 +/- 0.000818302
     heating                              0 +/- 0
     damage-energy                        0 +/- 0
 Mesh Index (6, 3, 17)
   Total Material
     Flux                                 0.158345 +/- 0.000674161
     heating                              0 +/- 0
     damage-energy                        0 +/- 0
 Mesh Index (7, 3, 17)
   Total Material
     Flux                                 0.169724 +/- 0.000884473
     heating                              0 +/- 0
     damage-energy                        0 +/- 0
 Mesh Index (8, 3, 17)
   Total Material
     Flux                                 0.179112 +/- 0.00085397
     heating                              0 +/- 0
     damage-energy                        0 +/- 0
 Mesh Index (9, 3, 17)
   Total Material
     Flux                                 0.186961 +/- 0.000914787
     heating                              0 +/- 0
     damage-energy                        0 +/- 0
 Mesh Index (10, 3, 17)
   Total Material
     Flux                                 0.177064 +/- 0.0010305
     heating                              4832.02 +/- 44.8637
     damage-energy                        984.997 +/- 7.33308
 Mesh Index (11, 3, 17)
   Total Material
     Flux                                 0.155201 +/- 0.00101848
     heating                              5241.34 +/- 43.1446
     damage-energy                        75.2538 +/- 0.601173
 Mesh Index (12, 3, 17)
   Total Material
     Flux                                 0.114593 +/- 0.000893825
     heating                              8981.44 +/- 69.4834
     damage-energy                        132.861 +/- 1.21128
 Mesh Index (13, 3, 17)
   Total Material
     Flux                                 0.0735468 +/- 0.00065494
     heating                              5540.86 +/- 52.7893
     damage-energy                        81.8552 +/- 0.860913
 Mesh Index (14, 3, 17)
   Total Material
     Flux                                 0.0453842 +/- 0.00054792
     heating                              3333.69 +/- 44.1447
     damage-energy                        48.0862 +/- 0.638129
 Mesh Index (15, 3, 17)
   Total Material
     Flux                                 0.024549 +/- 0.000389822
     heating                              1816.42 +/- 31.9469
     damage-energy                        25.4899 +/- 0.426422
 Mesh Index (16, 3, 17)
   Total Material
     Flux                                 0.00928812 +/- 0.000196633
     heating                              437.592 +/- 12.6459
     damage-energy                        6.545 +/- 0.170499
 Mesh Index (17, 3, 17)
   Total Material
     Flux                                 0.00620783 +/- 0.000130679
     heating                              0 +/- 0
     damage-energy                        0 +/- 0
 Mesh Index (18, 3, 17)
   Total Material
     Flux                                 0.0059466 +/- 0.00012251
     heating                              0 +/- 0
     damage-energy                        0 +/- 0
 Mesh Index (19, 3, 17)
   Total Material
     Flux                                 0.00543479 +/- 0.000126218
     heating                              0 +/- 0
     damage-energy                        0 +/- 0
 Mesh Index (20, 3, 17)
   Total Material
     Flux                                 0.00504029 +/- 0.000109608
     heating                              0 +/- 0
     damage-energy                        0 +/- 0
 Mesh Index (21, 3, 17)
   Total Material
     Flux                                 0.00456402 +/- 0.000114123
     heating                              0 +/- 0
     damage-energy                        0 +/- 0
 Mesh Index (22, 3, 17)
   Total Material
     Flux                                 0.0038771 +/- 0.000106328
     heating                              0 +/- 0
     damage-energy                        0 +/- 0
 Mesh Index (23, 3, 17)
   Total Material
     Flux                                 0.00317336 +/- 9.44677e-05
     heating                              0 +/- 0
     damage-energy                        0 +/- 0
 Mesh Index (24, 3, 17)
   Total Material
     Flux                                 0.00250747 +/- 7.89075e-05
     heating                              0 +/- 0
     damage-energy                        0 +/- 0
 Mesh Index (1, 4, 17)
   Total Material
     Flux                                 0.0682498 +/- 0.000558921
     heating                              0 +/- 0
     damage-energy                        0 +/- 0
 Mesh Index (2, 4, 17)
   Total Material
     Flux                                 0.0905077 +/- 0.00068732
     heating                              0 +/- 0
     damage-energy                        0 +/- 0
 Mesh Index (3, 4, 17)
   Total Material
     Flux                                 0.112066 +/- 0.000664671
     heating                              0 +/- 0
     damage-energy                        0 +/- 0
 Mesh Index (4, 4, 17)
   Total Material
     Flux                                 0.129736 +/- 0.000811995
     heating                              0 +/- 0
     damage-energy                        0 +/- 0
 Mesh Index (5, 4, 17)
   Total Material
     Flux                                 0.145683 +/- 0.000841702
     heating                              0 +/- 0
     damage-energy                        0 +/- 0
 Mesh Index (6, 4, 17)
   Total Material
     Flux                                 0.158746 +/- 0.000806176
     heating                              0 +/- 0
     damage-energy                        0 +/- 0
 Mesh Index (7, 4, 17)
   Total Material
     Flux                                 0.172135 +/- 0.00091407
     heating                              0 +/- 0
     damage-energy                        0 +/- 0
 Mesh Index (8, 4, 17)
   Total Material
     Flux                                 0.18432 +/- 0.000776422
     heating                              0 +/- 0
     damage-energy                        0 +/- 0
 Mesh Index (9, 4, 17)
   Total Material
     Flux                                 0.189322 +/- 0.000981143
     heating                              0 +/- 0
     damage-energy                        0 +/- 0
 Mesh Index (10, 4, 17)
   Total Material
     Flux                                 0.180385 +/- 0.000919965
     heating                              4938.82 +/- 35.5378
     damage-energy                        1006.97 +/- 5.95652
 Mesh Index (11, 4, 17)
   Total Material
     Flux                                 0.157735 +/- 0.000987404
     heating                              5347.37 +/- 52.157
     damage-energy                        75.9738 +/- 0.651913
 Mesh Index (12, 4, 17)
   Total Material
     Flux                                 0.114402 +/- 0.000864391
     heating                              9033.16 +/- 77.2624
     damage-energy                        134.131 +/- 1.09855
 Mesh Index (13, 4, 17)
   Total Material
     Flux                                 0.0745599 +/- 0.000825827
     heating                              5596.41 +/- 71.0318
     damage-energy                        83.0255 +/- 0.929607
 Mesh Index (14, 4, 17)
   Total Material
     Flux                                 0.0453137 +/- 0.00054511
     heating                              3356.38 +/- 46.1303
     damage-energy                        48.8476 +/- 0.67706
 Mesh Index (15, 4, 17)
   Total Material
     Flux                                 0.02464 +/- 0.000399692
     heating                              1791.25 +/- 33.2497
     damage-energy                        25.7662 +/- 0.470574
 Mesh Index (16, 4, 17)
   Total Material
     Flux                                 0.00977883 +/- 0.000186294
     heating                              438.257 +/- 9.21468
     damage-energy                        6.89379 +/- 0.162738
 Mesh Index (17, 4, 17)
   Total Material
     Flux                                 0.00629242 +/- 0.000140117
     heating                              0 +/- 0
     damage-energy                        0 +/- 0
 Mesh Index (18, 4, 17)
   Total Material
     Flux                                 0.00580616 +/- 0.000131107
     heating                              0 +/- 0
     damage-energy                        0 +/- 0
 Mesh Index (19, 4, 17)
   Total Material
     Flux                                 0.00547468 +/- 0.000130072
     heating                              0 +/- 0
     damage-energy                        0 +/- 0
 Mesh Index (20, 4, 17)
   Total Material
     Flux                                 0.00514053 +/- 0.000115215
     heating                              0 +/- 0
     damage-energy                        0 +/- 0
 Mesh Index (21, 4, 17)
   Total Material
     Flux                                 0.00231322 +/- 8.4684e-05
     heating                              0 +/- 0
     damage-energy                        0 +/- 0
 Mesh Index (22, 4, 17)
   Total Material
     Flux                                 0.000866405 +/- 4.69774e-05
     heating                              0 +/- 0
     damage-energy                        0 +/- 0
 Mesh Index (23, 4, 17)
   Total Material
     Flux                                 6.20143e-05 +/- 8.29404e-06
     heating                              0 +/- 0
     damage-energy                        0 +/- 0
 Mesh Index (24, 4, 17)
   Total Material
     Flux                                 0 +/- 0
     heating                              0 +/- 0
     damage-energy                        0 +/- 0
 Mesh Index (1, 5, 17)
   Total Material
     Flux                                 0.0672823 +/- 0.000535798
     heating                              0 +/- 0
     damage-energy                        0 +/- 0
 Mesh Index (2, 5, 17)
   Total Material
     Flux                                 0.0901437 +/- 0.000587293
     heating                              0 +/- 0
     damage-energy                        0 +/- 0
 Mesh Index (3, 5, 17)
   Total Material
     Flux                                 0.113393 +/- 0.000529761
     heating                              0 +/- 0
     damage-energy                        0 +/- 0
 Mesh Index (4, 5, 17)
   Total Material
     Flux                                 0.131143 +/- 0.000623644
     heating                              0 +/- 0
     damage-energy                        0 +/- 0
 Mesh Index (5, 5, 17)
   Total Material
     Flux                                 0.145841 +/- 0.000678132
     heating                              0 +/- 0
     damage-energy                        0 +/- 0
 Mesh Index (6, 5, 17)
   Total Material
     Flux                                 0.159611 +/- 0.00073785
     heating                              0 +/- 0
     damage-energy                        0 +/- 0
 Mesh Index (7, 5, 17)
   Total Material
     Flux                                 0.170268 +/- 0.000717954
     heating                              0 +/- 0
     damage-energy                        0 +/- 0
 Mesh Index (8, 5, 17)
   Total Material
     Flux                                 0.182856 +/- 0.00084436
     heating                              0 +/- 0
     damage-energy                        0 +/- 0
 Mesh Index (9, 5, 17)
   Total Material
     Flux                                 0.188679 +/- 0.000999644
     heating                              0 +/- 0
     damage-energy                        0 +/- 0
 Mesh Index (10, 5, 17)
   Total Material
     Flux                                 0.17963 +/- 0.00086524
     heating                              4866.81 +/- 45.3667
     damage-energy                        993.992 +/- 7.68475
 Mesh Index (11, 5, 17)
   Total Material
     Flux                                 0.157789 +/- 0.00103007
     heating                              5387.94 +/- 47.937
     damage-energy                        76.1544 +/- 0.699057
 Mesh Index (12, 5, 17)
   Total Material
     Flux                                 0.114049 +/- 0.000852578
     heating                              8912.67 +/- 75.8672
     damage-energy                        132.858 +/- 1.02925
 Mesh Index (13, 5, 17)
   Total Material
     Flux                                 0.0737749 +/- 0.000621422
     heating                              5452.57 +/- 52.6291
     damage-energy                        81.9328 +/- 0.753008
 Mesh Index (14, 5, 17)
   Total Material
     Flux                                 0.0458183 +/- 0.000620437
     heating                              3353.56 +/- 53.7252
     damage-energy                        48.3223 +/- 0.761497
 Mesh Index (15, 5, 17)
   Total Material
     Flux                                 0.0247041 +/- 0.000358322
     heating                              1804.33 +/- 30.7041
     damage-energy                        25.4887 +/- 0.395004
 Mesh Index (16, 5, 17)
   Total Material
     Flux                                 0.009511 +/- 0.000210327
     heating                              446.47 +/- 10.9668
     damage-energy                        6.66306 +/- 0.177596
 Mesh Index (17, 5, 17)
   Total Material
     Flux                                 0.00625694 +/- 0.000138808
     heating                              0 +/- 0
     damage-energy                        0 +/- 0
 Mesh Index (18, 5, 17)
   Total Material
     Flux                                 0.00565539 +/- 0.000151394
     heating                              0 +/- 0
     damage-energy                        0 +/- 0
 Mesh Index (19, 5, 17)
   Total Material
     Flux                                 0.00549942 +/- 0.000147281
     heating                              0 +/- 0
     damage-energy                        0 +/- 0
 Mesh Index (20, 5, 17)
   Total Material
     Flux                                 0.00514304 +/- 0.000118705
     heating                              0 +/- 0
     damage-energy                        0 +/- 0
 Mesh Index (21, 5, 17)
   Total Material
     Flux                                 0.00460916 +/- 0.00010056
     heating                              0 +/- 0
     damage-energy                        0 +/- 0
 Mesh Index (22, 5, 17)
   Total Material
     Flux                                 0.00391957 +/- 9.87687e-05
     heating                              0 +/- 0
     damage-energy                        0 +/- 0
 Mesh Index (23, 5, 17)
   Total Material
     Flux                                 0.00315882 +/- 9.22385e-05
     heating                              0 +/- 0
     damage-energy                        0 +/- 0
 Mesh Index (24, 5, 17)
   Total Material
     Flux                                 0.00244147 +/- 6.96968e-05
     heating                              0 +/- 0
     damage-energy                        0 +/- 0
 Mesh Index (1, 6, 17)
   Total Material
     Flux                                 0.0680307 +/- 0.00044769
     heating                              0 +/- 0
     damage-energy                        0 +/- 0
 Mesh Index (2, 6, 17)
   Total Material
     Flux                                 0.0917745 +/- 0.000547433
     heating                              0 +/- 0
     damage-energy                        0 +/- 0
 Mesh Index (3, 6, 17)
   Total Material
     Flux                                 0.112713 +/- 0.000534535
     heating                              0 +/- 0
     damage-energy                        0 +/- 0
 Mesh Index (4, 6, 17)
   Total Material
     Flux                                 0.128919 +/- 0.000709164
     heating                              0 +/- 0
     damage-energy                        0 +/- 0
 Mesh Index (5, 6, 17)
   Total Material
     Flux                                 0.144718 +/- 0.000622136
     heating                              0 +/- 0
     damage-energy                        0 +/- 0
 Mesh Index (6, 6, 17)
   Total Material
     Flux                                 0.159001 +/- 0.000821364
     heating                              0 +/- 0
     damage-energy                        0 +/- 0
 Mesh Index (7, 6, 17)
   Total Material
     Flux                                 0.171726 +/- 0.000702709
     heating                              0 +/- 0
     damage-energy                        0 +/- 0
 Mesh Index (8, 6, 17)
   Total Material
     Flux                                 0.183786 +/- 0.000928228
     heating                              0 +/- 0
     damage-energy                        0 +/- 0
 Mesh Index (9, 6, 17)
   Total Material
     Flux                                 0.189016 +/- 0.000883588
     heating                              0 +/- 0
     damage-energy                        0 +/- 0
 Mesh Index (10, 6, 17)
   Total Material
     Flux                                 0.180681 +/- 0.00109182
     heating                              4870.64 +/- 35.3345
     damage-energy                        998.655 +/- 6.09813
 Mesh Index (11, 6, 17)
   Total Material
     Flux                                 0.157799 +/- 0.000925889
     heating                              5334.23 +/- 41.0595
     damage-energy                        76.2039 +/- 0.534093
 Mesh Index (12, 6, 17)
   Total Material
     Flux                                 0.113908 +/- 0.000783649
     heating                              8940.53 +/- 61.3744
     damage-energy                        132.179 +/- 1.03851
 Mesh Index (13, 6, 17)
   Total Material
     Flux                                 0.0750913 +/- 0.000601138
     heating                              5634.43 +/- 52.7558
     damage-energy                        82.9889 +/- 0.758391
 Mesh Index (14, 6, 17)
   Total Material
     Flux                                 0.045826 +/- 0.000629483
     heating                              3391.43 +/- 53.5671
     damage-energy                        49.138 +/- 0.730399
 Mesh Index (15, 6, 17)
   Total Material
     Flux                                 0.0247423 +/- 0.000422876
     heating                              1810.46 +/- 36.7361
     damage-energy                        26.0575 +/- 0.519774
 Mesh Index (16, 6, 17)
   Total Material
     Flux                                 0.00977736 +/- 0.000155728
     heating                              457.538 +/- 10.5072
     damage-energy                        6.90889 +/- 0.167038
 Mesh Index (17, 6, 17)
   Total Material
     Flux                                 0.00647727 +/- 0.000120052
     heating                              0 +/- 0
     damage-energy                        0 +/- 0
 Mesh Index (18, 6, 17)
   Total Material
     Flux                                 0.005943 +/- 0.000127659
     heating                              0 +/- 0
     damage-energy                        0 +/- 0
 Mesh Index (19, 6, 17)
   Total Material
     Flux                                 0.00567244 +/- 0.000130212
     heating                              0 +/- 0
     damage-energy                        0 +/- 0
 Mesh Index (20, 6, 17)
   Total Material
     Flux                                 0.00499419 +/- 0.000128673
     heating                              0 +/- 0
     damage-energy                        0 +/- 0
 Mesh Index (21, 6, 17)
   Total Material
     Flux                                 0.00243365 +/- 7.55265e-05
     heating                              0 +/- 0
     damage-energy                        0 +/- 0
 Mesh Index (22, 6, 17)
   Total Material
     Flux                                 0.00163019 +/- 6.4467e-05
     heating                              0 +/- 0
     damage-energy                        0 +/- 0
 Mesh Index (23, 6, 17)
   Total Material
     Flux                                 0.00108899 +/- 5.1656e-05
     heating                              0 +/- 0
     damage-energy                        0 +/- 0
 Mesh Index (24, 6, 17)
   Total Material
     Flux                                 0.000670984 +/- 3.48341e-05
     heating                              0 +/- 0
     damage-energy                        0 +/- 0
 Mesh Index (1, 7, 17)
   Total Material
     Flux                                 0.0683811 +/- 0.000558469
     heating                              0 +/- 0
     damage-energy                        0 +/- 0
 Mesh Index (2, 7, 17)
   Total Material
     Flux                                 0.0910447 +/- 0.00065688
     heating                              0 +/- 0
     damage-energy                        0 +/- 0
 Mesh Index (3, 7, 17)
   Total Material
     Flux                                 0.112833 +/- 0.000803345
     heating                              0 +/- 0
     damage-energy                        0 +/- 0
 Mesh Index (4, 7, 17)
   Total Material
     Flux                                 0.130085 +/- 0.000701929
     heating                              0 +/- 0
     damage-energy                        0 +/- 0
 Mesh Index (5, 7, 17)
   Total Material
     Flux                                 0.144894 +/- 0.000645514
     heating                              0 +/- 0
     damage-energy                        0 +/- 0
 Mesh Index (6, 7, 17)
   Total Material
     Flux                                 0.159037 +/- 0.000809734
     heating                              0 +/- 0
     damage-energy                        0 +/- 0
 Mesh Index (7, 7, 17)
   Total Material
     Flux                                 0.170678 +/- 0.000857314
     heating                              0 +/- 0
     damage-energy                        0 +/- 0
 Mesh Index (8, 7, 17)
   Total Material
     Flux                                 0.181724 +/- 0.000926144
     heating                              0 +/- 0
     damage-energy                        0 +/- 0
 Mesh Index (9, 7, 17)
   Total Material
     Flux                                 0.189944 +/- 0.00108547
     heating                              0 +/- 0
     damage-energy                        0 +/- 0
 Mesh Index (10, 7, 17)
   Total Material
     Flux                                 0.180398 +/- 0.00106778
     heating                              4909.68 +/- 44.1574
     damage-energy                        1003.73 +/- 7.33301
 Mesh Index (11, 7, 17)
   Total Material
     Flux                                 0.158257 +/- 0.00103913
     heating                              5367.05 +/- 45.932
     damage-energy                        76.3731 +/- 0.703182
 Mesh Index (12, 7, 17)
   Total Material
     Flux                                 0.116362 +/- 0.000872388
     heating                              9121.18 +/- 76.2278
     damage-energy                        135.186 +/- 1.24094
 Mesh Index (13, 7, 17)
   Total Material
     Flux                                 0.074699 +/- 0.00077364
     heating                              5605.1 +/- 65.6748
     damage-energy                        82.3609 +/- 0.911158
 Mesh Index (14, 7, 17)
   Total Material
     Flux                                 0.0448182 +/- 0.000561598
     heating                              3308.98 +/- 41.0627
     damage-energy                        47.465 +/- 0.637814
 Mesh Index (15, 7, 17)
   Total Material
     Flux                                 0.0242293 +/- 0.000384474
     heating                              1757.51 +/- 36.4145
     damage-energy                        25.4922 +/- 0.411019
 Mesh Index (16, 7, 17)
   Total Material
     Flux                                 0.00928098 +/- 0.000164889
     heating                              439.9 +/- 12.1933
     damage-energy                        6.63939 +/- 0.166129
 Mesh Index (17, 7, 17)
   Total Material
     Flux                                 0.006278 +/- 0.000126072
     heating                              0 +/- 0
     damage-energy                        0 +/- 0
 Mesh Index (18, 7, 17)
   Total Material
     Flux                                 0.00581411 +/- 0.000135432
     heating                              0 +/- 0
     damage-energy                        0 +/- 0
 Mesh Index (19, 7, 17)
   Total Material
     Flux                                 0.00563543 +/- 0.000137801
     heating                              0 +/- 0
     damage-energy                        0 +/- 0
 Mesh Index (20, 7, 17)
   Total Material
     Flux                                 0.00508597 +/- 0.000125604
     heating                              0 +/- 0
     damage-energy                        0 +/- 0
 Mesh Index (21, 7, 17)
   Total Material
     Flux                                 0.00356446 +/- 9.08747e-05
     heating                              0 +/- 0
     damage-energy                        0 +/- 0
 Mesh Index (22, 7, 17)
   Total Material
     Flux                                 0.00269324 +/- 8.51727e-05
     heating                              0 +/- 0
     damage-energy                        0 +/- 0
 Mesh Index (23, 7, 17)
   Total Material
     Flux                                 0.00218557 +/- 8.01347e-05
     heating                              0 +/- 0
     damage-energy                        0 +/- 0
 Mesh Index (24, 7, 17)
   Total Material
     Flux                                 0.00173123 +/- 6.10333e-05
     heating                              0 +/- 0
     damage-energy                        0 +/- 0
 Mesh Index (1, 1, 18)
   Total Material
     Flux                                 0.062905 +/- 0.000463231
     heating                              0 +/- 0
     damage-energy                        0 +/- 0
 Mesh Index (2, 1, 18)
   Total Material
     Flux                                 0.0780733 +/- 0.000520194
     heating                              0 +/- 0
     damage-energy                        0 +/- 0
 Mesh Index (3, 1, 18)
   Total Material
     Flux                                 0.0943824 +/- 0.000490745
     heating                              0 +/- 0
     damage-energy                        0 +/- 0
 Mesh Index (4, 1, 18)
   Total Material
     Flux                                 0.109158 +/- 0.0005509
     heating                              0 +/- 0
     damage-energy                        0 +/- 0
 Mesh Index (5, 1, 18)
   Total Material
     Flux                                 0.122598 +/- 0.000622035
     heating                              0 +/- 0
     damage-energy                        0 +/- 0
 Mesh Index (6, 1, 18)
   Total Material
     Flux                                 0.136503 +/- 0.000681708
     heating                              0 +/- 0
     damage-energy                        0 +/- 0
 Mesh Index (7, 1, 18)
   Total Material
     Flux                                 0.148275 +/- 0.000736278
     heating                              0 +/- 0
     damage-energy                        0 +/- 0
 Mesh Index (8, 1, 18)
   Total Material
     Flux                                 0.159155 +/- 0.000838823
     heating                              0 +/- 0
     damage-energy                        0 +/- 0
 Mesh Index (9, 1, 18)
   Total Material
     Flux                                 0.170308 +/- 0.000879418
     heating                              0 +/- 0
     damage-energy                        0 +/- 0
 Mesh Index (10, 1, 18)
   Total Material
     Flux                                 0.165016 +/- 0.000919806
     heating                              4272.67 +/- 43.2487
     damage-energy                        885.773 +/- 7.46424
 Mesh Index (11, 1, 18)
   Total Material
     Flux                                 0.144612 +/- 0.000759772
     heating                              4859.77 +/- 36.665
     damage-energy                        69.4212 +/- 0.493567
 Mesh Index (12, 1, 18)
   Total Material
     Flux                                 0.106754 +/- 0.000759102
     heating                              8345.34 +/- 69.6195
     damage-energy                        123.455 +/- 1.0474
 Mesh Index (13, 1, 18)
   Total Material
     Flux                                 0.0684721 +/- 0.000529445
     heating                              5162.56 +/- 49.8174
     damage-energy                        75.1563 +/- 0.598846
 Mesh Index (14, 1, 18)
   Total Material
     Flux                                 0.0407953 +/- 0.000530759
     heating                              2984.07 +/- 46.067
     damage-energy                        42.8207 +/- 0.541847
 Mesh Index (15, 1, 18)
   Total Material
     Flux                                 0.0220884 +/- 0.000339565
     heating                              1611.34 +/- 30.9951
     damage-energy                        22.8287 +/- 0.386015
 Mesh Index (16, 1, 18)
   Total Material
     Flux                                 0.00844766 +/- 0.000174983
     heating                              380.725 +/- 10.5646
     damage-energy                        5.77748 +/- 0.149846
 Mesh Index (17, 1, 18)
   Total Material
     Flux                                 0.00574352 +/- 0.000153016
     heating                              0 +/- 0
     damage-energy                        0 +/- 0
 Mesh Index (18, 1, 18)
   Total Material
     Flux                                 0.00560691 +/- 0.000123592
     heating                              0 +/- 0
     damage-energy                        0 +/- 0
 Mesh Index (19, 1, 18)
   Total Material
     Flux                                 0.00527226 +/- 0.000123716
     heating                              0 +/- 0
     damage-energy                        0 +/- 0
 Mesh Index (20, 1, 18)
   Total Material
     Flux                                 0.0049064 +/- 0.000101908
     heating                              0 +/- 0
     damage-energy                        0 +/- 0
 Mesh Index (21, 1, 18)
   Total Material
     Flux                                 0.00341694 +/- 9.90669e-05
     heating                              0 +/- 0
     damage-energy                        0 +/- 0
 Mesh Index (22, 1, 18)
   Total Material
     Flux                                 0.00260697 +/- 9.35631e-05
     heating                              0 +/- 0
     damage-energy                        0 +/- 0
 Mesh Index (23, 1, 18)
   Total Material
     Flux                                 0.00202493 +/- 7.21107e-05
     heating                              0 +/- 0
     damage-energy                        0 +/- 0
 Mesh Index (24, 1, 18)
   Total Material
     Flux                                 0.0015327 +/- 6.82422e-05
     heating                              0 +/- 0
     damage-energy                        0 +/- 0
 Mesh Index (1, 2, 18)
   Total Material
     Flux                                 0.0614725 +/- 0.000438649
     heating                              0 +/- 0
     damage-energy                        0 +/- 0
 Mesh Index (2, 2, 18)
   Total Material
     Flux                                 0.077852 +/- 0.000516859
     heating                              0 +/- 0
     damage-energy                        0 +/- 0
 Mesh Index (3, 2, 18)
   Total Material
     Flux                                 0.0935323 +/- 0.000591971
     heating                              0 +/- 0
     damage-energy                        0 +/- 0
 Mesh Index (4, 2, 18)
   Total Material
     Flux                                 0.108436 +/- 0.000571117
     heating                              0 +/- 0
     damage-energy                        0 +/- 0
 Mesh Index (5, 2, 18)
   Total Material
     Flux                                 0.122259 +/- 0.000682961
     heating                              0 +/- 0
     damage-energy                        0 +/- 0
 Mesh Index (6, 2, 18)
   Total Material
     Flux                                 0.136704 +/- 0.000740998
     heating                              0 +/- 0
     damage-energy                        0 +/- 0
 Mesh Index (7, 2, 18)
   Total Material
     Flux                                 0.147099 +/- 0.000840013
     heating                              0 +/- 0
     damage-energy                        0 +/- 0
 Mesh Index (8, 2, 18)
   Total Material
     Flux                                 0.158577 +/- 0.000819419
     heating                              0 +/- 0
     damage-energy                        0 +/- 0
 Mesh Index (9, 2, 18)
   Total Material
     Flux                                 0.168526 +/- 0.000807775
     heating                              0 +/- 0
     damage-energy                        0 +/- 0
 Mesh Index (10, 2, 18)
   Total Material
     Flux                                 0.163825 +/- 0.000997179
     heating                              4253.34 +/- 34.7709
     damage-energy                        876.542 +/- 6.22117
 Mesh Index (11, 2, 18)
   Total Material
     Flux                                 0.144705 +/- 0.000918004
     heating                              4880.05 +/- 40.4205
     damage-energy                        69.1925 +/- 0.542656
 Mesh Index (12, 2, 18)
   Total Material
     Flux                                 0.103519 +/- 0.000827597
     heating                              8146.98 +/- 68.4034
     damage-energy                        119.765 +/- 1.01696
 Mesh Index (13, 2, 18)
   Total Material
     Flux                                 0.0677282 +/- 0.000589879
     heating                              5083.26 +/- 47.1407
     damage-energy                        74.7824 +/- 0.792027
 Mesh Index (14, 2, 18)
   Total Material
     Flux                                 0.0416087 +/- 0.000524334
     heating                              3095.24 +/- 42.4183
     damage-energy                        43.9762 +/- 0.696252
 Mesh Index (15, 2, 18)
   Total Material
     Flux                                 0.0230297 +/- 0.000361527
     heating                              1705.72 +/- 28.9522
     damage-energy                        24.1084 +/- 0.46117
 Mesh Index (16, 2, 18)
   Total Material
     Flux                                 0.00874862 +/- 0.000195186
     heating                              402.798 +/- 10.445
     damage-energy                        6.19138 +/- 0.157778
 Mesh Index (17, 2, 18)
   Total Material
     Flux                                 0.0058534 +/- 0.00013895
     heating                              0 +/- 0
     damage-energy                        0 +/- 0
 Mesh Index (18, 2, 18)
   Total Material
     Flux                                 0.00564304 +/- 0.000123697
     heating                              0 +/- 0
     damage-energy                        0 +/- 0
 Mesh Index (19, 2, 18)
   Total Material
     Flux                                 0.00531595 +/- 0.000125503
     heating                              0 +/- 0
     damage-energy                        0 +/- 0
 Mesh Index (20, 2, 18)
   Total Material
     Flux                                 0.00473948 +/- 0.000114749
     heating                              0 +/- 0
     damage-energy                        0 +/- 0
 Mesh Index (21, 2, 18)
   Total Material
     Flux                                 0.00238288 +/- 8.63833e-05
     heating                              0 +/- 0
     damage-energy                        0 +/- 0
 Mesh Index (22, 2, 18)
   Total Material
     Flux                                 0.00149584 +/- 6.59984e-05
     heating                              0 +/- 0
     damage-energy                        0 +/- 0
 Mesh Index (23, 2, 18)
   Total Material
     Flux                                 0.00108571 +/- 5.33274e-05
     heating                              0 +/- 0
     damage-energy                        0 +/- 0
 Mesh Index (24, 2, 18)
   Total Material
     Flux                                 0.000711154 +/- 3.73148e-05
     heating                              0 +/- 0
     damage-energy                        0 +/- 0
 Mesh Index (1, 3, 18)
   Total Material
     Flux                                 0.0614282 +/- 0.000455599
     heating                              0 +/- 0
     damage-energy                        0 +/- 0
 Mesh Index (2, 3, 18)
   Total Material
     Flux                                 0.0773099 +/- 0.000529009
     heating                              0 +/- 0
     damage-energy                        0 +/- 0
 Mesh Index (3, 3, 18)
   Total Material
     Flux                                 0.0936687 +/- 0.000591667
     heating                              0 +/- 0
     damage-energy                        0 +/- 0
 Mesh Index (4, 3, 18)
   Total Material
     Flux                                 0.108663 +/- 0.000614962
     heating                              0 +/- 0
     damage-energy                        0 +/- 0
 Mesh Index (5, 3, 18)
   Total Material
     Flux                                 0.122351 +/- 0.000696599
     heating                              0 +/- 0
     damage-energy                        0 +/- 0
 Mesh Index (6, 3, 18)
   Total Material
     Flux                                 0.136156 +/- 0.000741332
     heating                              0 +/- 0
     damage-energy                        0 +/- 0
 Mesh Index (7, 3, 18)
   Total Material
     Flux                                 0.147759 +/- 0.000749547
     heating                              0 +/- 0
     damage-energy                        0 +/- 0
 Mesh Index (8, 3, 18)
   Total Material
     Flux                                 0.157366 +/- 0.000705913
     heating                              0 +/- 0
     damage-energy                        0 +/- 0
 Mesh Index (9, 3, 18)
   Total Material
     Flux                                 0.169434 +/- 0.000828153
     heating                              0 +/- 0
     damage-energy                        0 +/- 0
 Mesh Index (10, 3, 18)
   Total Material
     Flux                                 0.162207 +/- 0.000906856
     heating                              4133.34 +/- 31.1079
     damage-energy                        862.804 +/- 5.91122
 Mesh Index (11, 3, 18)
   Total Material
     Flux                                 0.142298 +/- 0.000870636
     heating                              4788.29 +/- 40.7413
     damage-energy                        67.1561 +/- 0.532381
 Mesh Index (12, 3, 18)
   Total Material
     Flux                                 0.104126 +/- 0.000815084
     heating                              8174.81 +/- 62.9719
     damage-energy                        119.792 +/- 1.05041
 Mesh Index (13, 3, 18)
   Total Material
     Flux                                 0.0678404 +/- 0.00077842
     heating                              5121.13 +/- 61.9125
     damage-energy                        74.8282 +/- 0.980302
 Mesh Index (14, 3, 18)
   Total Material
     Flux                                 0.0416644 +/- 0.000566077
     heating                              3099.17 +/- 41.6829
     damage-energy                        44.135 +/- 0.593336
 Mesh Index (15, 3, 18)
   Total Material
     Flux                                 0.0230248 +/- 0.000387919
     heating                              1707.2 +/- 31.9398
     damage-energy                        23.9244 +/- 0.427279
 Mesh Index (16, 3, 18)
   Total Material
     Flux                                 0.00891755 +/- 0.000173567
     heating                              422.081 +/- 12.6927
     damage-energy                        6.26936 +/- 0.152619
 Mesh Index (17, 3, 18)
   Total Material
     Flux                                 0.00580501 +/- 0.00014691
     heating                              0 +/- 0
     damage-energy                        0 +/- 0
 Mesh Index (18, 3, 18)
   Total Material
     Flux                                 0.0053632 +/- 0.00012634
     heating                              0 +/- 0
     damage-energy                        0 +/- 0
 Mesh Index (19, 3, 18)
   Total Material
     Flux                                 0.00521412 +/- 0.000128575
     heating                              0 +/- 0
     damage-energy                        0 +/- 0
 Mesh Index (20, 3, 18)
   Total Material
     Flux                                 0.00487082 +/- 0.000118067
     heating                              0 +/- 0
     damage-energy                        0 +/- 0
 Mesh Index (21, 3, 18)
   Total Material
     Flux                                 0.00429625 +/- 9.9553e-05
     heating                              0 +/- 0
     damage-energy                        0 +/- 0
 Mesh Index (22, 3, 18)
   Total Material
     Flux                                 0.0036682 +/- 9.99142e-05
     heating                              0 +/- 0
     damage-energy                        0 +/- 0
 Mesh Index (23, 3, 18)
   Total Material
     Flux                                 0.00317063 +/- 8.6674e-05
     heating                              0 +/- 0
     damage-energy                        0 +/- 0
 Mesh Index (24, 3, 18)
   Total Material
     Flux                                 0.00232469 +/- 7.89197e-05
     heating                              0 +/- 0
     damage-energy                        0 +/- 0
 Mesh Index (1, 4, 18)
   Total Material
     Flux                                 0.0613374 +/- 0.000602007
     heating                              0 +/- 0
     damage-energy                        0 +/- 0
 Mesh Index (2, 4, 18)
   Total Material
     Flux                                 0.0779862 +/- 0.000656741
     heating                              0 +/- 0
     damage-energy                        0 +/- 0
 Mesh Index (3, 4, 18)
   Total Material
     Flux                                 0.0942726 +/- 0.000740042
     heating                              0 +/- 0
     damage-energy                        0 +/- 0
 Mesh Index (4, 4, 18)
   Total Material
     Flux                                 0.108848 +/- 0.000717667
     heating                              0 +/- 0
     damage-energy                        0 +/- 0
 Mesh Index (5, 4, 18)
   Total Material
     Flux                                 0.122597 +/- 0.000720852
     heating                              0 +/- 0
     damage-energy                        0 +/- 0
 Mesh Index (6, 4, 18)
   Total Material
     Flux                                 0.135395 +/- 0.000773957
     heating                              0 +/- 0
     damage-energy                        0 +/- 0
 Mesh Index (7, 4, 18)
   Total Material
     Flux                                 0.146193 +/- 0.000633805
     heating                              0 +/- 0
     damage-energy                        0 +/- 0
 Mesh Index (8, 4, 18)
   Total Material
     Flux                                 0.158886 +/- 0.000764117
     heating                              0 +/- 0
     damage-energy                        0 +/- 0
 Mesh Index (9, 4, 18)
   Total Material
     Flux                                 0.170304 +/- 0.00094306
     heating                              0 +/- 0
     damage-energy                        0 +/- 0
 Mesh Index (10, 4, 18)
   Total Material
     Flux                                 0.16588 +/- 0.00100975
     heating                              4200.01 +/- 35.52
     damage-energy                        875.368 +/- 6.14074
 Mesh Index (11, 4, 18)
   Total Material
     Flux                                 0.146153 +/- 0.00118764
     heating                              4973.13 +/- 51.9337
     damage-energy                        70.201 +/- 0.708969
 Mesh Index (12, 4, 18)
   Total Material
     Flux                                 0.105996 +/- 0.00082246
     heating                              8316.24 +/- 71.2492
     damage-energy                        121.879 +/- 0.982062
 Mesh Index (13, 4, 18)
   Total Material
     Flux                                 0.0688897 +/- 0.000639198
     heating                              5198.67 +/- 55.0845
     damage-energy                        75.9917 +/- 0.720631
 Mesh Index (14, 4, 18)
   Total Material
     Flux                                 0.0413511 +/- 0.000533267
     heating                              3067.09 +/- 44.4138
     damage-energy                        43.8819 +/- 0.618965
 Mesh Index (15, 4, 18)
   Total Material
     Flux                                 0.0228232 +/- 0.000440361
     heating                              1662.37 +/- 35.7734
     damage-energy                        23.8086 +/- 0.513332
 Mesh Index (16, 4, 18)
   Total Material
     Flux                                 0.00890318 +/- 0.000199047
     heating                              432.152 +/- 12.8289
     damage-energy                        6.13558 +/- 0.167845
 Mesh Index (17, 4, 18)
   Total Material
     Flux                                 0.00606377 +/- 0.00014493
     heating                              0 +/- 0
     damage-energy                        0 +/- 0
 Mesh Index (18, 4, 18)
   Total Material
     Flux                                 0.00553036 +/- 0.000150235
     heating                              0 +/- 0
     damage-energy                        0 +/- 0
 Mesh Index (19, 4, 18)
   Total Material
     Flux                                 0.00534576 +/- 0.000135021
     heating                              0 +/- 0
     damage-energy                        0 +/- 0
 Mesh Index (20, 4, 18)
   Total Material
     Flux                                 0.00469775 +/- 0.000127507
     heating                              0 +/- 0
     damage-energy                        0 +/- 0
 Mesh Index (21, 4, 18)
   Total Material
     Flux                                 0.0022578 +/- 7.79453e-05
     heating                              0 +/- 0
     damage-energy                        0 +/- 0
 Mesh Index (22, 4, 18)
   Total Material
     Flux                                 0.00075921 +/- 4.5567e-05
     heating                              0 +/- 0
     damage-energy                        0 +/- 0
 Mesh Index (23, 4, 18)
   Total Material
     Flux                                 6.00436e-05 +/- 6.0407e-06
     heating                              0 +/- 0
     damage-energy                        0 +/- 0
 Mesh Index (24, 4, 18)
   Total Material
     Flux                                 0 +/- 0
     heating                              0 +/- 0
     damage-energy                        0 +/- 0
 Mesh Index (1, 5, 18)
   Total Material
     Flux                                 0.0617525 +/- 0.000507872
     heating                              0 +/- 0
     damage-energy                        0 +/- 0
 Mesh Index (2, 5, 18)
   Total Material
     Flux                                 0.0782037 +/- 0.000497382
     heating                              0 +/- 0
     damage-energy                        0 +/- 0
 Mesh Index (3, 5, 18)
   Total Material
     Flux                                 0.0949954 +/- 0.000559721
     heating                              0 +/- 0
     damage-energy                        0 +/- 0
 Mesh Index (4, 5, 18)
   Total Material
     Flux                                 0.109259 +/- 0.000628362
     heating                              0 +/- 0
     damage-energy                        0 +/- 0
 Mesh Index (5, 5, 18)
   Total Material
     Flux                                 0.122826 +/- 0.000802872
     heating                              0 +/- 0
     damage-energy                        0 +/- 0
 Mesh Index (6, 5, 18)
   Total Material
     Flux                                 0.135813 +/- 0.000699601
     heating                              0 +/- 0
     damage-energy                        0 +/- 0
 Mesh Index (7, 5, 18)
   Total Material
     Flux                                 0.147804 +/- 0.000786213
     heating                              0 +/- 0
     damage-energy                        0 +/- 0
 Mesh Index (8, 5, 18)
   Total Material
     Flux                                 0.160165 +/- 0.00073645
     heating                              0 +/- 0
     damage-energy                        0 +/- 0
 Mesh Index (9, 5, 18)
   Total Material
     Flux                                 0.171605 +/- 0.000832858
     heating                              0 +/- 0
     damage-energy                        0 +/- 0
 Mesh Index (10, 5, 18)
   Total Material
     Flux                                 0.164145 +/- 0.000856562
     heating                              4209.78 +/- 33.1663
     damage-energy                        876.392 +/- 5.42318
 Mesh Index (11, 5, 18)
   Total Material
     Flux                                 0.143798 +/- 0.000966847
     heating                              4874.54 +/- 46.1392
     damage-energy                        68.6556 +/- 0.584657
 Mesh Index (12, 5, 18)
   Total Material
     Flux                                 0.105844 +/- 0.000667173
     heating                              8312.92 +/- 64.6642
     damage-energy                        122.234 +/- 0.776477
 Mesh Index (13, 5, 18)
   Total Material
     Flux                                 0.0687286 +/- 0.000601299
     heating                              5139.94 +/- 54.7617
     damage-energy                        75.4417 +/- 0.741502
 Mesh Index (14, 5, 18)
   Total Material
     Flux                                 0.041936 +/- 0.000570069
     heating                              3109 +/- 48.7603
     damage-energy                        44.5774 +/- 0.645415
 Mesh Index (15, 5, 18)
   Total Material
     Flux                                 0.0227791 +/- 0.000349528
     heating                              1665.42 +/- 30.3696
     damage-energy                        23.7674 +/- 0.365906
 Mesh Index (16, 5, 18)
   Total Material
     Flux                                 0.00844983 +/- 0.000186253
     heating                              391.615 +/- 11.9182
     damage-energy                        5.83781 +/- 0.139502
 Mesh Index (17, 5, 18)
   Total Material
     Flux                                 0.0058102 +/- 0.000158147
     heating                              0 +/- 0
     damage-energy                        0 +/- 0
 Mesh Index (18, 5, 18)
   Total Material
     Flux                                 0.00537104 +/- 0.000125354
     heating                              0 +/- 0
     damage-energy                        0 +/- 0
 Mesh Index (19, 5, 18)
   Total Material
     Flux                                 0.00526882 +/- 0.000119083
     heating                              0 +/- 0
     damage-energy                        0 +/- 0
 Mesh Index (20, 5, 18)
   Total Material
     Flux                                 0.00530736 +/- 0.000117654
     heating                              0 +/- 0
     damage-energy                        0 +/- 0
 Mesh Index (21, 5, 18)
   Total Material
     Flux                                 0.00476898 +/- 0.000119163
     heating                              0 +/- 0
     damage-energy                        0 +/- 0
 Mesh Index (22, 5, 18)
   Total Material
     Flux                                 0.00389666 +/- 0.000107264
     heating                              0 +/- 0
     damage-energy                        0 +/- 0
 Mesh Index (23, 5, 18)
   Total Material
     Flux                                 0.00325905 +/- 9.59234e-05
     heating                              0 +/- 0
     damage-energy                        0 +/- 0
 Mesh Index (24, 5, 18)
   Total Material
     Flux                                 0.00245659 +/- 9.10677e-05
     heating                              0 +/- 0
     damage-energy                        0 +/- 0
 Mesh Index (1, 6, 18)
   Total Material
     Flux                                 0.0614543 +/- 0.000412698
     heating                              0 +/- 0
     damage-energy                        0 +/- 0
 Mesh Index (2, 6, 18)
   Total Material
     Flux                                 0.078905 +/- 0.000535146
     heating                              0 +/- 0
     damage-energy                        0 +/- 0
 Mesh Index (3, 6, 18)
   Total Material
     Flux                                 0.0929988 +/- 0.000495518
     heating                              0 +/- 0
     damage-energy                        0 +/- 0
 Mesh Index (4, 6, 18)
   Total Material
     Flux                                 0.107916 +/- 0.000600874
     heating                              0 +/- 0
     damage-energy                        0 +/- 0
 Mesh Index (5, 6, 18)
   Total Material
     Flux                                 0.121661 +/- 0.000669247
     heating                              0 +/- 0
     damage-energy                        0 +/- 0
 Mesh Index (6, 6, 18)
   Total Material
     Flux                                 0.135865 +/- 0.000704618
     heating                              0 +/- 0
     damage-energy                        0 +/- 0
 Mesh Index (7, 6, 18)
   Total Material
     Flux                                 0.147201 +/- 0.000792616
     heating                              0 +/- 0
     damage-energy                        0 +/- 0
 Mesh Index (8, 6, 18)
   Total Material
     Flux                                 0.158619 +/- 0.000825064
     heating                              0 +/- 0
     damage-energy                        0 +/- 0
 Mesh Index (9, 6, 18)
   Total Material
     Flux                                 0.170699 +/- 0.000872129
     heating                              0 +/- 0
     damage-energy                        0 +/- 0
 Mesh Index (10, 6, 18)
   Total Material
     Flux                                 0.164387 +/- 0.000862826
     heating                              4168.94 +/- 33.2551
     damage-energy                        868.64 +/- 5.28423
 Mesh Index (11, 6, 18)
   Total Material
     Flux                                 0.14459 +/- 0.000850833
     heating                              4882.76 +/- 34.464
     damage-energy                        68.2381 +/- 0.477137
 Mesh Index (12, 6, 18)
   Total Material
     Flux                                 0.10414 +/- 0.000807558
     heating                              8199.7 +/- 70.6799
     damage-energy                        119.757 +/- 1.0273
 Mesh Index (13, 6, 18)
   Total Material
     Flux                                 0.0681564 +/- 0.00062129
     heating                              5094.36 +/- 51.7305
     damage-energy                        75.4903 +/- 0.763457
 Mesh Index (14, 6, 18)
   Total Material
     Flux                                 0.0415929 +/- 0.00055357
     heating                              3087.6 +/- 49.5246
     damage-energy                        44.3806 +/- 0.609767
 Mesh Index (15, 6, 18)
   Total Material
     Flux                                 0.0225556 +/- 0.000346559
     heating                              1655.97 +/- 31.7746
     damage-energy                        23.5527 +/- 0.351344
 Mesh Index (16, 6, 18)
   Total Material
     Flux                                 0.00908115 +/- 0.00018945
     heating                              425.181 +/- 12.6294
     damage-energy                        6.39096 +/- 0.158921
 Mesh Index (17, 6, 18)
   Total Material
     Flux                                 0.00580471 +/- 0.000150401
     heating                              0 +/- 0
     damage-energy                        0 +/- 0
 Mesh Index (18, 6, 18)
   Total Material
     Flux                                 0.0054068 +/- 0.000135487
     heating                              0 +/- 0
     damage-energy                        0 +/- 0
 Mesh Index (19, 6, 18)
   Total Material
     Flux                                 0.00521766 +/- 0.000125052
     heating                              0 +/- 0
     damage-energy                        0 +/- 0
 Mesh Index (20, 6, 18)
   Total Material
     Flux                                 0.00482626 +/- 9.35623e-05
     heating                              0 +/- 0
     damage-energy                        0 +/- 0
 Mesh Index (21, 6, 18)
   Total Material
     Flux                                 0.00234067 +/- 7.3438e-05
     heating                              0 +/- 0
     damage-energy                        0 +/- 0
 Mesh Index (22, 6, 18)
   Total Material
     Flux                                 0.00141775 +/- 6.03527e-05
     heating                              0 +/- 0
     damage-energy                        0 +/- 0
 Mesh Index (23, 6, 18)
   Total Material
     Flux                                 0.00101255 +/- 3.96792e-05
     heating                              0 +/- 0
     damage-energy                        0 +/- 0
 Mesh Index (24, 6, 18)
   Total Material
     Flux                                 0.000704478 +/- 3.89195e-05
     heating                              0 +/- 0
     damage-energy                        0 +/- 0
 Mesh Index (1, 7, 18)
   Total Material
     Flux                                 0.0623032 +/- 0.000516303
     heating                              0 +/- 0
     damage-energy                        0 +/- 0
 Mesh Index (2, 7, 18)
   Total Material
     Flux                                 0.0785196 +/- 0.000527743
     heating                              0 +/- 0
     damage-energy                        0 +/- 0
 Mesh Index (3, 7, 18)
   Total Material
     Flux                                 0.0940276 +/- 0.000582776
     heating                              0 +/- 0
     damage-energy                        0 +/- 0
 Mesh Index (4, 7, 18)
   Total Material
     Flux                                 0.10988 +/- 0.000632875
     heating                              0 +/- 0
     damage-energy                        0 +/- 0
 Mesh Index (5, 7, 18)
   Total Material
     Flux                                 0.122412 +/- 0.000597532
     heating                              0 +/- 0
     damage-energy                        0 +/- 0
 Mesh Index (6, 7, 18)
   Total Material
     Flux                                 0.13583 +/- 0.000618992
     heating                              0 +/- 0
     damage-energy                        0 +/- 0
 Mesh Index (7, 7, 18)
   Total Material
     Flux                                 0.147975 +/- 0.000654242
     heating                              0 +/- 0
     damage-energy                        0 +/- 0
 Mesh Index (8, 7, 18)
   Total Material
     Flux                                 0.158236 +/- 0.000805842
     heating                              0 +/- 0
     damage-energy                        0 +/- 0
 Mesh Index (9, 7, 18)
   Total Material
     Flux                                 0.168622 +/- 0.000925469
     heating                              0 +/- 0
     damage-energy                        0 +/- 0
 Mesh Index (10, 7, 18)
   Total Material
     Flux                                 0.164069 +/- 0.00114024
     heating                              4223.63 +/- 38.1535
     damage-energy                        879.311 +/- 7.03657
 Mesh Index (11, 7, 18)
   Total Material
     Flux                                 0.145104 +/- 0.000945984
     heating                              4891.36 +/- 39.8786
     damage-energy                        69.2821 +/- 0.602789
 Mesh Index (12, 7, 18)
   Total Material
     Flux                                 0.105807 +/- 0.000790384
     heating                              8281.23 +/- 66.8455
     damage-energy                        121.637 +/- 0.950152
 Mesh Index (13, 7, 18)
   Total Material
     Flux                                 0.0679005 +/- 0.000687442
     heating                              5098.74 +/- 61.3638
     damage-energy                        74.6073 +/- 0.80186
 Mesh Index (14, 7, 18)
   Total Material
     Flux                                 0.0418705 +/- 0.000583829
     heating                              3059.28 +/- 50.1328
     damage-energy                        44.843 +/- 0.661701
 Mesh Index (15, 7, 18)
   Total Material
     Flux                                 0.0225818 +/- 0.000421173
     heating                              1623.86 +/- 30.1926
     damage-energy                        23.7467 +/- 0.500212
 Mesh Index (16, 7, 18)
   Total Material
     Flux                                 0.00870011 +/- 0.00016469
     heating                              406.566 +/- 8.906
     damage-energy                        6.12848 +/- 0.15381
 Mesh Index (17, 7, 18)
   Total Material
     Flux                                 0.00562359 +/- 0.000117879
     heating                              0 +/- 0
     damage-energy                        0 +/- 0
 Mesh Index (18, 7, 18)
   Total Material
     Flux                                 0.00535032 +/- 0.000133219
     heating                              0 +/- 0
     damage-energy                        0 +/- 0
 Mesh Index (19, 7, 18)
   Total Material
     Flux                                 0.005156 +/- 0.000153408
     heating                              0 +/- 0
     damage-energy                        0 +/- 0
 Mesh Index (20, 7, 18)
   Total Material
     Flux                                 0.00485484 +/- 0.000140192
     heating                              0 +/- 0
     damage-energy                        0 +/- 0
 Mesh Index (21, 7, 18)
   Total Material
     Flux                                 0.00355695 +/- 0.000109087
     heating                              0 +/- 0
     damage-energy                        0 +/- 0
 Mesh Index (22, 7, 18)
   Total Material
     Flux                                 0.00262138 +/- 7.67541e-05
     heating                              0 +/- 0
     damage-energy                        0 +/- 0
 Mesh Index (23, 7, 18)
   Total Material
     Flux                                 0.00195957 +/- 7.10867e-05
     heating                              0 +/- 0
     damage-energy                        0 +/- 0
 Mesh Index (24, 7, 18)
   Total Material
     Flux                                 0.00162167 +/- 5.5638e-05
     heating                              0 +/- 0
     damage-energy                        0 +/- 0
 Mesh Index (1, 1, 19)
   Total Material
     Flux                                 0.057672 +/- 0.000426476
     heating                              0 +/- 0
     damage-energy                        0 +/- 0
 Mesh Index (2, 1, 19)
   Total Material
     Flux                                 0.0703598 +/- 0.000421265
     heating                              0 +/- 0
     damage-energy                        0 +/- 0
 Mesh Index (3, 1, 19)
   Total Material
     Flux                                 0.0841729 +/- 0.000491707
     heating                              0 +/- 0
     damage-energy                        0 +/- 0
 Mesh Index (4, 1, 19)
   Total Material
     Flux                                 0.0969544 +/- 0.000609809
     heating                              0 +/- 0
     damage-energy                        0 +/- 0
 Mesh Index (5, 1, 19)
   Total Material
     Flux                                 0.108945 +/- 0.000596417
     heating                              0 +/- 0
     damage-energy                        0 +/- 0
 Mesh Index (6, 1, 19)
   Total Material
     Flux                                 0.12105 +/- 0.000719167
     heating                              0 +/- 0
     damage-energy                        0 +/- 0
 Mesh Index (7, 1, 19)
   Total Material
     Flux                                 0.133865 +/- 0.000762836
     heating                              0 +/- 0
     damage-energy                        0 +/- 0
 Mesh Index (8, 1, 19)
   Total Material
     Flux                                 0.143866 +/- 0.000702565
     heating                              0 +/- 0
     damage-energy                        0 +/- 0
 Mesh Index (9, 1, 19)
   Total Material
     Flux                                 0.154278 +/- 0.000807429
     heating                              0 +/- 0
     damage-energy                        0 +/- 0
 Mesh Index (10, 1, 19)
   Total Material
     Flux                                 0.150057 +/- 0.00088729
     heating                              3744.38 +/- 31.3564
     damage-energy                        789.015 +/- 5.52081
 Mesh Index (11, 1, 19)
   Total Material
     Flux                                 0.132859 +/- 0.000856474
     heating                              4488.1 +/- 36.5824
     damage-energy                        62.9178 +/- 0.453875
 Mesh Index (12, 1, 19)
   Total Material
     Flux                                 0.096412 +/- 0.000886792
     heating                              7563.09 +/- 77.9328
     damage-energy                        111.343 +/- 1.07394
 Mesh Index (13, 1, 19)
   Total Material
     Flux                                 0.0622809 +/- 0.000718505
     heating                              4713.73 +/- 60.5123
     damage-energy                        67.8392 +/- 0.8037
 Mesh Index (14, 1, 19)
   Total Material
     Flux                                 0.0379577 +/- 0.000440014
     heating                              2797.8 +/- 42.6945
     damage-energy                        39.8432 +/- 0.480893
 Mesh Index (15, 1, 19)
   Total Material
     Flux                                 0.0203081 +/- 0.000326607
     heating                              1481.11 +/- 25.4323
     damage-energy                        21.1911 +/- 0.325704
 Mesh Index (16, 1, 19)
   Total Material
     Flux                                 0.0079239 +/- 0.000183854
     heating                              373.345 +/- 10.4821
     damage-energy                        5.73432 +/- 0.142606
 Mesh Index (17, 1, 19)
   Total Material
     Flux                                 0.0055271 +/- 0.000158655
     heating                              0 +/- 0
     damage-energy                        0 +/- 0
 Mesh Index (18, 1, 19)
   Total Material
     Flux                                 0.00510669 +/- 0.000144985
     heating                              0 +/- 0
     damage-energy                        0 +/- 0
 Mesh Index (19, 1, 19)
   Total Material
     Flux                                 0.00479339 +/- 0.00013339
     heating                              0 +/- 0
     damage-energy                        0 +/- 0
 Mesh Index (20, 1, 19)
   Total Material
     Flux                                 0.00428036 +/- 0.000120048
     heating                              0 +/- 0
     damage-energy                        0 +/- 0
 Mesh Index (21, 1, 19)
   Total Material
     Flux                                 0.00305451 +/- 0.000104599
     heating                              0 +/- 0
     damage-energy                        0 +/- 0
 Mesh Index (22, 1, 19)
   Total Material
     Flux                                 0.00242279 +/- 0.000102167
     heating                              0 +/- 0
     damage-energy                        0 +/- 0
 Mesh Index (23, 1, 19)
   Total Material
     Flux                                 0.00203492 +/- 9.06166e-05
     heating                              0 +/- 0
     damage-energy                        0 +/- 0
 Mesh Index (24, 1, 19)
   Total Material
     Flux                                 0.00161643 +/- 7.41117e-05
     heating                              0 +/- 0
     damage-energy                        0 +/- 0
 Mesh Index (1, 2, 19)
   Total Material
     Flux                                 0.0567376 +/- 0.000442539
     heating                              0 +/- 0
     damage-energy                        0 +/- 0
 Mesh Index (2, 2, 19)
   Total Material
     Flux                                 0.0698357 +/- 0.000537136
     heating                              0 +/- 0
     damage-energy                        0 +/- 0
 Mesh Index (3, 2, 19)
   Total Material
     Flux                                 0.0836849 +/- 0.000544319
     heating                              0 +/- 0
     damage-energy                        0 +/- 0
 Mesh Index (4, 2, 19)
   Total Material
     Flux                                 0.0964849 +/- 0.000459394
     heating                              0 +/- 0
     damage-energy                        0 +/- 0
 Mesh Index (5, 2, 19)
   Total Material
     Flux                                 0.109155 +/- 0.000608018
     heating                              0 +/- 0
     damage-energy                        0 +/- 0
 Mesh Index (6, 2, 19)
   Total Material
     Flux                                 0.121201 +/- 0.000681462
     heating                              0 +/- 0
     damage-energy                        0 +/- 0
 Mesh Index (7, 2, 19)
   Total Material
     Flux                                 0.131909 +/- 0.000753806
     heating                              0 +/- 0
     damage-energy                        0 +/- 0
 Mesh Index (8, 2, 19)
   Total Material
     Flux                                 0.14363 +/- 0.000652019
     heating                              0 +/- 0
     damage-energy                        0 +/- 0
 Mesh Index (9, 2, 19)
   Total Material
     Flux                                 0.154411 +/- 0.000867495
     heating                              0 +/- 0
     damage-energy                        0 +/- 0
 Mesh Index (10, 2, 19)
   Total Material
     Flux                                 0.150245 +/- 0.000856345
     heating                              3696.13 +/- 31.4204
     damage-energy                        777.791 +/- 5.45722
 Mesh Index (11, 2, 19)
   Total Material
     Flux                                 0.134003 +/- 0.00109132
     heating                              4537.13 +/- 40.5806
     damage-energy                        64.0136 +/- 0.575028
 Mesh Index (12, 2, 19)
   Total Material
     Flux                                 0.0959787 +/- 0.000777497
     heating                              7566.44 +/- 70.7782
     damage-energy                        109.694 +/- 0.862107
 Mesh Index (13, 2, 19)
   Total Material
     Flux                                 0.0603645 +/- 0.00058464
     heating                              4513.06 +/- 50.3846
     damage-energy                        66.2274 +/- 0.715253
 Mesh Index (14, 2, 19)
   Total Material
     Flux                                 0.0374236 +/- 0.000476857
     heating                              2741.46 +/- 38.6984
     damage-energy                        39.3183 +/- 0.517372
 Mesh Index (15, 2, 19)
   Total Material
     Flux                                 0.0205715 +/- 0.000340224
     heating                              1495.85 +/- 27.6928
     damage-energy                        21.3248 +/- 0.371596
 Mesh Index (16, 2, 19)
   Total Material
     Flux                                 0.00771617 +/- 0.000180953
     heating                              353.832 +/- 11.1987
     damage-energy                        5.38049 +/- 0.136898
 Mesh Index (17, 2, 19)
   Total Material
     Flux                                 0.00522487 +/- 0.000135327
     heating                              0 +/- 0
     damage-energy                        0 +/- 0
 Mesh Index (18, 2, 19)
   Total Material
     Flux                                 0.00493999 +/- 0.000129787
     heating                              0 +/- 0
     damage-energy                        0 +/- 0
 Mesh Index (19, 2, 19)
   Total Material
     Flux                                 0.00465172 +/- 0.000105376
     heating                              0 +/- 0
     damage-energy                        0 +/- 0
 Mesh Index (20, 2, 19)
   Total Material
     Flux                                 0.00431872 +/- 0.00010995
     heating                              0 +/- 0
     damage-energy                        0 +/- 0
 Mesh Index (21, 2, 19)
   Total Material
     Flux                                 0.00209024 +/- 8.09817e-05
     heating                              0 +/- 0
     damage-energy                        0 +/- 0
 Mesh Index (22, 2, 19)
   Total Material
     Flux                                 0.00135604 +/- 6.55075e-05
     heating                              0 +/- 0
     damage-energy                        0 +/- 0
 Mesh Index (23, 2, 19)
   Total Material
     Flux                                 0.000945894 +/- 5.08098e-05
     heating                              0 +/- 0
     damage-energy                        0 +/- 0
 Mesh Index (24, 2, 19)
   Total Material
     Flux                                 0.000648843 +/- 4.21113e-05
     heating                              0 +/- 0
     damage-energy                        0 +/- 0
 Mesh Index (1, 3, 19)
   Total Material
     Flux                                 0.0568677 +/- 0.000452471
     heating                              0 +/- 0
     damage-energy                        0 +/- 0
 Mesh Index (2, 3, 19)
   Total Material
     Flux                                 0.0697861 +/- 0.000512799
     heating                              0 +/- 0
     damage-energy                        0 +/- 0
 Mesh Index (3, 3, 19)
   Total Material
     Flux                                 0.0841315 +/- 0.000608904
     heating                              0 +/- 0
     damage-energy                        0 +/- 0
 Mesh Index (4, 3, 19)
   Total Material
     Flux                                 0.0978611 +/- 0.000722029
     heating                              0 +/- 0
     damage-energy                        0 +/- 0
 Mesh Index (5, 3, 19)
   Total Material
     Flux                                 0.110047 +/- 0.000596408
     heating                              0 +/- 0
     damage-energy                        0 +/- 0
 Mesh Index (6, 3, 19)
   Total Material
     Flux                                 0.120919 +/- 0.000577397
     heating                              0 +/- 0
     damage-energy                        0 +/- 0
 Mesh Index (7, 3, 19)
   Total Material
     Flux                                 0.132986 +/- 0.00066255
     heating                              0 +/- 0
     damage-energy                        0 +/- 0
 Mesh Index (8, 3, 19)
   Total Material
     Flux                                 0.143193 +/- 0.000740673
     heating                              0 +/- 0
     damage-energy                        0 +/- 0
 Mesh Index (9, 3, 19)
   Total Material
     Flux                                 0.155552 +/- 0.000807467
     heating                              0 +/- 0
     damage-energy                        0 +/- 0
 Mesh Index (10, 3, 19)
   Total Material
     Flux                                 0.149344 +/- 0.000967557
     heating                              3676.74 +/- 36.0193
     damage-energy                        780.11 +/- 6.58433
 Mesh Index (11, 3, 19)
   Total Material
     Flux                                 0.130835 +/- 0.000982589
     heating                              4421.57 +/- 43.8921
     damage-energy                        61.6637 +/- 0.586904
 Mesh Index (12, 3, 19)
   Total Material
     Flux                                 0.0943288 +/- 0.000710076
     heating                              7443.11 +/- 57.9961
     damage-energy                        107.828 +/- 0.809131
 Mesh Index (13, 3, 19)
   Total Material
     Flux                                 0.0605643 +/- 0.000663336
     heating                              4571 +/- 56.7357
     damage-energy                        65.9132 +/- 0.789372
 Mesh Index (14, 3, 19)
   Total Material
     Flux                                 0.0373032 +/- 0.000438705
     heating                              2759.94 +/- 36.2424
     damage-energy                        39.2536 +/- 0.425816
 Mesh Index (15, 3, 19)
   Total Material
     Flux                                 0.020797 +/- 0.000350774
     heating                              1533.65 +/- 31.6964
     damage-energy                        21.2191 +/- 0.389798
 Mesh Index (16, 3, 19)
   Total Material
     Flux                                 0.00782641 +/- 0.000184631
     heating                              374.873 +/- 12.6088
     damage-energy                        5.39031 +/- 0.170111
 Mesh Index (17, 3, 19)
   Total Material
     Flux                                 0.00534214 +/- 0.000125921
     heating                              0 +/- 0
     damage-energy                        0 +/- 0
 Mesh Index (18, 3, 19)
   Total Material
     Flux                                 0.00505394 +/- 0.000141056
     heating                              0 +/- 0
     damage-energy                        0 +/- 0
 Mesh Index (19, 3, 19)
   Total Material
     Flux                                 0.00486472 +/- 0.000115343
     heating                              0 +/- 0
     damage-energy                        0 +/- 0
 Mesh Index (20, 3, 19)
   Total Material
     Flux                                 0.0047304 +/- 0.000129043
     heating                              0 +/- 0
     damage-energy                        0 +/- 0
 Mesh Index (21, 3, 19)
   Total Material
     Flux                                 0.00443161 +/- 0.000111614
     heating                              0 +/- 0
     damage-energy                        0 +/- 0
 Mesh Index (22, 3, 19)
   Total Material
     Flux                                 0.00344004 +/- 0.000106929
     heating                              0 +/- 0
     damage-energy                        0 +/- 0
 Mesh Index (23, 3, 19)
   Total Material
     Flux                                 0.00277655 +/- 8.04336e-05
     heating                              0 +/- 0
     damage-energy                        0 +/- 0
 Mesh Index (24, 3, 19)
   Total Material
     Flux                                 0.00218002 +/- 6.66763e-05
     heating                              0 +/- 0
     damage-energy                        0 +/- 0
 Mesh Index (1, 4, 19)
   Total Material
     Flux                                 0.0572249 +/- 0.000493589
     heating                              0 +/- 0
     damage-energy                        0 +/- 0
 Mesh Index (2, 4, 19)
   Total Material
     Flux                                 0.0706013 +/- 0.000525781
     heating                              0 +/- 0
     damage-energy                        0 +/- 0
 Mesh Index (3, 4, 19)
   Total Material
     Flux                                 0.0834575 +/- 0.000589543
     heating                              0 +/- 0
     damage-energy                        0 +/- 0
 Mesh Index (4, 4, 19)
   Total Material
     Flux                                 0.0974118 +/- 0.000583294
     heating                              0 +/- 0
     damage-energy                        0 +/- 0
 Mesh Index (5, 4, 19)
   Total Material
     Flux                                 0.110201 +/- 0.000681248
     heating                              0 +/- 0
     damage-energy                        0 +/- 0
 Mesh Index (6, 4, 19)
   Total Material
     Flux                                 0.120591 +/- 0.00065784
     heating                              0 +/- 0
     damage-energy                        0 +/- 0
 Mesh Index (7, 4, 19)
   Total Material
     Flux                                 0.13305 +/- 0.000647714
     heating                              0 +/- 0
     damage-energy                        0 +/- 0
 Mesh Index (8, 4, 19)
   Total Material
     Flux                                 0.144247 +/- 0.000878391
     heating                              0 +/- 0
     damage-energy                        0 +/- 0
 Mesh Index (9, 4, 19)
   Total Material
     Flux                                 0.156309 +/- 0.000848282
     heating                              0 +/- 0
     damage-energy                        0 +/- 0
 Mesh Index (10, 4, 19)
   Total Material
     Flux                                 0.150357 +/- 0.000954368
     heating                              3634.23 +/- 39.9388
     damage-energy                        769.997 +/- 6.58012
 Mesh Index (11, 4, 19)
   Total Material
     Flux                                 0.132547 +/- 0.000944327
     heating                              4538.94 +/- 50.1693
     damage-energy                        62.6259 +/- 0.634971
 Mesh Index (12, 4, 19)
   Total Material
     Flux                                 0.0957096 +/- 0.000967098
     heating                              7562.46 +/- 80.9335
     damage-energy                        109.246 +/- 1.24362
 Mesh Index (13, 4, 19)
   Total Material
     Flux                                 0.0625134 +/- 0.000624226
     heating                              4699.88 +/- 52.8038
     damage-energy                        67.9698 +/- 0.668692
 Mesh Index (14, 4, 19)
   Total Material
     Flux                                 0.0383462 +/- 0.000576989
     heating                              2883.66 +/- 53.1119
     damage-energy                        40.6487 +/- 0.678032
 Mesh Index (15, 4, 19)
   Total Material
     Flux                                 0.0214522 +/- 0.000337375
     heating                              1552.55 +/- 31.0945
     damage-energy                        21.9495 +/- 0.416478
 Mesh Index (16, 4, 19)
   Total Material
     Flux                                 0.00824781 +/- 0.000148725
     heating                              383.552 +/- 10.4517
     damage-energy                        5.71729 +/- 0.154403
 Mesh Index (17, 4, 19)
   Total Material
     Flux                                 0.00552711 +/- 0.000118787
     heating                              0 +/- 0
     damage-energy                        0 +/- 0
 Mesh Index (18, 4, 19)
   Total Material
     Flux                                 0.00507725 +/- 0.00010645
     heating                              0 +/- 0
     damage-energy                        0 +/- 0
 Mesh Index (19, 4, 19)
   Total Material
     Flux                                 0.00471986 +/- 0.000122461
     heating                              0 +/- 0
     damage-energy                        0 +/- 0
 Mesh Index (20, 4, 19)
   Total Material
     Flux                                 0.00428 +/- 0.000114156
     heating                              0 +/- 0
     damage-energy                        0 +/- 0
 Mesh Index (21, 4, 19)
   Total Material
     Flux                                 0.00212319 +/- 8.12143e-05
     heating                              0 +/- 0
     damage-energy                        0 +/- 0
 Mesh Index (22, 4, 19)
   Total Material
     Flux                                 0.000834732 +/- 4.15075e-05
     heating                              0 +/- 0
     damage-energy                        0 +/- 0
 Mesh Index (23, 4, 19)
   Total Material
     Flux                                 5.70438e-05 +/- 5.73287e-06
     heating                              0 +/- 0
     damage-energy                        0 +/- 0
 Mesh Index (24, 4, 19)
   Total Material
     Flux                                 0 +/- 0
     heating                              0 +/- 0
     damage-energy                        0 +/- 0
 Mesh Index (1, 5, 19)
   Total Material
     Flux                                 0.0579948 +/- 0.000451378
     heating                              0 +/- 0
     damage-energy                        0 +/- 0
 Mesh Index (2, 5, 19)
   Total Material
     Flux                                 0.0708361 +/- 0.000630471
     heating                              0 +/- 0
     damage-energy                        0 +/- 0
 Mesh Index (3, 5, 19)
   Total Material
     Flux                                 0.084314 +/- 0.000707058
     heating                              0 +/- 0
     damage-energy                        0 +/- 0
 Mesh Index (4, 5, 19)
   Total Material
     Flux                                 0.0972656 +/- 0.000666215
     heating                              0 +/- 0
     damage-energy                        0 +/- 0
 Mesh Index (5, 5, 19)
   Total Material
     Flux                                 0.109237 +/- 0.000660953
     heating                              0 +/- 0
     damage-energy                        0 +/- 0
 Mesh Index (6, 5, 19)
   Total Material
     Flux                                 0.120946 +/- 0.000575456
     heating                              0 +/- 0
     damage-energy                        0 +/- 0
 Mesh Index (7, 5, 19)
   Total Material
     Flux                                 0.133298 +/- 0.000663564
     heating                              0 +/- 0
     damage-energy                        0 +/- 0
 Mesh Index (8, 5, 19)
   Total Material
     Flux                                 0.144167 +/- 0.000736537
     heating                              0 +/- 0
     damage-energy                        0 +/- 0
 Mesh Index (9, 5, 19)
   Total Material
     Flux                                 0.156601 +/- 0.000788634
     heating                              0 +/- 0
     damage-energy                        0 +/- 0
 Mesh Index (10, 5, 19)
   Total Material
     Flux                                 0.150932 +/- 0.000804372
     heating                              3721.94 +/- 33.2274
     damage-energy                        786.932 +/- 5.86204
 Mesh Index (11, 5, 19)
   Total Material
     Flux                                 0.13161 +/- 0.00103214
     heating                              4423.57 +/- 37.3093
     damage-energy                        61.6842 +/- 0.544207
 Mesh Index (12, 5, 19)
   Total Material
     Flux                                 0.0958963 +/- 0.000841277
     heating                              7539.92 +/- 70.4224
     damage-energy                        108.961 +/- 1.01935
 Mesh Index (13, 5, 19)
   Total Material
     Flux                                 0.0622752 +/- 0.000646385
     heating                              4654.66 +/- 56.3514
     damage-energy                        67.7255 +/- 0.774549
 Mesh Index (14, 5, 19)
   Total Material
     Flux                                 0.0384966 +/- 0.000514496
     heating                              2828.19 +/- 42.814
     damage-energy                        40.4251 +/- 0.580545
 Mesh Index (15, 5, 19)
   Total Material
     Flux                                 0.0204279 +/- 0.000402819
     heating                              1484.55 +/- 32.7952
     damage-energy                        21.1856 +/- 0.446009
 Mesh Index (16, 5, 19)
   Total Material
     Flux                                 0.00812486 +/- 0.000186871
     heating                              377.562 +/- 10.0208
     damage-energy                        5.66541 +/- 0.139233
 Mesh Index (17, 5, 19)
   Total Material
     Flux                                 0.0055642 +/- 0.000121293
     heating                              0 +/- 0
     damage-energy                        0 +/- 0
 Mesh Index (18, 5, 19)
   Total Material
     Flux                                 0.00537387 +/- 0.000121774
     heating                              0 +/- 0
     damage-energy                        0 +/- 0
 Mesh Index (19, 5, 19)
   Total Material
     Flux                                 0.00495331 +/- 0.000111289
     heating                              0 +/- 0
     damage-energy                        0 +/- 0
 Mesh Index (20, 5, 19)
   Total Material
     Flux                                 0.00439688 +/- 0.000108057
     heating                              0 +/- 0
     damage-energy                        0 +/- 0
 Mesh Index (21, 5, 19)
   Total Material
     Flux                                 0.004318 +/- 0.000117697
     heating                              0 +/- 0
     damage-energy                        0 +/- 0
 Mesh Index (22, 5, 19)
   Total Material
     Flux                                 0.00358697 +/- 0.000102243
     heating                              0 +/- 0
     damage-energy                        0 +/- 0
 Mesh Index (23, 5, 19)
   Total Material
     Flux                                 0.00288537 +/- 8.38682e-05
     heating                              0 +/- 0
     damage-energy                        0 +/- 0
 Mesh Index (24, 5, 19)
   Total Material
     Flux                                 0.00230888 +/- 7.56655e-05
     heating                              0 +/- 0
     damage-energy                        0 +/- 0
 Mesh Index (1, 6, 19)
   Total Material
     Flux                                 0.0568753 +/- 0.000407467
     heating                              0 +/- 0
     damage-energy                        0 +/- 0
 Mesh Index (2, 6, 19)
   Total Material
     Flux                                 0.070939 +/- 0.000481309
     heating                              0 +/- 0
     damage-energy                        0 +/- 0
 Mesh Index (3, 6, 19)
   Total Material
     Flux                                 0.0831228 +/- 0.000500834
     heating                              0 +/- 0
     damage-energy                        0 +/- 0
 Mesh Index (4, 6, 19)
   Total Material
     Flux                                 0.0969775 +/- 0.000545808
     heating                              0 +/- 0
     damage-energy                        0 +/- 0
 Mesh Index (5, 6, 19)
   Total Material
     Flux                                 0.109457 +/- 0.000645861
     heating                              0 +/- 0
     damage-energy                        0 +/- 0
 Mesh Index (6, 6, 19)
   Total Material
     Flux                                 0.121506 +/- 0.000687012
     heating                              0 +/- 0
     damage-energy                        0 +/- 0
 Mesh Index (7, 6, 19)
   Total Material
     Flux                                 0.131743 +/- 0.000836889
     heating                              0 +/- 0
     damage-energy                        0 +/- 0
 Mesh Index (8, 6, 19)
   Total Material
     Flux                                 0.144077 +/- 0.000797763
     heating                              0 +/- 0
     damage-energy                        0 +/- 0
 Mesh Index (9, 6, 19)
   Total Material
     Flux                                 0.154891 +/- 0.00103315
     heating                              0 +/- 0
     damage-energy                        0 +/- 0
 Mesh Index (10, 6, 19)
   Total Material
     Flux                                 0.149715 +/- 0.00101773
     heating                              3655.11 +/- 34.4299
     damage-energy                        770.774 +/- 6.34213
 Mesh Index (11, 6, 19)
   Total Material
     Flux                                 0.132212 +/- 0.000898152
     heating                              4486.44 +/- 43.6306
     damage-energy                        62.1438 +/- 0.595512
 Mesh Index (12, 6, 19)
   Total Material
     Flux                                 0.095191 +/- 0.00076903
     heating                              7476.24 +/- 71.7708
     damage-energy                        108.682 +/- 0.915438
 Mesh Index (13, 6, 19)
   Total Material
     Flux                                 0.0606913 +/- 0.000714198
     heating                              4576.67 +/- 66.7433
     damage-energy                        66.4234 +/- 0.815076
 Mesh Index (14, 6, 19)
   Total Material
     Flux                                 0.0376028 +/- 0.000520529
     heating                              2771.85 +/- 44.8224
     damage-energy                        39.4942 +/- 0.51512
 Mesh Index (15, 6, 19)
   Total Material
     Flux                                 0.0210963 +/- 0.000374343
     heating                              1514.42 +/- 33.2918
     damage-energy                        21.4205 +/- 0.396933
 Mesh Index (16, 6, 19)
   Total Material
     Flux                                 0.00812803 +/- 0.000181098
     heating                              379.416 +/- 9.82951
     damage-energy                        5.55316 +/- 0.139533
 Mesh Index (17, 6, 19)
   Total Material
     Flux                                 0.00551361 +/- 0.000152489
     heating                              0 +/- 0
     damage-energy                        0 +/- 0
 Mesh Index (18, 6, 19)
   Total Material
     Flux                                 0.00533188 +/- 0.00012546
     heating                              0 +/- 0
     damage-energy                        0 +/- 0
 Mesh Index (19, 6, 19)
   Total Material
     Flux                                 0.00477184 +/- 0.000116989
     heating                              0 +/- 0
     damage-energy                        0 +/- 0
 Mesh Index (20, 6, 19)
   Total Material
     Flux                                 0.00433529 +/- 0.000112136
     heating                              0 +/- 0
     damage-energy                        0 +/- 0
 Mesh Index (21, 6, 19)
   Total Material
     Flux                                 0.00222844 +/- 8.97092e-05
     heating                              0 +/- 0
     damage-energy                        0 +/- 0
 Mesh Index (22, 6, 19)
   Total Material
     Flux                                 0.00140474 +/- 6.34111e-05
     heating                              0 +/- 0
     damage-energy                        0 +/- 0
 Mesh Index (23, 6, 19)
   Total Material
     Flux                                 0.000910113 +/- 5.26111e-05
     heating                              0 +/- 0
     damage-energy                        0 +/- 0
 Mesh Index (24, 6, 19)
   Total Material
     Flux                                 0.000558101 +/- 3.89405e-05
     heating                              0 +/- 0
     damage-energy                        0 +/- 0
 Mesh Index (1, 7, 19)
   Total Material
     Flux                                 0.0562587 +/- 0.000446518
     heating                              0 +/- 0
     damage-energy                        0 +/- 0
 Mesh Index (2, 7, 19)
   Total Material
     Flux                                 0.070586 +/- 0.000602769
     heating                              0 +/- 0
     damage-energy                        0 +/- 0
 Mesh Index (3, 7, 19)
   Total Material
     Flux                                 0.08436 +/- 0.000533443
     heating                              0 +/- 0
     damage-energy                        0 +/- 0
 Mesh Index (4, 7, 19)
   Total Material
     Flux                                 0.0974074 +/- 0.000747285
     heating                              0 +/- 0
     damage-energy                        0 +/- 0
 Mesh Index (5, 7, 19)
   Total Material
     Flux                                 0.108968 +/- 0.000611733
     heating                              0 +/- 0
     damage-energy                        0 +/- 0
 Mesh Index (6, 7, 19)
   Total Material
     Flux                                 0.120967 +/- 0.000645447
     heating                              0 +/- 0
     damage-energy                        0 +/- 0
 Mesh Index (7, 7, 19)
   Total Material
     Flux                                 0.132817 +/- 0.000661612
     heating                              0 +/- 0
     damage-energy                        0 +/- 0
 Mesh Index (8, 7, 19)
   Total Material
     Flux                                 0.144598 +/- 0.000781473
     heating                              0 +/- 0
     damage-energy                        0 +/- 0
 Mesh Index (9, 7, 19)
   Total Material
     Flux                                 0.155079 +/- 0.000825808
     heating                              0 +/- 0
     damage-energy                        0 +/- 0
 Mesh Index (10, 7, 19)
   Total Material
     Flux                                 0.148827 +/- 0.000868519
     heating                              3657.29 +/- 39.9707
     damage-energy                        769.58 +/- 6.55792
 Mesh Index (11, 7, 19)
   Total Material
     Flux                                 0.131991 +/- 0.000897485
     heating                              4489.72 +/- 37.9689
     damage-energy                        62.6717 +/- 0.550747
 Mesh Index (12, 7, 19)
   Total Material
     Flux                                 0.0967282 +/- 0.000868066
     heating                              7576.94 +/- 73.4266
     damage-energy                        111.198 +/- 1.08069
 Mesh Index (13, 7, 19)
   Total Material
     Flux                                 0.0624095 +/- 0.000755401
     heating                              4694.24 +/- 61.2914
     damage-energy                        68.5954 +/- 0.862769
 Mesh Index (14, 7, 19)
   Total Material
     Flux                                 0.0380802 +/- 0.000539193
     heating                              2792.27 +/- 43.5139
     damage-energy                        40.2771 +/- 0.609784
 Mesh Index (15, 7, 19)
   Total Material
     Flux                                 0.0207184 +/- 0.00036668
     heating                              1503.5 +/- 28.5601
     damage-energy                        21.3286 +/- 0.424178
 Mesh Index (16, 7, 19)
   Total Material
     Flux                                 0.00778529 +/- 0.00021138
     heating                              364.342 +/- 13.1134
     damage-energy                        5.43386 +/- 0.186794
 Mesh Index (17, 7, 19)
   Total Material
     Flux                                 0.00508062 +/- 0.000144488
     heating                              0 +/- 0
     damage-energy                        0 +/- 0
 Mesh Index (18, 7, 19)
   Total Material
     Flux                                 0.00496437 +/- 0.000120758
     heating                              0 +/- 0
     damage-energy                        0 +/- 0
 Mesh Index (19, 7, 19)
   Total Material
     Flux                                 0.00486555 +/- 0.000119183
     heating                              0 +/- 0
     damage-energy                        0 +/- 0
 Mesh Index (20, 7, 19)
   Total Material
     Flux                                 0.00442497 +/- 0.00011008
     heating                              0 +/- 0
     damage-energy                        0 +/- 0
 Mesh Index (21, 7, 19)
   Total Material
     Flux                                 0.00304142 +/- 0.000101855
     heating                              0 +/- 0
     damage-energy                        0 +/- 0
 Mesh Index (22, 7, 19)
   Total Material
     Flux                                 0.00247951 +/- 9.02539e-05
     heating                              0 +/- 0
     damage-energy                        0 +/- 0
 Mesh Index (23, 7, 19)
   Total Material
     Flux                                 0.00201062 +/- 7.41479e-05
     heating                              0 +/- 0
     damage-energy                        0 +/- 0
 Mesh Index (24, 7, 19)
   Total Material
     Flux                                 0.00164863 +/- 7.44208e-05
     heating                              0 +/- 0
     damage-energy                        0 +/- 0
 Mesh Index (1, 1, 20)
   Total Material
     Flux                                 0.0522295 +/- 0.000464067
     heating                              0 +/- 0
     damage-energy                        0 +/- 0
 Mesh Index (2, 1, 20)
   Total Material
     Flux                                 0.0645471 +/- 0.000452899
     heating                              0 +/- 0
     damage-energy                        0 +/- 0
 Mesh Index (3, 1, 20)
   Total Material
     Flux                                 0.0768839 +/- 0.000473268
     heating                              0 +/- 0
     damage-energy                        0 +/- 0
 Mesh Index (4, 1, 20)
   Total Material
     Flux                                 0.0880573 +/- 0.000541894
     heating                              0 +/- 0
     damage-energy                        0 +/- 0
 Mesh Index (5, 1, 20)
   Total Material
     Flux                                 0.100482 +/- 0.000603872
     heating                              0 +/- 0
     damage-energy                        0 +/- 0
 Mesh Index (6, 1, 20)
   Total Material
     Flux                                 0.110895 +/- 0.000628448
     heating                              0 +/- 0
     damage-energy                        0 +/- 0
 Mesh Index (7, 1, 20)
   Total Material
     Flux                                 0.121443 +/- 0.000718329
     heating                              0 +/- 0
     damage-energy                        0 +/- 0
 Mesh Index (8, 1, 20)
   Total Material
     Flux                                 0.132035 +/- 0.000648395
     heating                              0 +/- 0
     damage-energy                        0 +/- 0
 Mesh Index (9, 1, 20)
   Total Material
     Flux                                 0.141104 +/- 0.000652685
     heating                              0 +/- 0
     damage-energy                        0 +/- 0
 Mesh Index (10, 1, 20)
   Total Material
     Flux                                 0.137075 +/- 0.000769556
     heating                              3181.65 +/- 33.5227
     damage-energy                        684.657 +/- 5.69515
 Mesh Index (11, 1, 20)
   Total Material
     Flux                                 0.122482 +/- 0.000828027
     heating                              4173.35 +/- 41.0459
     damage-energy                        57.9402 +/- 0.518639
 Mesh Index (12, 1, 20)
   Total Material
     Flux                                 0.0878789 +/- 0.000746426
     heating                              6907.87 +/- 69.0007
     damage-energy                        99.5355 +/- 0.844087
 Mesh Index (13, 1, 20)
   Total Material
     Flux                                 0.0558856 +/- 0.000521601
     heating                              4193.82 +/- 42.8029
     damage-energy                        60.9208 +/- 0.691876
 Mesh Index (14, 1, 20)
   Total Material
     Flux                                 0.0344185 +/- 0.00050891
     heating                              2535.65 +/- 41.3998
     damage-energy                        36.1536 +/- 0.587385
 Mesh Index (15, 1, 20)
   Total Material
     Flux                                 0.0190248 +/- 0.000343294
     heating                              1392.01 +/- 27.4185
     damage-energy                        19.4867 +/- 0.360169
 Mesh Index (16, 1, 20)
   Total Material
     Flux                                 0.0075456 +/- 0.000180165
     heating                              350.203 +/- 10.8676
     damage-energy                        5.31043 +/- 0.153913
 Mesh Index (17, 1, 20)
   Total Material
     Flux                                 0.00497787 +/- 0.000132431
     heating                              0 +/- 0
     damage-energy                        0 +/- 0
 Mesh Index (18, 1, 20)
   Total Material
     Flux                                 0.00480318 +/- 0.000110539
     heating                              0 +/- 0
     damage-energy                        0 +/- 0
 Mesh Index (19, 1, 20)
   Total Material
     Flux                                 0.00455353 +/- 0.000131178
     heating                              0 +/- 0
     damage-energy                        0 +/- 0
 Mesh Index (20, 1, 20)
   Total Material
     Flux                                 0.00416197 +/- 0.000107671
     heating                              0 +/- 0
     damage-energy                        0 +/- 0
 Mesh Index (21, 1, 20)
   Total Material
     Flux                                 0.00295113 +/- 9.60839e-05
     heating                              0 +/- 0
     damage-energy                        0 +/- 0
 Mesh Index (22, 1, 20)
   Total Material
     Flux                                 0.0021779 +/- 7.29305e-05
     heating                              0 +/- 0
     damage-energy                        0 +/- 0
 Mesh Index (23, 1, 20)
   Total Material
     Flux                                 0.00178977 +/- 6.66615e-05
     heating                              0 +/- 0
     damage-energy                        0 +/- 0
 Mesh Index (24, 1, 20)
   Total Material
     Flux                                 0.00147819 +/- 6.06263e-05
     heating                              0 +/- 0
     damage-energy                        0 +/- 0
 Mesh Index (1, 2, 20)
   Total Material
     Flux                                 0.0528247 +/- 0.000450121
     heating                              0 +/- 0
     damage-energy                        0 +/- 0
 Mesh Index (2, 2, 20)
   Total Material
     Flux                                 0.0642304 +/- 0.000510987
     heating                              0 +/- 0
     damage-energy                        0 +/- 0
 Mesh Index (3, 2, 20)
   Total Material
     Flux                                 0.0758074 +/- 0.000455339
     heating                              0 +/- 0
     damage-energy                        0 +/- 0
 Mesh Index (4, 2, 20)
   Total Material
     Flux                                 0.0883838 +/- 0.000583697
     heating                              0 +/- 0
     damage-energy                        0 +/- 0
 Mesh Index (5, 2, 20)
   Total Material
     Flux                                 0.0988932 +/- 0.000670119
     heating                              0 +/- 0
     damage-energy                        0 +/- 0
 Mesh Index (6, 2, 20)
   Total Material
     Flux                                 0.109991 +/- 0.000681344
     heating                              0 +/- 0
     damage-energy                        0 +/- 0
 Mesh Index (7, 2, 20)
   Total Material
     Flux                                 0.121233 +/- 0.000520357
     heating                              0 +/- 0
     damage-energy                        0 +/- 0
 Mesh Index (8, 2, 20)
   Total Material
     Flux                                 0.130711 +/- 0.000675422
     heating                              0 +/- 0
     damage-energy                        0 +/- 0
 Mesh Index (9, 2, 20)
   Total Material
     Flux                                 0.14262 +/- 0.000819639
     heating                              0 +/- 0
     damage-energy                        0 +/- 0
 Mesh Index (10, 2, 20)
   Total Material
     Flux                                 0.138357 +/- 0.000789048
     heating                              3276.13 +/- 35.071
     damage-energy                        697.636 +/- 5.78539
 Mesh Index (11, 2, 20)
   Total Material
     Flux                                 0.121179 +/- 0.000863526
     heating                              4122.53 +/- 42.3208
     damage-energy                        56.6778 +/- 0.557539
 Mesh Index (12, 2, 20)
   Total Material
     Flux                                 0.086344 +/- 0.000771466
     heating                              6842.83 +/- 72.0998
     damage-energy                        98.2172 +/- 0.888628
 Mesh Index (13, 2, 20)
   Total Material
     Flux                                 0.0544765 +/- 0.000574284
     heating                              4088.33 +/- 46.8999
     damage-energy                        59.2728 +/- 0.674236
 Mesh Index (14, 2, 20)
   Total Material
     Flux                                 0.0344889 +/- 0.000472919
     heating                              2554 +/- 40.0633
     damage-energy                        36.3465 +/- 0.578405
 Mesh Index (15, 2, 20)
   Total Material
     Flux                                 0.0188288 +/- 0.000318471
     heating                              1363.48 +/- 28.1068
     damage-energy                        19.191 +/- 0.34241
 Mesh Index (16, 2, 20)
   Total Material
     Flux                                 0.00729184 +/- 0.000146079
     heating                              338.981 +/- 9.28658
     damage-energy                        5.06642 +/- 0.139533
 Mesh Index (17, 2, 20)
   Total Material
     Flux                                 0.00488827 +/- 0.000124678
     heating                              0 +/- 0
     damage-energy                        0 +/- 0
 Mesh Index (18, 2, 20)
   Total Material
     Flux                                 0.00463437 +/- 0.000127207
     heating                              0 +/- 0
     damage-energy                        0 +/- 0
 Mesh Index (19, 2, 20)
   Total Material
     Flux                                 0.00459551 +/- 0.000118596
     heating                              0 +/- 0
     damage-energy                        0 +/- 0
 Mesh Index (20, 2, 20)
   Total Material
     Flux                                 0.00421299 +/- 9.55617e-05
     heating                              0 +/- 0
     damage-energy                        0 +/- 0
 Mesh Index (21, 2, 20)
   Total Material
     Flux                                 0.0021754 +/- 8.63929e-05
     heating                              0 +/- 0
     damage-energy                        0 +/- 0
 Mesh Index (22, 2, 20)
   Total Material
     Flux                                 0.00122537 +/- 4.27167e-05
     heating                              0 +/- 0
     damage-energy                        0 +/- 0
 Mesh Index (23, 2, 20)
   Total Material
     Flux                                 0.000917411 +/- 5.50747e-05
     heating                              0 +/- 0
     damage-energy                        0 +/- 0
 Mesh Index (24, 2, 20)
   Total Material
     Flux                                 0.000606393 +/- 3.79937e-05
     heating                              0 +/- 0
     damage-energy                        0 +/- 0
 Mesh Index (1, 3, 20)
   Total Material
     Flux                                 0.05254 +/- 0.000440592
     heating                              0 +/- 0
     damage-energy                        0 +/- 0
 Mesh Index (2, 3, 20)
   Total Material
     Flux                                 0.0648556 +/- 0.000438264
     heating                              0 +/- 0
     damage-energy                        0 +/- 0
 Mesh Index (3, 3, 20)
   Total Material
     Flux                                 0.0765267 +/- 0.000573131
     heating                              0 +/- 0
     damage-energy                        0 +/- 0
 Mesh Index (4, 3, 20)
   Total Material
     Flux                                 0.0877545 +/- 0.000495125
     heating                              0 +/- 0
     damage-energy                        0 +/- 0
 Mesh Index (5, 3, 20)
   Total Material
     Flux                                 0.0996971 +/- 0.000588908
     heating                              0 +/- 0
     damage-energy                        0 +/- 0
 Mesh Index (6, 3, 20)
   Total Material
     Flux                                 0.110166 +/- 0.000586182
     heating                              0 +/- 0
     damage-energy                        0 +/- 0
 Mesh Index (7, 3, 20)
   Total Material
     Flux                                 0.121051 +/- 0.000658881
     heating                              0 +/- 0
     damage-energy                        0 +/- 0
 Mesh Index (8, 3, 20)
   Total Material
     Flux                                 0.131232 +/- 0.000663638
     heating                              0 +/- 0
     damage-energy                        0 +/- 0
 Mesh Index (9, 3, 20)
   Total Material
     Flux                                 0.14242 +/- 0.000672268
     heating                              0 +/- 0
     damage-energy                        0 +/- 0
 Mesh Index (10, 3, 20)
   Total Material
     Flux                                 0.136026 +/- 0.00105944
     heating                              3193.45 +/- 37.8317
     damage-energy                        682.39 +/- 6.90793
 Mesh Index (11, 3, 20)
   Total Material
     Flux                                 0.120178 +/- 0.000882995
     heating                              4051.95 +/- 37.4247
     damage-energy                        56.2578 +/- 0.626277
 Mesh Index (12, 3, 20)
   Total Material
     Flux                                 0.0855057 +/- 0.000722062
     heating                              6704.79 +/- 61.6966
     damage-energy                        97.296 +/- 0.918404
 Mesh Index (13, 3, 20)
   Total Material
     Flux                                 0.0544321 +/- 0.00064692
     heating                              4109.04 +/- 55.29
     damage-energy                        58.8665 +/- 0.754249
 Mesh Index (14, 3, 20)
   Total Material
     Flux                                 0.0329412 +/- 0.000491664
     heating                              2426.29 +/- 38.071
     damage-energy                        34.3857 +/- 0.559127
 Mesh Index (15, 3, 20)
   Total Material
     Flux                                 0.0185066 +/- 0.000266137
     heating                              1346.09 +/- 21.3375
     damage-energy                        18.826 +/- 0.311879
 Mesh Index (16, 3, 20)
   Total Material
     Flux                                 0.0074442 +/- 0.000155497
     heating                              351.024 +/- 10.6061
     damage-energy                        5.06702 +/- 0.134517
 Mesh Index (17, 3, 20)
   Total Material
     Flux                                 0.00484685 +/- 0.000106337
     heating                              0 +/- 0
     damage-energy                        0 +/- 0
 Mesh Index (18, 3, 20)
   Total Material
     Flux                                 0.00477037 +/- 0.000113392
     heating                              0 +/- 0
     damage-energy                        0 +/- 0
 Mesh Index (19, 3, 20)
   Total Material
     Flux                                 0.00451165 +/- 0.000133434
     heating                              0 +/- 0
     damage-energy                        0 +/- 0
 Mesh Index (20, 3, 20)
   Total Material
     Flux                                 0.00427825 +/- 0.000104894
     heating                              0 +/- 0
     damage-energy                        0 +/- 0
 Mesh Index (21, 3, 20)
   Total Material
     Flux                                 0.00402146 +/- 0.00010748
     heating                              0 +/- 0
     damage-energy                        0 +/- 0
 Mesh Index (22, 3, 20)
   Total Material
     Flux                                 0.00341803 +/- 0.000104012
     heating                              0 +/- 0
     damage-energy                        0 +/- 0
 Mesh Index (23, 3, 20)
   Total Material
     Flux                                 0.00275095 +/- 9.65571e-05
     heating                              0 +/- 0
     damage-energy                        0 +/- 0
 Mesh Index (24, 3, 20)
   Total Material
     Flux                                 0.00205314 +/- 7.58656e-05
     heating                              0 +/- 0
     damage-energy                        0 +/- 0
 Mesh Index (1, 4, 20)
   Total Material
     Flux                                 0.0529992 +/- 0.000420444
     heating                              0 +/- 0
     damage-energy                        0 +/- 0
 Mesh Index (2, 4, 20)
   Total Material
     Flux                                 0.0641672 +/- 0.000512553
     heating                              0 +/- 0
     damage-energy                        0 +/- 0
 Mesh Index (3, 4, 20)
   Total Material
     Flux                                 0.0759306 +/- 0.00050715
     heating                              0 +/- 0
     damage-energy                        0 +/- 0
 Mesh Index (4, 4, 20)
   Total Material
     Flux                                 0.0882118 +/- 0.000596349
     heating                              0 +/- 0
     damage-energy                        0 +/- 0
 Mesh Index (5, 4, 20)
   Total Material
     Flux                                 0.0994175 +/- 0.000686315
     heating                              0 +/- 0
     damage-energy                        0 +/- 0
 Mesh Index (6, 4, 20)
   Total Material
     Flux                                 0.111116 +/- 0.000597785
     heating                              0 +/- 0
     damage-energy                        0 +/- 0
 Mesh Index (7, 4, 20)
   Total Material
     Flux                                 0.121347 +/- 0.000579878
     heating                              0 +/- 0
     damage-energy                        0 +/- 0
 Mesh Index (8, 4, 20)
   Total Material
     Flux                                 0.132901 +/- 0.000692613
     heating                              0 +/- 0
     damage-energy                        0 +/- 0
 Mesh Index (9, 4, 20)
   Total Material
     Flux                                 0.141563 +/- 0.000839388
     heating                              0 +/- 0
     damage-energy                        0 +/- 0
 Mesh Index (10, 4, 20)
   Total Material
     Flux                                 0.138887 +/- 0.000841085
     heating                              3239.88 +/- 33.0576
     damage-energy                        692.346 +/- 5.47224
 Mesh Index (11, 4, 20)
   Total Material
     Flux                                 0.121945 +/- 0.000853208
     heating                              4099.1 +/- 46.7549
     damage-energy                        56.3485 +/- 0.561526
 Mesh Index (12, 4, 20)
   Total Material
     Flux                                 0.0863283 +/- 0.000998464
     heating                              6792.24 +/- 87.093
     damage-energy                        97.4729 +/- 1.16298
 Mesh Index (13, 4, 20)
   Total Material
     Flux                                 0.0553987 +/- 0.000601827
     heating                              4207.69 +/- 48.6506
     damage-energy                        59.7281 +/- 0.674121
 Mesh Index (14, 4, 20)
   Total Material
     Flux                                 0.034454 +/- 0.000486493
     heating                              2552.03 +/- 41.8561
     damage-energy                        35.8265 +/- 0.558789
 Mesh Index (15, 4, 20)
   Total Material
     Flux                                 0.0190345 +/- 0.000314371
     heating                              1368.33 +/- 24.5903
     damage-energy                        19.2632 +/- 0.381248
 Mesh Index (16, 4, 20)
   Total Material
     Flux                                 0.00710111 +/- 0.000169715
     heating                              341.355 +/- 11.7816
     damage-energy                        4.96443 +/- 0.150843
 Mesh Index (17, 4, 20)
   Total Material
     Flux                                 0.00464514 +/- 0.000105858
     heating                              0 +/- 0
     damage-energy                        0 +/- 0
 Mesh Index (18, 4, 20)
   Total Material
     Flux                                 0.00453588 +/- 0.000103949
     heating                              0 +/- 0
     damage-energy                        0 +/- 0
 Mesh Index (19, 4, 20)
   Total Material
     Flux                                 0.00434755 +/- 8.2221e-05
     heating                              0 +/- 0
     damage-energy                        0 +/- 0
 Mesh Index (20, 4, 20)
   Total Material
     Flux                                 0.00399294 +/- 0.000102989
     heating                              0 +/- 0
     damage-energy                        0 +/- 0
 Mesh Index (21, 4, 20)
   Total Material
     Flux                                 0.00189558 +/- 7.03955e-05
     heating                              0 +/- 0
     damage-energy                        0 +/- 0
 Mesh Index (22, 4, 20)
   Total Material
     Flux                                 0.00077146 +/- 4.40175e-05
     heating                              0 +/- 0
     damage-energy                        0 +/- 0
 Mesh Index (23, 4, 20)
   Total Material
     Flux                                 5.35909e-05 +/- 6.11373e-06
     heating                              0 +/- 0
     damage-energy                        0 +/- 0
 Mesh Index (24, 4, 20)
   Total Material
     Flux                                 0 +/- 0
     heating                              0 +/- 0
     damage-energy                        0 +/- 0
 Mesh Index (1, 5, 20)
   Total Material
     Flux                                 0.0529847 +/- 0.000377793
     heating                              0 +/- 0
     damage-energy                        0 +/- 0
 Mesh Index (2, 5, 20)
   Total Material
     Flux                                 0.0648986 +/- 0.000374376
     heating                              0 +/- 0
     damage-energy                        0 +/- 0
 Mesh Index (3, 5, 20)
   Total Material
     Flux                                 0.0762614 +/- 0.000663654
     heating                              0 +/- 0
     damage-energy                        0 +/- 0
 Mesh Index (4, 5, 20)
   Total Material
     Flux                                 0.0886981 +/- 0.000533382
     heating                              0 +/- 0
     damage-energy                        0 +/- 0
 Mesh Index (5, 5, 20)
   Total Material
     Flux                                 0.0992874 +/- 0.000610755
     heating                              0 +/- 0
     damage-energy                        0 +/- 0
 Mesh Index (6, 5, 20)
   Total Material
     Flux                                 0.109605 +/- 0.000644996
     heating                              0 +/- 0
     damage-energy                        0 +/- 0
 Mesh Index (7, 5, 20)
   Total Material
     Flux                                 0.121126 +/- 0.000827463
     heating                              0 +/- 0
     damage-energy                        0 +/- 0
 Mesh Index (8, 5, 20)
   Total Material
     Flux                                 0.133072 +/- 0.000684949
     heating                              0 +/- 0
     damage-energy                        0 +/- 0
 Mesh Index (9, 5, 20)
   Total Material
     Flux                                 0.144813 +/- 0.000922921
     heating                              0 +/- 0
     damage-energy                        0 +/- 0
 Mesh Index (10, 5, 20)
   Total Material
     Flux                                 0.137962 +/- 0.000766605
     heating                              3277.52 +/- 33.499
     damage-energy                        698.175 +/- 5.23723
 Mesh Index (11, 5, 20)
   Total Material
     Flux                                 0.122185 +/- 0.000907164
     heating                              4149.69 +/- 45.7836
     damage-energy                        57.2094 +/- 0.469165
 Mesh Index (12, 5, 20)
   Total Material
     Flux                                 0.0872077 +/- 0.000729895
     heating                              6841.78 +/- 67.8184
     damage-energy                        99.0114 +/- 0.80941
 Mesh Index (13, 5, 20)
   Total Material
     Flux                                 0.0557968 +/- 0.000516578
     heating                              4194.08 +/- 47.0459
     damage-energy                        60.1674 +/- 0.589974
 Mesh Index (14, 5, 20)
   Total Material
     Flux                                 0.0344322 +/- 0.000454009
     heating                              2551.7 +/- 41.7662
     damage-energy                        35.9082 +/- 0.487627
 Mesh Index (15, 5, 20)
   Total Material
     Flux                                 0.0195731 +/- 0.000365494
     heating                              1433.86 +/- 28.729
     damage-energy                        20.2757 +/- 0.385587
 Mesh Index (16, 5, 20)
   Total Material
     Flux                                 0.00763112 +/- 0.00015418
     heating                              351.868 +/- 10.1666
     damage-energy                        5.2963 +/- 0.14165
 Mesh Index (17, 5, 20)
   Total Material
     Flux                                 0.0051566 +/- 0.000132848
     heating                              0 +/- 0
     damage-energy                        0 +/- 0
 Mesh Index (18, 5, 20)
   Total Material
     Flux                                 0.00498147 +/- 0.000122589
     heating                              0 +/- 0
     damage-energy                        0 +/- 0
 Mesh Index (19, 5, 20)
   Total Material
     Flux                                 0.00456665 +/- 0.000125425
     heating                              0 +/- 0
     damage-energy                        0 +/- 0
 Mesh Index (20, 5, 20)
   Total Material
     Flux                                 0.00439543 +/- 0.000119326
     heating                              0 +/- 0
     damage-energy                        0 +/- 0
 Mesh Index (21, 5, 20)
   Total Material
     Flux                                 0.00393154 +/- 9.79481e-05
     heating                              0 +/- 0
     damage-energy                        0 +/- 0
 Mesh Index (22, 5, 20)
   Total Material
     Flux                                 0.00340753 +/- 0.000105773
     heating                              0 +/- 0
     damage-energy                        0 +/- 0
 Mesh Index (23, 5, 20)
   Total Material
     Flux                                 0.00288749 +/- 8.16954e-05
     heating                              0 +/- 0
     damage-energy                        0 +/- 0
 Mesh Index (24, 5, 20)
   Total Material
     Flux                                 0.00211355 +/- 7.81509e-05
     heating                              0 +/- 0
     damage-energy                        0 +/- 0
 Mesh Index (1, 6, 20)
   Total Material
     Flux                                 0.053072 +/- 0.000455797
     heating                              0 +/- 0
     damage-energy                        0 +/- 0
 Mesh Index (2, 6, 20)
   Total Material
     Flux                                 0.0637316 +/- 0.000395889
     heating                              0 +/- 0
     damage-energy                        0 +/- 0
 Mesh Index (3, 6, 20)
   Total Material
     Flux                                 0.0754822 +/- 0.000525464
     heating                              0 +/- 0
     damage-energy                        0 +/- 0
 Mesh Index (4, 6, 20)
   Total Material
     Flux                                 0.0886381 +/- 0.000664417
     heating                              0 +/- 0
     damage-energy                        0 +/- 0
 Mesh Index (5, 6, 20)
   Total Material
     Flux                                 0.100237 +/- 0.000681519
     heating                              0 +/- 0
     damage-energy                        0 +/- 0
 Mesh Index (6, 6, 20)
   Total Material
     Flux                                 0.112046 +/- 0.00066581
     heating                              0 +/- 0
     damage-energy                        0 +/- 0
 Mesh Index (7, 6, 20)
   Total Material
     Flux                                 0.1227 +/- 0.000679699
     heating                              0 +/- 0
     damage-energy                        0 +/- 0
 Mesh Index (8, 6, 20)
   Total Material
     Flux                                 0.132604 +/- 0.000826814
     heating                              0 +/- 0
     damage-energy                        0 +/- 0
 Mesh Index (9, 6, 20)
   Total Material
     Flux                                 0.14473 +/- 0.000782458
     heating                              0 +/- 0
     damage-energy                        0 +/- 0
 Mesh Index (10, 6, 20)
   Total Material
     Flux                                 0.137211 +/- 0.000863364
     heating                              3213.85 +/- 29.2033
     damage-energy                        690.694 +/- 5.04992
 Mesh Index (11, 6, 20)
   Total Material
     Flux                                 0.120083 +/- 0.00103322
     heating                              4043.44 +/- 43.5884
     damage-energy                        55.6618 +/- 0.536316
 Mesh Index (12, 6, 20)
   Total Material
     Flux                                 0.0856741 +/- 0.000775094
     heating                              6713.69 +/- 62.9057
     damage-energy                        97.293 +/- 0.885938
 Mesh Index (13, 6, 20)
   Total Material
     Flux                                 0.0554017 +/- 0.000684796
     heating                              4128.82 +/- 53.5827
     damage-energy                        60.1141 +/- 0.751453
 Mesh Index (14, 6, 20)
   Total Material
     Flux                                 0.0337162 +/- 0.000527591
     heating                              2454.8 +/- 41.7019
     damage-energy                        35.1143 +/- 0.596968
 Mesh Index (15, 6, 20)
   Total Material
     Flux                                 0.0184783 +/- 0.000389154
     heating                              1336.46 +/- 29.0905
     damage-energy                        19.0722 +/- 0.407255
 Mesh Index (16, 6, 20)
   Total Material
     Flux                                 0.00725322 +/- 0.000163797
     heating                              341.833 +/- 10.4743
     damage-energy                        5.03016 +/- 0.131671
 Mesh Index (17, 6, 20)
   Total Material
     Flux                                 0.00500159 +/- 0.000125938
     heating                              0 +/- 0
     damage-energy                        0 +/- 0
 Mesh Index (18, 6, 20)
   Total Material
     Flux                                 0.00463948 +/- 0.000103575
     heating                              0 +/- 0
     damage-energy                        0 +/- 0
 Mesh Index (19, 6, 20)
   Total Material
     Flux                                 0.00470723 +/- 0.000124597
     heating                              0 +/- 0
     damage-energy                        0 +/- 0
 Mesh Index (20, 6, 20)
   Total Material
     Flux                                 0.00410039 +/- 0.000109809
     heating                              0 +/- 0
     damage-energy                        0 +/- 0
 Mesh Index (21, 6, 20)
   Total Material
     Flux                                 0.00200221 +/- 7.32683e-05
     heating                              0 +/- 0
     damage-energy                        0 +/- 0
 Mesh Index (22, 6, 20)
   Total Material
     Flux                                 0.00127156 +/- 6.44634e-05
     heating                              0 +/- 0
     damage-energy                        0 +/- 0
 Mesh Index (23, 6, 20)
   Total Material
     Flux                                 0.000810196 +/- 4.9799e-05
     heating                              0 +/- 0
     damage-energy                        0 +/- 0
 Mesh Index (24, 6, 20)
   Total Material
     Flux                                 0.000525979 +/- 3.57211e-05
     heating                              0 +/- 0
     damage-energy                        0 +/- 0
 Mesh Index (1, 7, 20)
   Total Material
     Flux                                 0.0530448 +/- 0.000466784
     heating                              0 +/- 0
     damage-energy                        0 +/- 0
 Mesh Index (2, 7, 20)
   Total Material
     Flux                                 0.0646201 +/- 0.000458255
     heating                              0 +/- 0
     damage-energy                        0 +/- 0
 Mesh Index (3, 7, 20)
   Total Material
     Flux                                 0.0763354 +/- 0.000564073
     heating                              0 +/- 0
     damage-energy                        0 +/- 0
 Mesh Index (4, 7, 20)
   Total Material
     Flux                                 0.0882015 +/- 0.000531117
     heating                              0 +/- 0
     damage-energy                        0 +/- 0
 Mesh Index (5, 7, 20)
   Total Material
     Flux                                 0.0990901 +/- 0.000547672
     heating                              0 +/- 0
     damage-energy                        0 +/- 0
 Mesh Index (6, 7, 20)
   Total Material
     Flux                                 0.110531 +/- 0.000464838
     heating                              0 +/- 0
     damage-energy                        0 +/- 0
 Mesh Index (7, 7, 20)
   Total Material
     Flux                                 0.122035 +/- 0.000768374
     heating                              0 +/- 0
     damage-energy                        0 +/- 0
 Mesh Index (8, 7, 20)
   Total Material
     Flux                                 0.13268 +/- 0.000812317
     heating                              0 +/- 0
     damage-energy                        0 +/- 0
 Mesh Index (9, 7, 20)
   Total Material
     Flux                                 0.142777 +/- 0.000870007
     heating                              0 +/- 0
     damage-energy                        0 +/- 0
 Mesh Index (10, 7, 20)
   Total Material
     Flux                                 0.137248 +/- 0.000973805
     heating                              3235.33 +/- 29.4644
     damage-energy                        689.4 +/- 5.35912
 Mesh Index (11, 7, 20)
   Total Material
     Flux                                 0.121752 +/- 0.000976691
     heating                              4129.69 +/- 36.8011
     damage-energy                        57.3567 +/- 0.606475
 Mesh Index (12, 7, 20)
   Total Material
     Flux                                 0.0869703 +/- 0.000736842
     heating                              6823.28 +/- 67.3748
     damage-energy                        98.7957 +/- 0.932856
 Mesh Index (13, 7, 20)
   Total Material
     Flux                                 0.0560383 +/- 0.000670261
     heating                              4197.67 +/- 62.8178
     damage-energy                        60.5685 +/- 0.787482
 Mesh Index (14, 7, 20)
   Total Material
     Flux                                 0.0339193 +/- 0.000511204
     heating                              2532.89 +/- 40.988
     damage-energy                        35.4147 +/- 0.616993
 Mesh Index (15, 7, 20)
   Total Material
     Flux                                 0.0180626 +/- 0.000362264
     heating                              1307.65 +/- 30.7301
     damage-energy                        18.544 +/- 0.373943
 Mesh Index (16, 7, 20)
   Total Material
     Flux                                 0.00703327 +/- 0.000165463
     heating                              320.02 +/- 8.98086
     damage-energy                        4.86155 +/- 0.132442
 Mesh Index (17, 7, 20)
   Total Material
     Flux                                 0.00478367 +/- 0.000123622
     heating                              0 +/- 0
     damage-energy                        0 +/- 0
 Mesh Index (18, 7, 20)
   Total Material
     Flux                                 0.00442282 +/- 0.000123624
     heating                              0 +/- 0
     damage-energy                        0 +/- 0
 Mesh Index (19, 7, 20)
   Total Material
     Flux                                 0.00412249 +/- 0.000107631
     heating                              0 +/- 0
     damage-energy                        0 +/- 0
 Mesh Index (20, 7, 20)
   Total Material
     Flux                                 0.00411028 +/- 0.000106685
     heating                              0 +/- 0
     damage-energy                        0 +/- 0
 Mesh Index (21, 7, 20)
   Total Material
     Flux                                 0.00295712 +/- 9.25158e-05
     heating                              0 +/- 0
     damage-energy                        0 +/- 0
 Mesh Index (22, 7, 20)
   Total Material
     Flux                                 0.00229952 +/- 9.17e-05
     heating                              0 +/- 0
     damage-energy                        0 +/- 0
 Mesh Index (23, 7, 20)
   Total Material
     Flux                                 0.00189376 +/- 8.31847e-05
     heating                              0 +/- 0
     damage-energy                        0 +/- 0
 Mesh Index (24, 7, 20)
   Total Material
     Flux                                 0.00146457 +/- 6.85571e-05
     heating                              0 +/- 0
     damage-energy                        0 +/- 0
 Mesh Index (1, 1, 21)
   Total Material
     Flux                                 0.0486017 +/- 0.000440314
     heating                              0 +/- 0
     damage-energy                        0 +/- 0
 Mesh Index (2, 1, 21)
   Total Material
     Flux                                 0.0595229 +/- 0.0004481
     heating                              0 +/- 0
     damage-energy                        0 +/- 0
 Mesh Index (3, 1, 21)
   Total Material
     Flux                                 0.0703791 +/- 0.000486254
     heating                              0 +/- 0
     damage-energy                        0 +/- 0
 Mesh Index (4, 1, 21)
   Total Material
     Flux                                 0.0802191 +/- 0.000624618
     heating                              0 +/- 0
     damage-energy                        0 +/- 0
 Mesh Index (5, 1, 21)
   Total Material
     Flux                                 0.0915841 +/- 0.000666218
     heating                              0 +/- 0
     damage-energy                        0 +/- 0
 Mesh Index (6, 1, 21)
   Total Material
     Flux                                 0.100703 +/- 0.000624956
     heating                              0 +/- 0
     damage-energy                        0 +/- 0
 Mesh Index (7, 1, 21)
   Total Material
     Flux                                 0.110216 +/- 0.000558529
     heating                              0 +/- 0
     damage-energy                        0 +/- 0
 Mesh Index (8, 1, 21)
   Total Material
     Flux                                 0.122189 +/- 0.00078346
     heating                              0 +/- 0
     damage-energy                        0 +/- 0
 Mesh Index (9, 1, 21)
   Total Material
     Flux                                 0.133143 +/- 0.000665014
     heating                              0 +/- 0
     damage-energy                        0 +/- 0
 Mesh Index (10, 1, 21)
   Total Material
     Flux                                 0.125972 +/- 0.000670017
     heating                              2875.03 +/- 25.3396
     damage-energy                        621.451 +/- 4.1045
 Mesh Index (11, 1, 21)
   Total Material
     Flux                                 0.110739 +/- 0.000899964
     heating                              3792.76 +/- 45.7929
     damage-energy                        51.5748 +/- 0.506365
 Mesh Index (12, 1, 21)
   Total Material
     Flux                                 0.07921 +/- 0.00089157
     heating                              6230.01 +/- 75.7273
     damage-energy                        89.2056 +/- 1.03495
 Mesh Index (13, 1, 21)
   Total Material
     Flux                                 0.0497766 +/- 0.000624319
     heating                              3735.87 +/- 51.2213
     damage-energy                        53.4496 +/- 0.677145
 Mesh Index (14, 1, 21)
   Total Material
     Flux                                 0.0301303 +/- 0.000399552
     heating                              2254.61 +/- 36.0344
     damage-energy                        31.3473 +/- 0.466184
 Mesh Index (15, 1, 21)
   Total Material
     Flux                                 0.0168556 +/- 0.000329811
     heating                              1228.32 +/- 29.2375
     damage-energy                        17.197 +/- 0.405847
 Mesh Index (16, 1, 21)
   Total Material
     Flux                                 0.0067716 +/- 0.000167351
     heating                              315.933 +/- 9.01862
     damage-energy                        4.72843 +/- 0.141596
 Mesh Index (17, 1, 21)
   Total Material
     Flux                                 0.00441903 +/- 0.000110355
     heating                              0 +/- 0
     damage-energy                        0 +/- 0
 Mesh Index (18, 1, 21)
   Total Material
     Flux                                 0.00419358 +/- 0.000113617
     heating                              0 +/- 0
     damage-energy                        0 +/- 0
 Mesh Index (19, 1, 21)
   Total Material
     Flux                                 0.0041684 +/- 9.70688e-05
     heating                              0 +/- 0
     damage-energy                        0 +/- 0
 Mesh Index (20, 1, 21)
   Total Material
     Flux                                 0.0039007 +/- 0.000104499
     heating                              0 +/- 0
     damage-energy                        0 +/- 0
 Mesh Index (21, 1, 21)
   Total Material
     Flux                                 0.0028291 +/- 7.93306e-05
     heating                              0 +/- 0
     damage-energy                        0 +/- 0
 Mesh Index (22, 1, 21)
   Total Material
     Flux                                 0.00221905 +/- 8.20222e-05
     heating                              0 +/- 0
     damage-energy                        0 +/- 0
 Mesh Index (23, 1, 21)
   Total Material
     Flux                                 0.0017195 +/- 7.42891e-05
     heating                              0 +/- 0
     damage-energy                        0 +/- 0
 Mesh Index (24, 1, 21)
   Total Material
     Flux                                 0.00145639 +/- 6.83668e-05
     heating                              0 +/- 0
     damage-energy                        0 +/- 0
 Mesh Index (1, 2, 21)
   Total Material
     Flux                                 0.0484437 +/- 0.00048615
     heating                              0 +/- 0
     damage-energy                        0 +/- 0
 Mesh Index (2, 2, 21)
   Total Material
     Flux                                 0.0598506 +/- 0.000422224
     heating                              0 +/- 0
     damage-energy                        0 +/- 0
 Mesh Index (3, 2, 21)
   Total Material
     Flux                                 0.0711102 +/- 0.00045465
     heating                              0 +/- 0
     damage-energy                        0 +/- 0
 Mesh Index (4, 2, 21)
   Total Material
     Flux                                 0.0811741 +/- 0.000602847
     heating                              0 +/- 0
     damage-energy                        0 +/- 0
 Mesh Index (5, 2, 21)
   Total Material
     Flux                                 0.0901996 +/- 0.000518989
     heating                              0 +/- 0
     damage-energy                        0 +/- 0
 Mesh Index (6, 2, 21)
   Total Material
     Flux                                 0.0998316 +/- 0.000669744
     heating                              0 +/- 0
     damage-energy                        0 +/- 0
 Mesh Index (7, 2, 21)
   Total Material
     Flux                                 0.111367 +/- 0.00057613
     heating                              0 +/- 0
     damage-energy                        0 +/- 0
 Mesh Index (8, 2, 21)
   Total Material
     Flux                                 0.120361 +/- 0.000693523
     heating                              0 +/- 0
     damage-energy                        0 +/- 0
 Mesh Index (9, 2, 21)
   Total Material
     Flux                                 0.131349 +/- 0.000715354
     heating                              0 +/- 0
     damage-energy                        0 +/- 0
 Mesh Index (10, 2, 21)
   Total Material
     Flux                                 0.126049 +/- 0.000758565
     heating                              2852.96 +/- 31.5564
     damage-energy                        615 +/- 5.39292
 Mesh Index (11, 2, 21)
   Total Material
     Flux                                 0.110841 +/- 0.000620279
     heating                              3742.01 +/- 32.456
     damage-energy                        51.2713 +/- 0.404641
 Mesh Index (12, 2, 21)
   Total Material
     Flux                                 0.0784332 +/- 0.000602445
     heating                              6180.16 +/- 58.5588
     damage-energy                        88.2258 +/- 0.7276
 Mesh Index (13, 2, 21)
   Total Material
     Flux                                 0.0500666 +/- 0.000579057
     heating                              3760.87 +/- 52.1061
     damage-energy                        54.1188 +/- 0.608652
 Mesh Index (14, 2, 21)
   Total Material
     Flux                                 0.030971 +/- 0.000518769
     heating                              2275.01 +/- 40.2182
     damage-energy                        32.3174 +/- 0.626097
 Mesh Index (15, 2, 21)
   Total Material
     Flux                                 0.0169821 +/- 0.000319687
     heating                              1227.92 +/- 29.1119
     damage-energy                        17.3037 +/- 0.383024
 Mesh Index (16, 2, 21)
   Total Material
     Flux                                 0.00675791 +/- 0.000189883
     heating                              311.84 +/- 11.5437
     damage-energy                        4.61857 +/- 0.149562
 Mesh Index (17, 2, 21)
   Total Material
     Flux                                 0.00456783 +/- 0.000124019
     heating                              0 +/- 0
     damage-energy                        0 +/- 0
 Mesh Index (18, 2, 21)
   Total Material
     Flux                                 0.00430951 +/- 0.000131867
     heating                              0 +/- 0
     damage-energy                        0 +/- 0
 Mesh Index (19, 2, 21)
   Total Material
     Flux                                 0.0040236 +/- 0.000108704
     heating                              0 +/- 0
     damage-energy                        0 +/- 0
 Mesh Index (20, 2, 21)
   Total Material
     Flux                                 0.00359789 +/- 0.000103836
     heating                              0 +/- 0
     damage-energy                        0 +/- 0
 Mesh Index (21, 2, 21)
   Total Material
     Flux                                 0.00186747 +/- 7.32039e-05
     heating                              0 +/- 0
     damage-energy                        0 +/- 0
 Mesh Index (22, 2, 21)
   Total Material
     Flux                                 0.00129548 +/- 5.91247e-05
     heating                              0 +/- 0
     damage-energy                        0 +/- 0
 Mesh Index (23, 2, 21)
   Total Material
     Flux                                 0.000860155 +/- 4.84279e-05
     heating                              0 +/- 0
     damage-energy                        0 +/- 0
 Mesh Index (24, 2, 21)
   Total Material
     Flux                                 0.00055329 +/- 3.70324e-05
     heating                              0 +/- 0
     damage-energy                        0 +/- 0
 Mesh Index (1, 3, 21)
   Total Material
     Flux                                 0.0482895 +/- 0.000469061
     heating                              0 +/- 0
     damage-energy                        0 +/- 0
 Mesh Index (2, 3, 21)
   Total Material
     Flux                                 0.0598623 +/- 0.000399341
     heating                              0 +/- 0
     damage-energy                        0 +/- 0
 Mesh Index (3, 3, 21)
   Total Material
     Flux                                 0.0702908 +/- 0.000503528
     heating                              0 +/- 0
     damage-energy                        0 +/- 0
 Mesh Index (4, 3, 21)
   Total Material
     Flux                                 0.0805237 +/- 0.000541157
     heating                              0 +/- 0
     damage-energy                        0 +/- 0
 Mesh Index (5, 3, 21)
   Total Material
     Flux                                 0.0903717 +/- 0.000510118
     heating                              0 +/- 0
     damage-energy                        0 +/- 0
 Mesh Index (6, 3, 21)
   Total Material
     Flux                                 0.101342 +/- 0.000449832
     heating                              0 +/- 0
     damage-energy                        0 +/- 0
 Mesh Index (7, 3, 21)
   Total Material
     Flux                                 0.111713 +/- 0.000654424
     heating                              0 +/- 0
     damage-energy                        0 +/- 0
 Mesh Index (8, 3, 21)
   Total Material
     Flux                                 0.119786 +/- 0.000643388
     heating                              0 +/- 0
     damage-energy                        0 +/- 0
 Mesh Index (9, 3, 21)
   Total Material
     Flux                                 0.130749 +/- 0.000802005
     heating                              0 +/- 0
     damage-energy                        0 +/- 0
 Mesh Index (10, 3, 21)
   Total Material
     Flux                                 0.12458 +/- 0.00083923
     heating                              2831.81 +/- 23.4681
     damage-energy                        612.458 +/- 4.41212
 Mesh Index (11, 3, 21)
   Total Material
     Flux                                 0.10912 +/- 0.000808585
     heating                              3732.19 +/- 42.7187
     damage-energy                        50.5506 +/- 0.535445
 Mesh Index (12, 3, 21)
   Total Material
     Flux                                 0.0774647 +/- 0.000850345
     heating                              6143.42 +/- 82.1572
     damage-energy                        87.0437 +/- 1.01919
 Mesh Index (13, 3, 21)
   Total Material
     Flux                                 0.0496828 +/- 0.000498679
     heating                              3766.27 +/- 43.6207
     damage-energy                        53.1305 +/- 0.536157
 Mesh Index (14, 3, 21)
   Total Material
     Flux                                 0.0299861 +/- 0.000386898
     heating                              2197.38 +/- 31.0702
     damage-energy                        31.0762 +/- 0.458869
 Mesh Index (15, 3, 21)
   Total Material
     Flux                                 0.016959 +/- 0.000276908
     heating                              1225.28 +/- 21.5298
     damage-energy                        17.3615 +/- 0.298684
 Mesh Index (16, 3, 21)
   Total Material
     Flux                                 0.00656126 +/- 0.000161771
     heating                              306.898 +/- 9.64599
     damage-energy                        4.65076 +/- 0.141804
 Mesh Index (17, 3, 21)
   Total Material
     Flux                                 0.00453184 +/- 9.71889e-05
     heating                              0 +/- 0
     damage-energy                        0 +/- 0
 Mesh Index (18, 3, 21)
   Total Material
     Flux                                 0.00428527 +/- 0.000121332
     heating                              0 +/- 0
     damage-energy                        0 +/- 0
 Mesh Index (19, 3, 21)
   Total Material
     Flux                                 0.00401006 +/- 0.000100376
     heating                              0 +/- 0
     damage-energy                        0 +/- 0
 Mesh Index (20, 3, 21)
   Total Material
     Flux                                 0.00389631 +/- 0.000113798
     heating                              0 +/- 0
     damage-energy                        0 +/- 0
 Mesh Index (21, 3, 21)
   Total Material
     Flux                                 0.00358388 +/- 0.000100678
     heating                              0 +/- 0
     damage-energy                        0 +/- 0
 Mesh Index (22, 3, 21)
   Total Material
     Flux                                 0.00294172 +/- 9.32637e-05
     heating                              0 +/- 0
     damage-energy                        0 +/- 0
 Mesh Index (23, 3, 21)
   Total Material
     Flux                                 0.00251268 +/- 9.55618e-05
     heating                              0 +/- 0
     damage-energy                        0 +/- 0
 Mesh Index (24, 3, 21)
   Total Material
     Flux                                 0.00189945 +/- 8.53322e-05
     heating                              0 +/- 0
     damage-energy                        0 +/- 0
 Mesh Index (1, 4, 21)
   Total Material
     Flux                                 0.0491657 +/- 0.00040895
     heating                              0 +/- 0
     damage-energy                        0 +/- 0
 Mesh Index (2, 4, 21)
   Total Material
     Flux                                 0.0589787 +/- 0.000433249
     heating                              0 +/- 0
     damage-energy                        0 +/- 0
 Mesh Index (3, 4, 21)
   Total Material
     Flux                                 0.0691807 +/- 0.000530098
     heating                              0 +/- 0
     damage-energy                        0 +/- 0
 Mesh Index (4, 4, 21)
   Total Material
     Flux                                 0.0807043 +/- 0.000556404
     heating                              0 +/- 0
     damage-energy                        0 +/- 0
 Mesh Index (5, 4, 21)
   Total Material
     Flux                                 0.0905048 +/- 0.000588146
     heating                              0 +/- 0
     damage-energy                        0 +/- 0
 Mesh Index (6, 4, 21)
   Total Material
     Flux                                 0.101736 +/- 0.000680727
     heating                              0 +/- 0
     damage-energy                        0 +/- 0
 Mesh Index (7, 4, 21)
   Total Material
     Flux                                 0.11113 +/- 0.000586971
     heating                              0 +/- 0
     damage-energy                        0 +/- 0
 Mesh Index (8, 4, 21)
   Total Material
     Flux                                 0.1225 +/- 0.000660351
     heating                              0 +/- 0
     damage-energy                        0 +/- 0
 Mesh Index (9, 4, 21)
   Total Material
     Flux                                 0.131675 +/- 0.000742919
     heating                              0 +/- 0
     damage-energy                        0 +/- 0
 Mesh Index (10, 4, 21)
   Total Material
     Flux                                 0.126081 +/- 0.000934096
     heating                              2810.43 +/- 31.1395
     damage-energy                        610.984 +/- 5.81039
 Mesh Index (11, 4, 21)
   Total Material
     Flux                                 0.110904 +/- 0.000933421
     heating                              3745.87 +/- 42.8746
     damage-energy                        50.6899 +/- 0.542389
 Mesh Index (12, 4, 21)
   Total Material
     Flux                                 0.0782409 +/- 0.00077611
     heating                              6172.86 +/- 71.0918
     damage-energy                        87.3733 +/- 1.04198
 Mesh Index (13, 4, 21)
   Total Material
     Flux                                 0.049537 +/- 0.000608966
     heating                              3716.29 +/- 50.0094
     damage-energy                        52.7607 +/- 0.705427
 Mesh Index (14, 4, 21)
   Total Material
     Flux                                 0.0309392 +/- 0.000458382
     heating                              2291.19 +/- 39.762
     damage-energy                        31.6789 +/- 0.505732
 Mesh Index (15, 4, 21)
   Total Material
     Flux                                 0.0177524 +/- 0.000337809
     heating                              1312.36 +/- 32.881
     damage-energy                        17.7642 +/- 0.332257
 Mesh Index (16, 4, 21)
   Total Material
     Flux                                 0.00644963 +/- 0.000162513
     heating                              308.509 +/- 11.4823
     damage-energy                        4.47148 +/- 0.121353
 Mesh Index (17, 4, 21)
   Total Material
     Flux                                 0.00428313 +/- 0.000116885
     heating                              0 +/- 0
     damage-energy                        0 +/- 0
 Mesh Index (18, 4, 21)
   Total Material
     Flux                                 0.00402216 +/- 0.00010703
     heating                              0 +/- 0
     damage-energy                        0 +/- 0
 Mesh Index (19, 4, 21)
   Total Material
     Flux                                 0.00403497 +/- 0.000124719
     heating                              0 +/- 0
     damage-energy                        0 +/- 0
 Mesh Index (20, 4, 21)
   Total Material
     Flux                                 0.00380201 +/- 0.000118527
     heating                              0 +/- 0
     damage-energy                        0 +/- 0
 Mesh Index (21, 4, 21)
   Total Material
     Flux                                 0.00171987 +/- 6.01398e-05
     heating                              0 +/- 0
     damage-energy                        0 +/- 0
 Mesh Index (22, 4, 21)
   Total Material
     Flux                                 0.000619135 +/- 4.04559e-05
     heating                              0 +/- 0
     damage-energy                        0 +/- 0
 Mesh Index (23, 4, 21)
   Total Material
     Flux                                 4.64233e-05 +/- 6.06194e-06
     heating                              0 +/- 0
     damage-energy                        0 +/- 0
 Mesh Index (24, 4, 21)
   Total Material
     Flux                                 0 +/- 0
     heating                              0 +/- 0
     damage-energy                        0 +/- 0
 Mesh Index (1, 5, 21)
   Total Material
     Flux                                 0.0490971 +/- 0.000453685
     heating                              0 +/- 0
     damage-energy                        0 +/- 0
 Mesh Index (2, 5, 21)
   Total Material
     Flux                                 0.059887 +/- 0.000393738
     heating                              0 +/- 0
     damage-energy                        0 +/- 0
 Mesh Index (3, 5, 21)
   Total Material
     Flux                                 0.0698312 +/- 0.000506628
     heating                              0 +/- 0
     damage-energy                        0 +/- 0
 Mesh Index (4, 5, 21)
   Total Material
     Flux                                 0.0809633 +/- 0.000507942
     heating                              0 +/- 0
     damage-energy                        0 +/- 0
 Mesh Index (5, 5, 21)
   Total Material
     Flux                                 0.0910174 +/- 0.000634795
     heating                              0 +/- 0
     damage-energy                        0 +/- 0
 Mesh Index (6, 5, 21)
   Total Material
     Flux                                 0.101897 +/- 0.000639418
     heating                              0 +/- 0
     damage-energy                        0 +/- 0
 Mesh Index (7, 5, 21)
   Total Material
     Flux                                 0.112442 +/- 0.000619412
     heating                              0 +/- 0
     damage-energy                        0 +/- 0
 Mesh Index (8, 5, 21)
   Total Material
     Flux                                 0.124142 +/- 0.000835655
     heating                              0 +/- 0
     damage-energy                        0 +/- 0
 Mesh Index (9, 5, 21)
   Total Material
     Flux                                 0.132727 +/- 0.000813882
     heating                              0 +/- 0
     damage-energy                        0 +/- 0
 Mesh Index (10, 5, 21)
   Total Material
     Flux                                 0.126501 +/- 0.000938333
     heating                              2888.71 +/- 30.2071
     damage-energy                        625.677 +/- 5.38088
 Mesh Index (11, 5, 21)
   Total Material
     Flux                                 0.110964 +/- 0.000759213
     heating                              3769.08 +/- 37.2695
     damage-energy                        51.4179 +/- 0.468261
 Mesh Index (12, 5, 21)
   Total Material
     Flux                                 0.0794904 +/- 0.000687512
     heating                              6242.51 +/- 58.5601
     damage-energy                        89.3437 +/- 0.858557
 Mesh Index (13, 5, 21)
   Total Material
     Flux                                 0.0517002 +/- 0.000598926
     heating                              3884.87 +/- 52.8004
     damage-energy                        55.4446 +/- 0.674737
 Mesh Index (14, 5, 21)
   Total Material
     Flux                                 0.0312263 +/- 0.0004171
     heating                              2351.48 +/- 39.3114
     damage-energy                        32.4824 +/- 0.515842
 Mesh Index (15, 5, 21)
   Total Material
     Flux                                 0.0171096 +/- 0.000348395
     heating                              1272.51 +/- 27.9166
     damage-energy                        17.1917 +/- 0.363281
 Mesh Index (16, 5, 21)
   Total Material
     Flux                                 0.00658305 +/- 0.000149166
     heating                              311.599 +/- 10.1522
     damage-energy                        4.51686 +/- 0.109669
 Mesh Index (17, 5, 21)
   Total Material
     Flux                                 0.00426894 +/- 0.00011088
     heating                              0 +/- 0
     damage-energy                        0 +/- 0
 Mesh Index (18, 5, 21)
   Total Material
     Flux                                 0.00416792 +/- 0.000108922
     heating                              0 +/- 0
     damage-energy                        0 +/- 0
 Mesh Index (19, 5, 21)
   Total Material
     Flux                                 0.00413197 +/- 0.000125748
     heating                              0 +/- 0
     damage-energy                        0 +/- 0
 Mesh Index (20, 5, 21)
   Total Material
     Flux                                 0.00393223 +/- 0.000127496
     heating                              0 +/- 0
     damage-energy                        0 +/- 0
 Mesh Index (21, 5, 21)
   Total Material
     Flux                                 0.00365595 +/- 0.000126026
     heating                              0 +/- 0
     damage-energy                        0 +/- 0
 Mesh Index (22, 5, 21)
   Total Material
     Flux                                 0.00292823 +/- 9.18321e-05
     heating                              0 +/- 0
     damage-energy                        0 +/- 0
 Mesh Index (23, 5, 21)
   Total Material
     Flux                                 0.00245699 +/- 8.05147e-05
     heating                              0 +/- 0
     damage-energy                        0 +/- 0
 Mesh Index (24, 5, 21)
   Total Material
     Flux                                 0.00189439 +/- 6.52291e-05
     heating                              0 +/- 0
     damage-energy                        0 +/- 0
 Mesh Index (1, 6, 21)
   Total Material
     Flux                                 0.0489114 +/- 0.000444784
     heating                              0 +/- 0
     damage-energy                        0 +/- 0
 Mesh Index (2, 6, 21)
   Total Material
     Flux                                 0.0586821 +/- 0.000451313
     heating                              0 +/- 0
     damage-energy                        0 +/- 0
 Mesh Index (3, 6, 21)
   Total Material
     Flux                                 0.0696411 +/- 0.000531673
     heating                              0 +/- 0
     damage-energy                        0 +/- 0
 Mesh Index (4, 6, 21)
   Total Material
     Flux                                 0.0800512 +/- 0.000576256
     heating                              0 +/- 0
     damage-energy                        0 +/- 0
 Mesh Index (5, 6, 21)
   Total Material
     Flux                                 0.091638 +/- 0.000631861
     heating                              0 +/- 0
     damage-energy                        0 +/- 0
 Mesh Index (6, 6, 21)
   Total Material
     Flux                                 0.101698 +/- 0.000604978
     heating                              0 +/- 0
     damage-energy                        0 +/- 0
 Mesh Index (7, 6, 21)
   Total Material
     Flux                                 0.111987 +/- 0.00060982
     heating                              0 +/- 0
     damage-energy                        0 +/- 0
 Mesh Index (8, 6, 21)
   Total Material
     Flux                                 0.12265 +/- 0.000679688
     heating                              0 +/- 0
     damage-energy                        0 +/- 0
 Mesh Index (9, 6, 21)
   Total Material
     Flux                                 0.133463 +/- 0.000769428
     heating                              0 +/- 0
     damage-energy                        0 +/- 0
 Mesh Index (10, 6, 21)
   Total Material
     Flux                                 0.126401 +/- 0.000699941
     heating                              2888.92 +/- 29.7359
     damage-energy                        625.031 +/- 5.13609
 Mesh Index (11, 6, 21)
   Total Material
     Flux                                 0.109836 +/- 0.000731431
     heating                              3705.59 +/- 32.4739
     damage-energy                        50.2489 +/- 0.453719
 Mesh Index (12, 6, 21)
   Total Material
     Flux                                 0.0780199 +/- 0.000699662
     heating                              6124.11 +/- 60.5122
     damage-energy                        87.3715 +/- 0.706356
 Mesh Index (13, 6, 21)
   Total Material
     Flux                                 0.0497555 +/- 0.000601224
     heating                              3698.06 +/- 50.614
     damage-energy                        53.4188 +/- 0.759999
 Mesh Index (14, 6, 21)
   Total Material
     Flux                                 0.0301075 +/- 0.00039354
     heating                              2220.05 +/- 33.5448
     damage-energy                        31.4722 +/- 0.416691
 Mesh Index (15, 6, 21)
   Total Material
     Flux                                 0.0165121 +/- 0.000278906
     heating                              1202.29 +/- 24.1431
     damage-energy                        16.9243 +/- 0.303169
 Mesh Index (16, 6, 21)
   Total Material
     Flux                                 0.00644069 +/- 0.000172191
     heating                              311.227 +/- 10.3917
     damage-energy                        4.45269 +/- 0.125541
 Mesh Index (17, 6, 21)
   Total Material
     Flux                                 0.00450272 +/- 0.000136258
     heating                              0 +/- 0
     damage-energy                        0 +/- 0
 Mesh Index (18, 6, 21)
   Total Material
     Flux                                 0.00445287 +/- 0.000134002
     heating                              0 +/- 0
     damage-energy                        0 +/- 0
 Mesh Index (19, 6, 21)
   Total Material
     Flux                                 0.00407594 +/- 0.000103027
     heating                              0 +/- 0
     damage-energy                        0 +/- 0
 Mesh Index (20, 6, 21)
   Total Material
     Flux                                 0.00378161 +/- 0.000107099
     heating                              0 +/- 0
     damage-energy                        0 +/- 0
 Mesh Index (21, 6, 21)
   Total Material
     Flux                                 0.00190322 +/- 6.77342e-05
     heating                              0 +/- 0
     damage-energy                        0 +/- 0
 Mesh Index (22, 6, 21)
   Total Material
     Flux                                 0.00117459 +/- 5.27904e-05
     heating                              0 +/- 0
     damage-energy                        0 +/- 0
 Mesh Index (23, 6, 21)
   Total Material
     Flux                                 0.000772432 +/- 4.23514e-05
     heating                              0 +/- 0
     damage-energy                        0 +/- 0
 Mesh Index (24, 6, 21)
   Total Material
     Flux                                 0.000433146 +/- 3.34801e-05
     heating                              0 +/- 0
     damage-energy                        0 +/- 0
 Mesh Index (1, 7, 21)
   Total Material
     Flux                                 0.0494317 +/- 0.000450401
     heating                              0 +/- 0
     damage-energy                        0 +/- 0
 Mesh Index (2, 7, 21)
   Total Material
     Flux                                 0.0589347 +/- 0.000415682
     heating                              0 +/- 0
     damage-energy                        0 +/- 0
 Mesh Index (3, 7, 21)
   Total Material
     Flux                                 0.0693595 +/- 0.000484405
     heating                              0 +/- 0
     damage-energy                        0 +/- 0
 Mesh Index (4, 7, 21)
   Total Material
     Flux                                 0.0804185 +/- 0.000506795
     heating                              0 +/- 0
     damage-energy                        0 +/- 0
 Mesh Index (5, 7, 21)
   Total Material
     Flux                                 0.091148 +/- 0.0005614
     heating                              0 +/- 0
     damage-energy                        0 +/- 0
 Mesh Index (6, 7, 21)
   Total Material
     Flux                                 0.100439 +/- 0.000771316
     heating                              0 +/- 0
     damage-energy                        0 +/- 0
 Mesh Index (7, 7, 21)
   Total Material
     Flux                                 0.112546 +/- 0.000554298
     heating                              0 +/- 0
     damage-energy                        0 +/- 0
 Mesh Index (8, 7, 21)
   Total Material
     Flux                                 0.122826 +/- 0.000657294
     heating                              0 +/- 0
     damage-energy                        0 +/- 0
 Mesh Index (9, 7, 21)
   Total Material
     Flux                                 0.132646 +/- 0.000784854
     heating                              0 +/- 0
     damage-energy                        0 +/- 0
 Mesh Index (10, 7, 21)
   Total Material
     Flux                                 0.126255 +/- 0.000778131
     heating                              2867.35 +/- 29.1722
     damage-energy                        618.652 +/- 4.67014
 Mesh Index (11, 7, 21)
   Total Material
     Flux                                 0.110917 +/- 0.0007921
     heating                              3777.28 +/- 42.9235
     damage-energy                        51.2097 +/- 0.500722
 Mesh Index (12, 7, 21)
   Total Material
     Flux                                 0.0801228 +/- 0.000851
     heating                              6340.95 +/- 73.7103
     damage-energy                        89.3842 +/- 0.919375
 Mesh Index (13, 7, 21)
   Total Material
     Flux                                 0.0498791 +/- 0.000596421
     heating                              3778.85 +/- 49.7856
     damage-energy                        53.6212 +/- 0.652445
 Mesh Index (14, 7, 21)
   Total Material
     Flux                                 0.0298409 +/- 0.000472429
     heating                              2226.85 +/- 44.0814
     damage-energy                        31.2559 +/- 0.544299
 Mesh Index (15, 7, 21)
   Total Material
     Flux                                 0.0164284 +/- 0.000320868
     heating                              1186.64 +/- 24.9119
     damage-energy                        16.9041 +/- 0.345884
 Mesh Index (16, 7, 21)
   Total Material
     Flux                                 0.00637651 +/- 0.000157676
     heating                              293.622 +/- 8.86976
     damage-energy                        4.39067 +/- 0.121093
 Mesh Index (17, 7, 21)
   Total Material
     Flux                                 0.00445529 +/- 0.000122279
     heating                              0 +/- 0
     damage-energy                        0 +/- 0
 Mesh Index (18, 7, 21)
   Total Material
     Flux                                 0.00422509 +/- 9.20145e-05
     heating                              0 +/- 0
     damage-energy                        0 +/- 0
 Mesh Index (19, 7, 21)
   Total Material
     Flux                                 0.00402033 +/- 0.000108393
     heating                              0 +/- 0
     damage-energy                        0 +/- 0
 Mesh Index (20, 7, 21)
   Total Material
     Flux                                 0.00368127 +/- 9.74429e-05
     heating                              0 +/- 0
     damage-energy                        0 +/- 0
 Mesh Index (21, 7, 21)
   Total Material
     Flux                                 0.00275757 +/- 9.12873e-05
     heating                              0 +/- 0
     damage-energy                        0 +/- 0
 Mesh Index (22, 7, 21)
   Total Material
     Flux                                 0.00206812 +/- 8.26808e-05
     heating                              0 +/- 0
     damage-energy                        0 +/- 0
 Mesh Index (23, 7, 21)
   Total Material
     Flux                                 0.00158056 +/- 6.93025e-05
     heating                              0 +/- 0
     damage-energy                        0 +/- 0
 Mesh Index (24, 7, 21)
   Total Material
     Flux                                 0.0013106 +/- 5.83186e-05
     heating                              0 +/- 0
     damage-energy                        0 +/- 0
 Mesh Index (1, 1, 22)
   Total Material
     Flux                                 0.045025 +/- 0.000460674
     heating                              0 +/- 0
     damage-energy                        0 +/- 0
 Mesh Index (2, 1, 22)
   Total Material
     Flux                                 0.0545358 +/- 0.00044621
     heating                              0 +/- 0
     damage-energy                        0 +/- 0
 Mesh Index (3, 1, 22)
   Total Material
     Flux                                 0.0649242 +/- 0.000480726
     heating                              0 +/- 0
     damage-energy                        0 +/- 0
 Mesh Index (4, 1, 22)
   Total Material
     Flux                                 0.073976 +/- 0.000581167
     heating                              0 +/- 0
     damage-energy                        0 +/- 0
 Mesh Index (5, 1, 22)
   Total Material
     Flux                                 0.0836489 +/- 0.000580039
     heating                              0 +/- 0
     damage-energy                        0 +/- 0
 Mesh Index (6, 1, 22)
   Total Material
     Flux                                 0.0929542 +/- 0.000705242
     heating                              0 +/- 0
     damage-energy                        0 +/- 0
 Mesh Index (7, 1, 22)
   Total Material
     Flux                                 0.102224 +/- 0.000683482
     heating                              0 +/- 0
     damage-energy                        0 +/- 0
 Mesh Index (8, 1, 22)
   Total Material
     Flux                                 0.112885 +/- 0.000579844
     heating                              0 +/- 0
     damage-energy                        0 +/- 0
 Mesh Index (9, 1, 22)
   Total Material
     Flux                                 0.123309 +/- 0.000795062
     heating                              0 +/- 0
     damage-energy                        0 +/- 0
 Mesh Index (10, 1, 22)
   Total Material
     Flux                                 0.116888 +/- 0.000778173
     heating                              2583.56 +/- 29.2254
     damage-energy                        564.033 +/- 5.03084
 Mesh Index (11, 1, 22)
   Total Material
     Flux                                 0.101471 +/- 0.000798868
     heating                              3441.16 +/- 38.9468
     damage-energy                        45.7715 +/- 0.453777
 Mesh Index (12, 1, 22)
   Total Material
     Flux                                 0.0710718 +/- 0.000750533
     heating                              5637.73 +/- 58.0823
     damage-energy                        79.6924 +/- 0.912241
 Mesh Index (13, 1, 22)
   Total Material
     Flux                                 0.0457188 +/- 0.000652332
     heating                              3411.41 +/- 55.9073
     damage-energy                        49.0471 +/- 0.783089
 Mesh Index (14, 1, 22)
   Total Material
     Flux                                 0.0279585 +/- 0.000397841
     heating                              2077.23 +/- 33.3677
     damage-energy                        28.5627 +/- 0.423642
 Mesh Index (15, 1, 22)
   Total Material
     Flux                                 0.0151216 +/- 0.000341334
     heating                              1108.52 +/- 26.6315
     damage-energy                        15.441 +/- 0.358325
 Mesh Index (16, 1, 22)
   Total Material
     Flux                                 0.00603916 +/- 0.000155705
     heating                              280.75 +/- 9.84663
     damage-energy                        4.11539 +/- 0.138577
 Mesh Index (17, 1, 22)
   Total Material
     Flux                                 0.00418209 +/- 0.000110525
     heating                              0 +/- 0
     damage-energy                        0 +/- 0
 Mesh Index (18, 1, 22)
   Total Material
     Flux                                 0.00389224 +/- 0.00012082
     heating                              0 +/- 0
     damage-energy                        0 +/- 0
 Mesh Index (19, 1, 22)
   Total Material
     Flux                                 0.0038453 +/- 0.000113485
     heating                              0 +/- 0
     damage-energy                        0 +/- 0
 Mesh Index (20, 1, 22)
   Total Material
     Flux                                 0.00367873 +/- 0.00011171
     heating                              0 +/- 0
     damage-energy                        0 +/- 0
 Mesh Index (21, 1, 22)
   Total Material
     Flux                                 0.00265178 +/- 8.72087e-05
     heating                              0 +/- 0
     damage-energy                        0 +/- 0
 Mesh Index (22, 1, 22)
   Total Material
     Flux                                 0.00200119 +/- 7.10046e-05
     heating                              0 +/- 0
     damage-energy                        0 +/- 0
 Mesh Index (23, 1, 22)
   Total Material
     Flux                                 0.00161647 +/- 6.83289e-05
     heating                              0 +/- 0
     damage-energy                        0 +/- 0
 Mesh Index (24, 1, 22)
   Total Material
     Flux                                 0.00133177 +/- 6.70488e-05
     heating                              0 +/- 0
     damage-energy                        0 +/- 0
 Mesh Index (1, 2, 22)
   Total Material
     Flux                                 0.0453705 +/- 0.000512086
     heating                              0 +/- 0
     damage-energy                        0 +/- 0
 Mesh Index (2, 2, 22)
   Total Material
     Flux                                 0.055568 +/- 0.000434466
     heating                              0 +/- 0
     damage-energy                        0 +/- 0
 Mesh Index (3, 2, 22)
   Total Material
     Flux                                 0.0651167 +/- 0.00050487
     heating                              0 +/- 0
     damage-energy                        0 +/- 0
 Mesh Index (4, 2, 22)
   Total Material
     Flux                                 0.0737122 +/- 0.00050916
     heating                              0 +/- 0
     damage-energy                        0 +/- 0
 Mesh Index (5, 2, 22)
   Total Material
     Flux                                 0.0837699 +/- 0.000638668
     heating                              0 +/- 0
     damage-energy                        0 +/- 0
 Mesh Index (6, 2, 22)
   Total Material
     Flux                                 0.0918741 +/- 0.000522958
     heating                              0 +/- 0
     damage-energy                        0 +/- 0
 Mesh Index (7, 2, 22)
   Total Material
     Flux                                 0.101863 +/- 0.000639488
     heating                              0 +/- 0
     damage-energy                        0 +/- 0
 Mesh Index (8, 2, 22)
   Total Material
     Flux                                 0.110632 +/- 0.000734352
     heating                              0 +/- 0
     damage-energy                        0 +/- 0
 Mesh Index (9, 2, 22)
   Total Material
     Flux                                 0.120741 +/- 0.000704836
     heating                              0 +/- 0
     damage-energy                        0 +/- 0
 Mesh Index (10, 2, 22)
   Total Material
     Flux                                 0.115019 +/- 0.000701095
     heating                              2504.8 +/- 25.5246
     damage-energy                        547.488 +/- 3.7839
 Mesh Index (11, 2, 22)
   Total Material
     Flux                                 0.10227 +/- 0.000844706
     heating                              3460.83 +/- 40.6971
     damage-energy                        46.859 +/- 0.535478
 Mesh Index (12, 2, 22)
   Total Material
     Flux                                 0.0722917 +/- 0.00057683
     heating                              5727.45 +/- 59.9881
     damage-energy                        79.9398 +/- 0.71727
 Mesh Index (13, 2, 22)
   Total Material
     Flux                                 0.0455542 +/- 0.000592322
     heating                              3423.72 +/- 50.439
     damage-energy                        48.6484 +/- 0.642066
 Mesh Index (14, 2, 22)
   Total Material
     Flux                                 0.0279988 +/- 0.000438391
     heating                              2109.8 +/- 36.4122
     damage-energy                        29.0298 +/- 0.485664
 Mesh Index (15, 2, 22)
   Total Material
     Flux                                 0.0153602 +/- 0.000325303
     heating                              1127.4 +/- 27.5282
     damage-energy                        15.4811 +/- 0.409395
 Mesh Index (16, 2, 22)
   Total Material
     Flux                                 0.00603694 +/- 0.000183999
     heating                              291.042 +/- 11.4258
     damage-energy                        4.18425 +/- 0.13215
 Mesh Index (17, 2, 22)
   Total Material
     Flux                                 0.00391189 +/- 0.000130598
     heating                              0 +/- 0
     damage-energy                        0 +/- 0
 Mesh Index (18, 2, 22)
   Total Material
     Flux                                 0.0037061 +/- 0.000120329
     heating                              0 +/- 0
     damage-energy                        0 +/- 0
 Mesh Index (19, 2, 22)
   Total Material
     Flux                                 0.00360155 +/- 9.96198e-05
     heating                              0 +/- 0
     damage-energy                        0 +/- 0
 Mesh Index (20, 2, 22)
   Total Material
     Flux                                 0.00327418 +/- 0.000103509
     heating                              0 +/- 0
     damage-energy                        0 +/- 0
 Mesh Index (21, 2, 22)
   Total Material
     Flux                                 0.00169828 +/- 6.11758e-05
     heating                              0 +/- 0
     damage-energy                        0 +/- 0
 Mesh Index (22, 2, 22)
   Total Material
     Flux                                 0.0011683 +/- 4.33864e-05
     heating                              0 +/- 0
     damage-energy                        0 +/- 0
 Mesh Index (23, 2, 22)
   Total Material
     Flux                                 0.000742763 +/- 4.58282e-05
     heating                              0 +/- 0
     damage-energy                        0 +/- 0
 Mesh Index (24, 2, 22)
   Total Material
     Flux                                 0.000532456 +/- 3.81294e-05
     heating                              0 +/- 0
     damage-energy                        0 +/- 0
 Mesh Index (1, 3, 22)
   Total Material
     Flux                                 0.0449732 +/- 0.000434355
     heating                              0 +/- 0
     damage-energy                        0 +/- 0
 Mesh Index (2, 3, 22)
   Total Material
     Flux                                 0.0556459 +/- 0.000441529
     heating                              0 +/- 0
     damage-energy                        0 +/- 0
 Mesh Index (3, 3, 22)
   Total Material
     Flux                                 0.0651282 +/- 0.000445541
     heating                              0 +/- 0
     damage-energy                        0 +/- 0
 Mesh Index (4, 3, 22)
   Total Material
     Flux                                 0.0741154 +/- 0.00057194
     heating                              0 +/- 0
     damage-energy                        0 +/- 0
 Mesh Index (5, 3, 22)
   Total Material
     Flux                                 0.0833717 +/- 0.000631042
     heating                              0 +/- 0
     damage-energy                        0 +/- 0
 Mesh Index (6, 3, 22)
   Total Material
     Flux                                 0.0940277 +/- 0.0006018
     heating                              0 +/- 0
     damage-energy                        0 +/- 0
 Mesh Index (7, 3, 22)
   Total Material
     Flux                                 0.102906 +/- 0.000617645
     heating                              0 +/- 0
     damage-energy                        0 +/- 0
 Mesh Index (8, 3, 22)
   Total Material
     Flux                                 0.111653 +/- 0.000623539
     heating                              0 +/- 0
     damage-energy                        0 +/- 0
 Mesh Index (9, 3, 22)
   Total Material
     Flux                                 0.120679 +/- 0.000793386
     heating                              0 +/- 0
     damage-energy                        0 +/- 0
 Mesh Index (10, 3, 22)
   Total Material
     Flux                                 0.11457 +/- 0.00082058
     heating                              2500.01 +/- 28.797
     damage-energy                        548.964 +/- 4.33311
 Mesh Index (11, 3, 22)
   Total Material
     Flux                                 0.100108 +/- 0.000775286
     heating                              3394.36 +/- 31.9966
     damage-energy                        45.4443 +/- 0.49563
 Mesh Index (12, 3, 22)
   Total Material
     Flux                                 0.070515 +/- 0.000768123
     heating                              5593.17 +/- 68.6262
     damage-energy                        78.1767 +/- 0.910976
 Mesh Index (13, 3, 22)
   Total Material
     Flux                                 0.045352 +/- 0.000446206
     heating                              3403.27 +/- 37.2298
     damage-energy                        48.4712 +/- 0.548872
 Mesh Index (14, 3, 22)
   Total Material
     Flux                                 0.0275568 +/- 0.00040661
     heating                              2038.09 +/- 36.8307
     damage-energy                        28.5957 +/- 0.505933
 Mesh Index (15, 3, 22)
   Total Material
     Flux                                 0.0150522 +/- 0.000314805
     heating                              1109.56 +/- 27.9112
     damage-energy                        15.3333 +/- 0.357794
 Mesh Index (16, 3, 22)
   Total Material
     Flux                                 0.00587983 +/- 0.000165068
     heating                              265.25 +/- 8.67386
     damage-energy                        4.02272 +/- 0.13139
 Mesh Index (17, 3, 22)
   Total Material
     Flux                                 0.00408454 +/- 0.000120003
     heating                              0 +/- 0
     damage-energy                        0 +/- 0
 Mesh Index (18, 3, 22)
   Total Material
     Flux                                 0.00367825 +/- 0.000110691
     heating                              0 +/- 0
     damage-energy                        0 +/- 0
 Mesh Index (19, 3, 22)
   Total Material
     Flux                                 0.00373887 +/- 0.000122601
     heating                              0 +/- 0
     damage-energy                        0 +/- 0
 Mesh Index (20, 3, 22)
   Total Material
     Flux                                 0.00358683 +/- 9.44132e-05
     heating                              0 +/- 0
     damage-energy                        0 +/- 0
 Mesh Index (21, 3, 22)
   Total Material
     Flux                                 0.00337661 +/- 9.84474e-05
     heating                              0 +/- 0
     damage-energy                        0 +/- 0
 Mesh Index (22, 3, 22)
   Total Material
     Flux                                 0.00289752 +/- 9.7982e-05
     heating                              0 +/- 0
     damage-energy                        0 +/- 0
 Mesh Index (23, 3, 22)
   Total Material
     Flux                                 0.00236745 +/- 8.33067e-05
     heating                              0 +/- 0
     damage-energy                        0 +/- 0
 Mesh Index (24, 3, 22)
   Total Material
     Flux                                 0.00176373 +/- 6.45369e-05
     heating                              0 +/- 0
     damage-energy                        0 +/- 0
 Mesh Index (1, 4, 22)
   Total Material
     Flux                                 0.0455973 +/- 0.000328314
     heating                              0 +/- 0
     damage-energy                        0 +/- 0
 Mesh Index (2, 4, 22)
   Total Material
     Flux                                 0.0546583 +/- 0.000369841
     heating                              0 +/- 0
     damage-energy                        0 +/- 0
 Mesh Index (3, 4, 22)
   Total Material
     Flux                                 0.0640948 +/- 0.00052395
     heating                              0 +/- 0
     damage-energy                        0 +/- 0
 Mesh Index (4, 4, 22)
   Total Material
     Flux                                 0.0733829 +/- 0.000436353
     heating                              0 +/- 0
     damage-energy                        0 +/- 0
 Mesh Index (5, 4, 22)
   Total Material
     Flux                                 0.0830748 +/- 0.000588779
     heating                              0 +/- 0
     damage-energy                        0 +/- 0
 Mesh Index (6, 4, 22)
   Total Material
     Flux                                 0.0936149 +/- 0.000576298
     heating                              0 +/- 0
     damage-energy                        0 +/- 0
 Mesh Index (7, 4, 22)
   Total Material
     Flux                                 0.102004 +/- 0.000603144
     heating                              0 +/- 0
     damage-energy                        0 +/- 0
 Mesh Index (8, 4, 22)
   Total Material
     Flux                                 0.111631 +/- 0.000696894
     heating                              0 +/- 0
     damage-energy                        0 +/- 0
 Mesh Index (9, 4, 22)
   Total Material
     Flux                                 0.123045 +/- 0.000787081
     heating                              0 +/- 0
     damage-energy                        0 +/- 0
 Mesh Index (10, 4, 22)
   Total Material
     Flux                                 0.115427 +/- 0.000863399
     heating                              2531.72 +/- 27.4179
     damage-energy                        552.812 +/- 4.98461
 Mesh Index (11, 4, 22)
   Total Material
     Flux                                 0.100627 +/- 0.000778574
     heating                              3401.15 +/- 37.054
     damage-energy                        45.7829 +/- 0.524702
 Mesh Index (12, 4, 22)
   Total Material
     Flux                                 0.0709911 +/- 0.000630266
     heating                              5631.06 +/- 57.6438
     damage-energy                        79.207 +/- 0.794208
 Mesh Index (13, 4, 22)
   Total Material
     Flux                                 0.0442295 +/- 0.000577548
     heating                              3314.26 +/- 54.7443
     damage-energy                        47.2779 +/- 0.67046
 Mesh Index (14, 4, 22)
   Total Material
     Flux                                 0.0275436 +/- 0.000399713
     heating                              2069.23 +/- 37.2271
     damage-energy                        28.3317 +/- 0.451361
 Mesh Index (15, 4, 22)
   Total Material
     Flux                                 0.0154264 +/- 0.000310433
     heating                              1138.44 +/- 25.9154
     damage-energy                        15.7624 +/- 0.358917
 Mesh Index (16, 4, 22)
   Total Material
     Flux                                 0.00573311 +/- 0.000128554
     heating                              267.833 +/- 8.88594
     damage-energy                        3.94111 +/- 0.127395
 Mesh Index (17, 4, 22)
   Total Material
     Flux                                 0.00373963 +/- 0.000107027
     heating                              0 +/- 0
     damage-energy                        0 +/- 0
 Mesh Index (18, 4, 22)
   Total Material
     Flux                                 0.00366871 +/- 0.000107437
     heating                              0 +/- 0
     damage-energy                        0 +/- 0
 Mesh Index (19, 4, 22)
   Total Material
     Flux                                 0.00354047 +/- 0.000113309
     heating                              0 +/- 0
     damage-energy                        0 +/- 0
 Mesh Index (20, 4, 22)
   Total Material
     Flux                                 0.00328644 +/- 8.81066e-05
     heating                              0 +/- 0
     damage-energy                        0 +/- 0
 Mesh Index (21, 4, 22)
   Total Material
     Flux                                 0.00166175 +/- 6.40662e-05
     heating                              0 +/- 0
     damage-energy                        0 +/- 0
 Mesh Index (22, 4, 22)
   Total Material
     Flux                                 0.000598102 +/- 3.89237e-05
     heating                              0 +/- 0
     damage-energy                        0 +/- 0
 Mesh Index (23, 4, 22)
   Total Material
     Flux                                 3.98139e-05 +/- 5.22326e-06
     heating                              0 +/- 0
     damage-energy                        0 +/- 0
 Mesh Index (24, 4, 22)
   Total Material
     Flux                                 0 +/- 0
     heating                              0 +/- 0
     damage-energy                        0 +/- 0
 Mesh Index (1, 5, 22)
   Total Material
     Flux                                 0.045787 +/- 0.00042511
     heating                              0 +/- 0
     damage-energy                        0 +/- 0
 Mesh Index (2, 5, 22)
   Total Material
     Flux                                 0.0547253 +/- 0.000432024
     heating                              0 +/- 0
     damage-energy                        0 +/- 0
 Mesh Index (3, 5, 22)
   Total Material
     Flux                                 0.0640154 +/- 0.000433092
     heating                              0 +/- 0
     damage-energy                        0 +/- 0
 Mesh Index (4, 5, 22)
   Total Material
     Flux                                 0.074579 +/- 0.000542094
     heating                              0 +/- 0
     damage-energy                        0 +/- 0
 Mesh Index (5, 5, 22)
   Total Material
     Flux                                 0.0843253 +/- 0.000628146
     heating                              0 +/- 0
     damage-energy                        0 +/- 0
 Mesh Index (6, 5, 22)
   Total Material
     Flux                                 0.0939 +/- 0.000571334
     heating                              0 +/- 0
     damage-energy                        0 +/- 0
 Mesh Index (7, 5, 22)
   Total Material
     Flux                                 0.103438 +/- 0.000657103
     heating                              0 +/- 0
     damage-energy                        0 +/- 0
 Mesh Index (8, 5, 22)
   Total Material
     Flux                                 0.11329 +/- 0.000651933
     heating                              0 +/- 0
     damage-energy                        0 +/- 0
 Mesh Index (9, 5, 22)
   Total Material
     Flux                                 0.123358 +/- 0.000865938
     heating                              0 +/- 0
     damage-energy                        0 +/- 0
 Mesh Index (10, 5, 22)
   Total Material
     Flux                                 0.117382 +/- 0.000692162
     heating                              2590.57 +/- 27.1826
     damage-energy                        566.141 +/- 4.48334
 Mesh Index (11, 5, 22)
   Total Material
     Flux                                 0.101699 +/- 0.000769468
     heating                              3412.31 +/- 39.3566
     damage-energy                        46.4132 +/- 0.444951
 Mesh Index (12, 5, 22)
   Total Material
     Flux                                 0.0723377 +/- 0.000740754
     heating                              5680.65 +/- 69.1219
     damage-energy                        80.4002 +/- 0.814985
 Mesh Index (13, 5, 22)
   Total Material
     Flux                                 0.0458867 +/- 0.000469514
     heating                              3452.25 +/- 39.6429
     damage-energy                        49.2367 +/- 0.567505
 Mesh Index (14, 5, 22)
   Total Material
     Flux                                 0.0282155 +/- 0.000360742
     heating                              2114.03 +/- 30.8494
     damage-energy                        29.2375 +/- 0.42317
 Mesh Index (15, 5, 22)
   Total Material
     Flux                                 0.0155617 +/- 0.000278928
     heating                              1151.38 +/- 25.8876
     damage-energy                        15.5025 +/- 0.323264
 Mesh Index (16, 5, 22)
   Total Material
     Flux                                 0.00571058 +/- 0.000130627
     heating                              273.923 +/- 9.445
     damage-energy                        3.897 +/- 0.113059
 Mesh Index (17, 5, 22)
   Total Material
     Flux                                 0.00385944 +/- 0.000114636
     heating                              0 +/- 0
     damage-energy                        0 +/- 0
 Mesh Index (18, 5, 22)
   Total Material
     Flux                                 0.00373365 +/- 0.000119969
     heating                              0 +/- 0
     damage-energy                        0 +/- 0
 Mesh Index (19, 5, 22)
   Total Material
     Flux                                 0.00365957 +/- 0.00010043
     heating                              0 +/- 0
     damage-energy                        0 +/- 0
 Mesh Index (20, 5, 22)
   Total Material
     Flux                                 0.00352966 +/- 9.75078e-05
     heating                              0 +/- 0
     damage-energy                        0 +/- 0
 Mesh Index (21, 5, 22)
   Total Material
     Flux                                 0.00340631 +/- 0.000114416
     heating                              0 +/- 0
     damage-energy                        0 +/- 0
 Mesh Index (22, 5, 22)
   Total Material
     Flux                                 0.00284139 +/- 8.6386e-05
     heating                              0 +/- 0
     damage-energy                        0 +/- 0
 Mesh Index (23, 5, 22)
   Total Material
     Flux                                 0.00242135 +/- 7.86705e-05
     heating                              0 +/- 0
     damage-energy                        0 +/- 0
 Mesh Index (24, 5, 22)
   Total Material
     Flux                                 0.00186848 +/- 6.75927e-05
     heating                              0 +/- 0
     damage-energy                        0 +/- 0
 Mesh Index (1, 6, 22)
   Total Material
     Flux                                 0.0450091 +/- 0.000411952
     heating                              0 +/- 0
     damage-energy                        0 +/- 0
 Mesh Index (2, 6, 22)
   Total Material
     Flux                                 0.0547759 +/- 0.000441925
     heating                              0 +/- 0
     damage-energy                        0 +/- 0
 Mesh Index (3, 6, 22)
   Total Material
     Flux                                 0.0639466 +/- 0.000523044
     heating                              0 +/- 0
     damage-energy                        0 +/- 0
 Mesh Index (4, 6, 22)
   Total Material
     Flux                                 0.0738317 +/- 0.000503199
     heating                              0 +/- 0
     damage-energy                        0 +/- 0
 Mesh Index (5, 6, 22)
   Total Material
     Flux                                 0.083635 +/- 0.000571205
     heating                              0 +/- 0
     damage-energy                        0 +/- 0
 Mesh Index (6, 6, 22)
   Total Material
     Flux                                 0.0937119 +/- 0.000635353
     heating                              0 +/- 0
     damage-energy                        0 +/- 0
 Mesh Index (7, 6, 22)
   Total Material
     Flux                                 0.103873 +/- 0.000536831
     heating                              0 +/- 0
     damage-energy                        0 +/- 0
 Mesh Index (8, 6, 22)
   Total Material
     Flux                                 0.11282 +/- 0.000564987
     heating                              0 +/- 0
     damage-energy                        0 +/- 0
 Mesh Index (9, 6, 22)
   Total Material
     Flux                                 0.123079 +/- 0.000787775
     heating                              0 +/- 0
     damage-energy                        0 +/- 0
 Mesh Index (10, 6, 22)
   Total Material
     Flux                                 0.115863 +/- 0.000635342
     heating                              2510.2 +/- 25.718
     damage-energy                        552.459 +/- 4.4253
 Mesh Index (11, 6, 22)
   Total Material
     Flux                                 0.102191 +/- 0.000622305
     heating                              3409.88 +/- 35.7924
     damage-energy                        46.564 +/- 0.450812
 Mesh Index (12, 6, 22)
   Total Material
     Flux                                 0.0729782 +/- 0.000717181
     heating                              5806.86 +/- 64.852
     damage-energy                        81.3245 +/- 0.817887
 Mesh Index (13, 6, 22)
   Total Material
     Flux                                 0.0447295 +/- 0.000598791
     heating                              3361.91 +/- 56.3008
     damage-energy                        47.627 +/- 0.673607
 Mesh Index (14, 6, 22)
   Total Material
     Flux                                 0.027032 +/- 0.000457048
     heating                              1999.71 +/- 34.8748
     damage-energy                        27.7849 +/- 0.501101
 Mesh Index (15, 6, 22)
   Total Material
     Flux                                 0.0147967 +/- 0.000303053
     heating                              1072.78 +/- 24.326
     damage-energy                        14.8728 +/- 0.303292
 Mesh Index (16, 6, 22)
   Total Material
     Flux                                 0.00579152 +/- 0.000149246
     heating                              268.393 +/- 9.3868
     damage-energy                        3.9162 +/- 0.130524
 Mesh Index (17, 6, 22)
   Total Material
     Flux                                 0.00395767 +/- 0.000105907
     heating                              0 +/- 0
     damage-energy                        0 +/- 0
 Mesh Index (18, 6, 22)
   Total Material
     Flux                                 0.00383463 +/- 0.000114137
     heating                              0 +/- 0
     damage-energy                        0 +/- 0
 Mesh Index (19, 6, 22)
   Total Material
     Flux                                 0.0037169 +/- 0.000118808
     heating                              0 +/- 0
     damage-energy                        0 +/- 0
 Mesh Index (20, 6, 22)
   Total Material
     Flux                                 0.00338927 +/- 8.99301e-05
     heating                              0 +/- 0
     damage-energy                        0 +/- 0
 Mesh Index (21, 6, 22)
   Total Material
     Flux                                 0.00170488 +/- 6.42036e-05
     heating                              0 +/- 0
     damage-energy                        0 +/- 0
 Mesh Index (22, 6, 22)
   Total Material
     Flux                                 0.00103293 +/- 5.26244e-05
     heating                              0 +/- 0
     damage-energy                        0 +/- 0
 Mesh Index (23, 6, 22)
   Total Material
     Flux                                 0.000719622 +/- 4.39566e-05
     heating                              0 +/- 0
     damage-energy                        0 +/- 0
 Mesh Index (24, 6, 22)
   Total Material
     Flux                                 0.000486466 +/- 3.35162e-05
     heating                              0 +/- 0
     damage-energy                        0 +/- 0
 Mesh Index (1, 7, 22)
   Total Material
     Flux                                 0.0456113 +/- 0.000346014
     heating                              0 +/- 0
     damage-energy                        0 +/- 0
 Mesh Index (2, 7, 22)
   Total Material
     Flux                                 0.0546348 +/- 0.000393553
     heating                              0 +/- 0
     damage-energy                        0 +/- 0
 Mesh Index (3, 7, 22)
   Total Material
     Flux                                 0.0635431 +/- 0.00039741
     heating                              0 +/- 0
     damage-energy                        0 +/- 0
 Mesh Index (4, 7, 22)
   Total Material
     Flux                                 0.0741935 +/- 0.000493795
     heating                              0 +/- 0
     damage-energy                        0 +/- 0
 Mesh Index (5, 7, 22)
   Total Material
     Flux                                 0.0841709 +/- 0.000645712
     heating                              0 +/- 0
     damage-energy                        0 +/- 0
 Mesh Index (6, 7, 22)
   Total Material
     Flux                                 0.0926705 +/- 0.000458649
     heating                              0 +/- 0
     damage-energy                        0 +/- 0
 Mesh Index (7, 7, 22)
   Total Material
     Flux                                 0.10236 +/- 0.000637939
     heating                              0 +/- 0
     damage-energy                        0 +/- 0
 Mesh Index (8, 7, 22)
   Total Material
     Flux                                 0.113064 +/- 0.000678153
     heating                              0 +/- 0
     damage-energy                        0 +/- 0
 Mesh Index (9, 7, 22)
   Total Material
     Flux                                 0.122193 +/- 0.000747935
     heating                              0 +/- 0
     damage-energy                        0 +/- 0
 Mesh Index (10, 7, 22)
   Total Material
     Flux                                 0.115095 +/- 0.000693094
     heating                              2559.02 +/- 27.3822
     damage-energy                        556.063 +/- 4.37777
 Mesh Index (11, 7, 22)
   Total Material
     Flux                                 0.101685 +/- 0.000650631
     heating                              3447.83 +/- 33.9425
     damage-energy                        46.0303 +/- 0.41789
 Mesh Index (12, 7, 22)
   Total Material
     Flux                                 0.0711763 +/- 0.000596312
     heating                              5647.53 +/- 51.1898
     damage-energy                        78.7068 +/- 0.732012
 Mesh Index (13, 7, 22)
   Total Material
     Flux                                 0.0450857 +/- 0.000437944
     heating                              3403.26 +/- 40.4523
     damage-energy                        48.0626 +/- 0.531529
 Mesh Index (14, 7, 22)
   Total Material
     Flux                                 0.0264812 +/- 0.000470484
     heating                              1995.17 +/- 41.1125
     damage-energy                        27.6993 +/- 0.499391
 Mesh Index (15, 7, 22)
   Total Material
     Flux                                 0.014361 +/- 0.000349866
     heating                              1059.51 +/- 28.5819
     damage-energy                        14.7029 +/- 0.371766
 Mesh Index (16, 7, 22)
   Total Material
     Flux                                 0.00565501 +/- 0.00016965
     heating                              264.77 +/- 9.6173
     damage-energy                        3.86873 +/- 0.144954
 Mesh Index (17, 7, 22)
   Total Material
     Flux                                 0.00388531 +/- 0.000121126
     heating                              0 +/- 0
     damage-energy                        0 +/- 0
 Mesh Index (18, 7, 22)
   Total Material
     Flux                                 0.00359947 +/- 0.000106841
     heating                              0 +/- 0
     damage-energy                        0 +/- 0
 Mesh Index (19, 7, 22)
   Total Material
     Flux                                 0.00352803 +/- 0.000107575
     heating                              0 +/- 0
     damage-energy                        0 +/- 0
 Mesh Index (20, 7, 22)
   Total Material
     Flux                                 0.00343165 +/- 0.000101913
     heating                              0 +/- 0
     damage-energy                        0 +/- 0
 Mesh Index (21, 7, 22)
   Total Material
     Flux                                 0.00242764 +/- 6.69926e-05
     heating                              0 +/- 0
     damage-energy                        0 +/- 0
 Mesh Index (22, 7, 22)
   Total Material
     Flux                                 0.00193579 +/- 6.67845e-05
     heating                              0 +/- 0
     damage-energy                        0 +/- 0
 Mesh Index (23, 7, 22)
   Total Material
     Flux                                 0.00159551 +/- 5.98063e-05
     heating                              0 +/- 0
     damage-energy                        0 +/- 0
 Mesh Index (24, 7, 22)
   Total Material
     Flux                                 0.00126205 +/- 5.6523e-05
     heating                              0 +/- 0
     damage-energy                        0 +/- 0
 Mesh Index (1, 1, 23)
   Total Material
     Flux                                 0.0416161 +/- 0.000351396
     heating                              0 +/- 0
     damage-energy                        0 +/- 0
 Mesh Index (2, 1, 23)
   Total Material
     Flux                                 0.0503052 +/- 0.000438404
     heating                              0 +/- 0
     damage-energy                        0 +/- 0
 Mesh Index (3, 1, 23)
   Total Material
     Flux                                 0.0589955 +/- 0.000551579
     heating                              0 +/- 0
     damage-energy                        0 +/- 0
 Mesh Index (4, 1, 23)
   Total Material
     Flux                                 0.0680363 +/- 0.000533374
     heating                              0 +/- 0
     damage-energy                        0 +/- 0
 Mesh Index (5, 1, 23)
   Total Material
     Flux                                 0.0773194 +/- 0.000484879
     heating                              0 +/- 0
     damage-energy                        0 +/- 0
 Mesh Index (6, 1, 23)
   Total Material
     Flux                                 0.0858572 +/- 0.000596991
     heating                              0 +/- 0
     damage-energy                        0 +/- 0
 Mesh Index (7, 1, 23)
   Total Material
     Flux                                 0.0942479 +/- 0.000523094
     heating                              0 +/- 0
     damage-energy                        0 +/- 0
 Mesh Index (8, 1, 23)
   Total Material
     Flux                                 0.103572 +/- 0.000635439
     heating                              0 +/- 0
     damage-energy                        0 +/- 0
 Mesh Index (9, 1, 23)
   Total Material
     Flux                                 0.114196 +/- 0.000731823
     heating                              0 +/- 0
     damage-energy                        0 +/- 0
 Mesh Index (10, 1, 23)
   Total Material
     Flux                                 0.1067 +/- 0.000808637
     heating                              2273.85 +/- 24.9435
     damage-energy                        501.378 +/- 4.51388
 Mesh Index (11, 1, 23)
   Total Material
     Flux                                 0.0931119 +/- 0.000809747
     heating                              3155.54 +/- 35.863
     damage-energy                        41.7832 +/- 0.427529
 Mesh Index (12, 1, 23)
   Total Material
     Flux                                 0.0641186 +/- 0.00062655
     heating                              5090.02 +/- 59.3026
     damage-energy                        70.7078 +/- 0.734984
 Mesh Index (13, 1, 23)
   Total Material
     Flux                                 0.0407493 +/- 0.000453723
     heating                              3057.12 +/- 43.4977
     damage-energy                        43.241 +/- 0.56033
 Mesh Index (14, 1, 23)
   Total Material
     Flux                                 0.0247718 +/- 0.000370037
     heating                              1835.76 +/- 34.3904
     damage-energy                        25.3943 +/- 0.41429
 Mesh Index (15, 1, 23)
   Total Material
     Flux                                 0.0136547 +/- 0.000310624
     heating                              993.925 +/- 23.3867
     damage-energy                        13.6406 +/- 0.340356
 Mesh Index (16, 1, 23)
   Total Material
     Flux                                 0.00525299 +/- 0.000133049
     heating                              238.912 +/- 7.58102
     damage-energy                        3.54926 +/- 0.114686
 Mesh Index (17, 1, 23)
   Total Material
     Flux                                 0.00368151 +/- 0.000112835
     heating                              0 +/- 0
     damage-energy                        0 +/- 0
 Mesh Index (18, 1, 23)
   Total Material
     Flux                                 0.00354096 +/- 0.000110817
     heating                              0 +/- 0
     damage-energy                        0 +/- 0
 Mesh Index (19, 1, 23)
   Total Material
     Flux                                 0.00333622 +/- 0.000105578
     heating                              0 +/- 0
     damage-energy                        0 +/- 0
 Mesh Index (20, 1, 23)
   Total Material
     Flux                                 0.00321572 +/- 0.000105478
     heating                              0 +/- 0
     damage-energy                        0 +/- 0
 Mesh Index (21, 1, 23)
   Total Material
     Flux                                 0.00239343 +/- 8.17155e-05
     heating                              0 +/- 0
     damage-energy                        0 +/- 0
 Mesh Index (22, 1, 23)
   Total Material
     Flux                                 0.0020049 +/- 6.86507e-05
     heating                              0 +/- 0
     damage-energy                        0 +/- 0
 Mesh Index (23, 1, 23)
   Total Material
     Flux                                 0.0015922 +/- 6.08725e-05
     heating                              0 +/- 0
     damage-energy                        0 +/- 0
 Mesh Index (24, 1, 23)
   Total Material
     Flux                                 0.00127289 +/- 6.26313e-05
     heating                              0 +/- 0
     damage-energy                        0 +/- 0
 Mesh Index (1, 2, 23)
   Total Material
     Flux                                 0.0417761 +/- 0.000404885
     heating                              0 +/- 0
     damage-energy                        0 +/- 0
 Mesh Index (2, 2, 23)
   Total Material
     Flux                                 0.050264 +/- 0.000440119
     heating                              0 +/- 0
     damage-energy                        0 +/- 0
 Mesh Index (3, 2, 23)
   Total Material
     Flux                                 0.0604055 +/- 0.000539162
     heating                              0 +/- 0
     damage-energy                        0 +/- 0
 Mesh Index (4, 2, 23)
   Total Material
     Flux                                 0.0683641 +/- 0.000490564
     heating                              0 +/- 0
     damage-energy                        0 +/- 0
 Mesh Index (5, 2, 23)
   Total Material
     Flux                                 0.077144 +/- 0.000535289
     heating                              0 +/- 0
     damage-energy                        0 +/- 0
 Mesh Index (6, 2, 23)
   Total Material
     Flux                                 0.0850404 +/- 0.000705834
     heating                              0 +/- 0
     damage-energy                        0 +/- 0
 Mesh Index (7, 2, 23)
   Total Material
     Flux                                 0.0934382 +/- 0.000516279
     heating                              0 +/- 0
     damage-energy                        0 +/- 0
 Mesh Index (8, 2, 23)
   Total Material
     Flux                                 0.103498 +/- 0.000660858
     heating                              0 +/- 0
     damage-energy                        0 +/- 0
 Mesh Index (9, 2, 23)
   Total Material
     Flux                                 0.111752 +/- 0.000703712
     heating                              0 +/- 0
     damage-energy                        0 +/- 0
 Mesh Index (10, 2, 23)
   Total Material
     Flux                                 0.105887 +/- 0.00079334
     heating                              2259.49 +/- 26.3355
     damage-energy                        498.265 +/- 4.61529
 Mesh Index (11, 2, 23)
   Total Material
     Flux                                 0.0918297 +/- 0.000607574
     heating                              3063.94 +/- 27.5592
     damage-energy                        40.919 +/- 0.351881
 Mesh Index (12, 2, 23)
   Total Material
     Flux                                 0.0641969 +/- 0.00056929
     heating                              5065.22 +/- 46.2636
     damage-energy                        70.1505 +/- 0.677777
 Mesh Index (13, 2, 23)
   Total Material
     Flux                                 0.0400518 +/- 0.000536887
     heating                              3079.12 +/- 48.4509
     damage-energy                        42.8067 +/- 0.647247
 Mesh Index (14, 2, 23)
   Total Material
     Flux                                 0.0249154 +/- 0.000421737
     heating                              1859 +/- 36.2673
     damage-energy                        25.7579 +/- 0.477897
 Mesh Index (15, 2, 23)
   Total Material
     Flux                                 0.0134769 +/- 0.000310567
     heating                              1003.63 +/- 26.973
     damage-energy                        13.8316 +/- 0.368367
 Mesh Index (16, 2, 23)
   Total Material
     Flux                                 0.00516142 +/- 0.00013076
     heating                              250.65 +/- 8.16809
     damage-energy                        3.52784 +/- 0.124367
 Mesh Index (17, 2, 23)
   Total Material
     Flux                                 0.00352123 +/- 0.000103225
     heating                              0 +/- 0
     damage-energy                        0 +/- 0
 Mesh Index (18, 2, 23)
   Total Material
     Flux                                 0.00331309 +/- 0.000108501
     heating                              0 +/- 0
     damage-energy                        0 +/- 0
 Mesh Index (19, 2, 23)
   Total Material
     Flux                                 0.0033797 +/- 0.000118879
     heating                              0 +/- 0
     damage-energy                        0 +/- 0
 Mesh Index (20, 2, 23)
   Total Material
     Flux                                 0.00309304 +/- 9.76702e-05
     heating                              0 +/- 0
     damage-energy                        0 +/- 0
 Mesh Index (21, 2, 23)
   Total Material
     Flux                                 0.00145268 +/- 5.20582e-05
     heating                              0 +/- 0
     damage-energy                        0 +/- 0
 Mesh Index (22, 2, 23)
   Total Material
     Flux                                 0.000971224 +/- 5.26086e-05
     heating                              0 +/- 0
     damage-energy                        0 +/- 0
 Mesh Index (23, 2, 23)
   Total Material
     Flux                                 0.000774692 +/- 4.19645e-05
     heating                              0 +/- 0
     damage-energy                        0 +/- 0
 Mesh Index (24, 2, 23)
   Total Material
     Flux                                 0.000515732 +/- 4.01481e-05
     heating                              0 +/- 0
     damage-energy                        0 +/- 0
 Mesh Index (1, 3, 23)
   Total Material
     Flux                                 0.0413038 +/- 0.000330281
     heating                              0 +/- 0
     damage-energy                        0 +/- 0
 Mesh Index (2, 3, 23)
   Total Material
     Flux                                 0.050266 +/- 0.000452598
     heating                              0 +/- 0
     damage-energy                        0 +/- 0
 Mesh Index (3, 3, 23)
   Total Material
     Flux                                 0.0595755 +/- 0.000530233
     heating                              0 +/- 0
     damage-energy                        0 +/- 0
 Mesh Index (4, 3, 23)
   Total Material
     Flux                                 0.0692637 +/- 0.000540679
     heating                              0 +/- 0
     damage-energy                        0 +/- 0
 Mesh Index (5, 3, 23)
   Total Material
     Flux                                 0.0780251 +/- 0.000586601
     heating                              0 +/- 0
     damage-energy                        0 +/- 0
 Mesh Index (6, 3, 23)
   Total Material
     Flux                                 0.0864226 +/- 0.000581753
     heating                              0 +/- 0
     damage-energy                        0 +/- 0
 Mesh Index (7, 3, 23)
   Total Material
     Flux                                 0.094407 +/- 0.000731928
     heating                              0 +/- 0
     damage-energy                        0 +/- 0
 Mesh Index (8, 3, 23)
   Total Material
     Flux                                 0.102662 +/- 0.000556152
     heating                              0 +/- 0
     damage-energy                        0 +/- 0
 Mesh Index (9, 3, 23)
   Total Material
     Flux                                 0.11213 +/- 0.000623991
     heating                              0 +/- 0
     damage-energy                        0 +/- 0
 Mesh Index (10, 3, 23)
   Total Material
     Flux                                 0.105704 +/- 0.000752836
     heating                              2246.97 +/- 22.9082
     damage-energy                        497.121 +/- 3.99335
 Mesh Index (11, 3, 23)
   Total Material
     Flux                                 0.0909424 +/- 0.000772981
     heating                              3089.24 +/- 35.4837
     damage-energy                        41.1646 +/- 0.4634
 Mesh Index (12, 3, 23)
   Total Material
     Flux                                 0.0642496 +/- 0.000766097
     heating                              5141.03 +/- 68.9247
     damage-energy                        71.1508 +/- 0.874869
 Mesh Index (13, 3, 23)
   Total Material
     Flux                                 0.0408162 +/- 0.000481493
     heating                              3106.8 +/- 43.2358
     damage-energy                        43.5039 +/- 0.592032
 Mesh Index (14, 3, 23)
   Total Material
     Flux                                 0.0244362 +/- 0.000364895
     heating                              1788.78 +/- 30.3538
     damage-energy                        25.0592 +/- 0.412241
 Mesh Index (15, 3, 23)
   Total Material
     Flux                                 0.0130476 +/- 0.000299739
     heating                              946.052 +/- 26.2283
     damage-energy                        13.413 +/- 0.314521
 Mesh Index (16, 3, 23)
   Total Material
     Flux                                 0.00521033 +/- 0.000148208
     heating                              241.818 +/- 8.72646
     damage-energy                        3.63137 +/- 0.125553
 Mesh Index (17, 3, 23)
   Total Material
     Flux                                 0.00350122 +/- 0.000103232
     heating                              0 +/- 0
     damage-energy                        0 +/- 0
 Mesh Index (18, 3, 23)
   Total Material
     Flux                                 0.00327831 +/- 9.25153e-05
     heating                              0 +/- 0
     damage-energy                        0 +/- 0
 Mesh Index (19, 3, 23)
   Total Material
     Flux                                 0.00311424 +/- 9.66549e-05
     heating                              0 +/- 0
     damage-energy                        0 +/- 0
 Mesh Index (20, 3, 23)
   Total Material
     Flux                                 0.00311856 +/- 9.48854e-05
     heating                              0 +/- 0
     damage-energy                        0 +/- 0
 Mesh Index (21, 3, 23)
   Total Material
     Flux                                 0.00305719 +/- 9.04417e-05
     heating                              0 +/- 0
     damage-energy                        0 +/- 0
 Mesh Index (22, 3, 23)
   Total Material
     Flux                                 0.00267565 +/- 7.62298e-05
     heating                              0 +/- 0
     damage-energy                        0 +/- 0
 Mesh Index (23, 3, 23)
   Total Material
     Flux                                 0.00233523 +/- 8.26203e-05
     heating                              0 +/- 0
     damage-energy                        0 +/- 0
 Mesh Index (24, 3, 23)
   Total Material
     Flux                                 0.00171696 +/- 6.21296e-05
     heating                              0 +/- 0
     damage-energy                        0 +/- 0
 Mesh Index (1, 4, 23)
   Total Material
     Flux                                 0.0412446 +/- 0.000336088
     heating                              0 +/- 0
     damage-energy                        0 +/- 0
 Mesh Index (2, 4, 23)
   Total Material
     Flux                                 0.0500382 +/- 0.000364078
     heating                              0 +/- 0
     damage-energy                        0 +/- 0
 Mesh Index (3, 4, 23)
   Total Material
     Flux                                 0.0593135 +/- 0.000388594
     heating                              0 +/- 0
     damage-energy                        0 +/- 0
 Mesh Index (4, 4, 23)
   Total Material
     Flux                                 0.0674676 +/- 0.00041111
     heating                              0 +/- 0
     damage-energy                        0 +/- 0
 Mesh Index (5, 4, 23)
   Total Material
     Flux                                 0.0770999 +/- 0.000553421
     heating                              0 +/- 0
     damage-energy                        0 +/- 0
 Mesh Index (6, 4, 23)
   Total Material
     Flux                                 0.0858019 +/- 0.000580833
     heating                              0 +/- 0
     damage-energy                        0 +/- 0
 Mesh Index (7, 4, 23)
   Total Material
     Flux                                 0.0942944 +/- 0.000719298
     heating                              0 +/- 0
     damage-energy                        0 +/- 0
 Mesh Index (8, 4, 23)
   Total Material
     Flux                                 0.103254 +/- 0.00061789
     heating                              0 +/- 0
     damage-energy                        0 +/- 0
 Mesh Index (9, 4, 23)
   Total Material
     Flux                                 0.112674 +/- 0.000674875
     heating                              0 +/- 0
     damage-energy                        0 +/- 0
 Mesh Index (10, 4, 23)
   Total Material
     Flux                                 0.106832 +/- 0.000878371
     heating                              2287.87 +/- 26.1139
     damage-energy                        504.863 +/- 4.93649
 Mesh Index (11, 4, 23)
   Total Material
     Flux                                 0.0924852 +/- 0.000762729
     heating                              3105.51 +/- 33.7364
     damage-energy                        41.7488 +/- 0.37985
 Mesh Index (12, 4, 23)
   Total Material
     Flux                                 0.0644957 +/- 0.000511518
     heating                              5125.9 +/- 47.6216
     damage-energy                        71.6401 +/- 0.598471
 Mesh Index (13, 4, 23)
   Total Material
     Flux                                 0.0394379 +/- 0.000442492
     heating                              2968.79 +/- 42.9565
     damage-energy                        41.8975 +/- 0.445533
 Mesh Index (14, 4, 23)
   Total Material
     Flux                                 0.0245259 +/- 0.00035226
     heating                              1845.29 +/- 29.5316
     damage-energy                        25.021 +/- 0.379013
 Mesh Index (15, 4, 23)
   Total Material
     Flux                                 0.0135479 +/- 0.000246306
     heating                              992.445 +/- 21.2384
     damage-energy                        13.7763 +/- 0.282393
 Mesh Index (16, 4, 23)
   Total Material
     Flux                                 0.00507262 +/- 0.000125111
     heating                              237.819 +/- 8.24302
     damage-energy                        3.51328 +/- 0.107723
 Mesh Index (17, 4, 23)
   Total Material
     Flux                                 0.00344832 +/- 8.55074e-05
     heating                              0 +/- 0
     damage-energy                        0 +/- 0
 Mesh Index (18, 4, 23)
   Total Material
     Flux                                 0.00334148 +/- 9.6196e-05
     heating                              0 +/- 0
     damage-energy                        0 +/- 0
 Mesh Index (19, 4, 23)
   Total Material
     Flux                                 0.00311387 +/- 9.41812e-05
     heating                              0 +/- 0
     damage-energy                        0 +/- 0
 Mesh Index (20, 4, 23)
   Total Material
     Flux                                 0.00297239 +/- 9.07025e-05
     heating                              0 +/- 0
     damage-energy                        0 +/- 0
 Mesh Index (21, 4, 23)
   Total Material
     Flux                                 0.00150257 +/- 5.28492e-05
     heating                              0 +/- 0
     damage-energy                        0 +/- 0
 Mesh Index (22, 4, 23)
   Total Material
     Flux                                 0.000567978 +/- 3.61768e-05
     heating                              0 +/- 0
     damage-energy                        0 +/- 0
 Mesh Index (23, 4, 23)
   Total Material
     Flux                                 5.33828e-05 +/- 6.89202e-06
     heating                              0 +/- 0
     damage-energy                        0 +/- 0
 Mesh Index (24, 4, 23)
   Total Material
     Flux                                 0 +/- 0
     heating                              0 +/- 0
     damage-energy                        0 +/- 0
 Mesh Index (1, 5, 23)
   Total Material
     Flux                                 0.0419443 +/- 0.000344942
     heating                              0 +/- 0
     damage-energy                        0 +/- 0
 Mesh Index (2, 5, 23)
   Total Material
     Flux                                 0.0508446 +/- 0.000427421
     heating                              0 +/- 0
     damage-energy                        0 +/- 0
 Mesh Index (3, 5, 23)
   Total Material
     Flux                                 0.0601517 +/- 0.000375027
     heating                              0 +/- 0
     damage-energy                        0 +/- 0
 Mesh Index (4, 5, 23)
   Total Material
     Flux                                 0.0689181 +/- 0.000433623
     heating                              0 +/- 0
     damage-energy                        0 +/- 0
 Mesh Index (5, 5, 23)
   Total Material
     Flux                                 0.0781488 +/- 0.000469107
     heating                              0 +/- 0
     damage-energy                        0 +/- 0
 Mesh Index (6, 5, 23)
   Total Material
     Flux                                 0.0861012 +/- 0.000595303
     heating                              0 +/- 0
     damage-energy                        0 +/- 0
 Mesh Index (7, 5, 23)
   Total Material
     Flux                                 0.0949091 +/- 0.000567814
     heating                              0 +/- 0
     damage-energy                        0 +/- 0
 Mesh Index (8, 5, 23)
   Total Material
     Flux                                 0.1047 +/- 0.000611368
     heating                              0 +/- 0
     damage-energy                        0 +/- 0
 Mesh Index (9, 5, 23)
   Total Material
     Flux                                 0.113708 +/- 0.000610071
     heating                              0 +/- 0
     damage-energy                        0 +/- 0
 Mesh Index (10, 5, 23)
   Total Material
     Flux                                 0.106047 +/- 0.000778753
     heating                              2281.51 +/- 25.7962
     damage-energy                        501.235 +/- 4.43629
 Mesh Index (11, 5, 23)
   Total Material
     Flux                                 0.0933723 +/- 0.000709326
     heating                              3137.48 +/- 35.5256
     damage-energy                        42.1583 +/- 0.51878
 Mesh Index (12, 5, 23)
   Total Material
     Flux                                 0.0657549 +/- 0.000670958
     heating                              5204.25 +/- 60.956
     damage-energy                        72.4874 +/- 0.778828
 Mesh Index (13, 5, 23)
   Total Material
     Flux                                 0.0418784 +/- 0.000564215
     heating                              3177.07 +/- 47.6294
     damage-energy                        44.231 +/- 0.632752
 Mesh Index (14, 5, 23)
   Total Material
     Flux                                 0.0252997 +/- 0.000494859
     heating                              1870.61 +/- 39.8722
     damage-energy                        25.6355 +/- 0.536525
 Mesh Index (15, 5, 23)
   Total Material
     Flux                                 0.0133855 +/- 0.000304513
     heating                              983.035 +/- 24.9279
     damage-energy                        13.2892 +/- 0.32974
 Mesh Index (16, 5, 23)
   Total Material
     Flux                                 0.00499525 +/- 0.00015525
     heating                              231.792 +/- 9.13557
     damage-energy                        3.31603 +/- 0.110243
 Mesh Index (17, 5, 23)
   Total Material
     Flux                                 0.00351441 +/- 0.000111124
     heating                              0 +/- 0
     damage-energy                        0 +/- 0
 Mesh Index (18, 5, 23)
   Total Material
     Flux                                 0.00323491 +/- 9.28773e-05
     heating                              0 +/- 0
     damage-energy                        0 +/- 0
 Mesh Index (19, 5, 23)
   Total Material
     Flux                                 0.00343396 +/- 0.000112812
     heating                              0 +/- 0
     damage-energy                        0 +/- 0
 Mesh Index (20, 5, 23)
   Total Material
     Flux                                 0.0032832 +/- 0.000100761
     heating                              0 +/- 0
     damage-energy                        0 +/- 0
 Mesh Index (21, 5, 23)
   Total Material
     Flux                                 0.00290396 +/- 8.67483e-05
     heating                              0 +/- 0
     damage-energy                        0 +/- 0
 Mesh Index (22, 5, 23)
   Total Material
     Flux                                 0.0024984 +/- 8.90433e-05
     heating                              0 +/- 0
     damage-energy                        0 +/- 0
 Mesh Index (23, 5, 23)
   Total Material
     Flux                                 0.00208314 +/- 7.43891e-05
     heating                              0 +/- 0
     damage-energy                        0 +/- 0
 Mesh Index (24, 5, 23)
   Total Material
     Flux                                 0.00167287 +/- 6.83219e-05
     heating                              0 +/- 0
     damage-energy                        0 +/- 0
 Mesh Index (1, 6, 23)
   Total Material
     Flux                                 0.0422241 +/- 0.000346121
     heating                              0 +/- 0
     damage-energy                        0 +/- 0
 Mesh Index (2, 6, 23)
   Total Material
     Flux                                 0.0499508 +/- 0.000433112
     heating                              0 +/- 0
     damage-energy                        0 +/- 0
 Mesh Index (3, 6, 23)
   Total Material
     Flux                                 0.0597272 +/- 0.000504251
     heating                              0 +/- 0
     damage-energy                        0 +/- 0
 Mesh Index (4, 6, 23)
   Total Material
     Flux                                 0.0680233 +/- 0.0004913
     heating                              0 +/- 0
     damage-energy                        0 +/- 0
 Mesh Index (5, 6, 23)
   Total Material
     Flux                                 0.0768205 +/- 0.000500421
     heating                              0 +/- 0
     damage-energy                        0 +/- 0
 Mesh Index (6, 6, 23)
   Total Material
     Flux                                 0.085424 +/- 0.00056878
     heating                              0 +/- 0
     damage-energy                        0 +/- 0
 Mesh Index (7, 6, 23)
   Total Material
     Flux                                 0.0942861 +/- 0.000407048
     heating                              0 +/- 0
     damage-energy                        0 +/- 0
 Mesh Index (8, 6, 23)
   Total Material
     Flux                                 0.104617 +/- 0.000653696
     heating                              0 +/- 0
     damage-energy                        0 +/- 0
 Mesh Index (9, 6, 23)
   Total Material
     Flux                                 0.114345 +/- 0.000578468
     heating                              0 +/- 0
     damage-energy                        0 +/- 0
 Mesh Index (10, 6, 23)
   Total Material
     Flux                                 0.10692 +/- 0.000680889
     heating                              2301.58 +/- 28.5446
     damage-energy                        507.794 +/- 4.63941
 Mesh Index (11, 6, 23)
   Total Material
     Flux                                 0.0930251 +/- 0.000659622
     heating                              3125.61 +/- 33.6307
     damage-energy                        41.8615 +/- 0.364048
 Mesh Index (12, 6, 23)
   Total Material
     Flux                                 0.0645761 +/- 0.000662982
     heating                              5131.63 +/- 54.4876
     damage-energy                        71.604 +/- 0.813254
 Mesh Index (13, 6, 23)
   Total Material
     Flux                                 0.0401887 +/- 0.000580234
     heating                              3037.77 +/- 47.7218
     damage-energy                        42.9351 +/- 0.640578
 Mesh Index (14, 6, 23)
   Total Material
     Flux                                 0.0240372 +/- 0.00041033
     heating                              1780.64 +/- 32.7806
     damage-energy                        24.5168 +/- 0.452334
 Mesh Index (15, 6, 23)
   Total Material
     Flux                                 0.0132895 +/- 0.000299865
     heating                              979.669 +/- 26.0826
     damage-energy                        13.4131 +/- 0.330002
 Mesh Index (16, 6, 23)
   Total Material
     Flux                                 0.00515293 +/- 0.000137306
     heating                              237.179 +/- 8.25055
     damage-energy                        3.46548 +/- 0.124488
 Mesh Index (17, 6, 23)
   Total Material
     Flux                                 0.00361837 +/- 0.000104086
     heating                              0 +/- 0
     damage-energy                        0 +/- 0
 Mesh Index (18, 6, 23)
   Total Material
     Flux                                 0.00339365 +/- 0.000109911
     heating                              0 +/- 0
     damage-energy                        0 +/- 0
 Mesh Index (19, 6, 23)
   Total Material
     Flux                                 0.00343673 +/- 0.000105562
     heating                              0 +/- 0
     damage-energy                        0 +/- 0
 Mesh Index (20, 6, 23)
   Total Material
     Flux                                 0.00323748 +/- 9.6948e-05
     heating                              0 +/- 0
     damage-energy                        0 +/- 0
 Mesh Index (21, 6, 23)
   Total Material
     Flux                                 0.00160539 +/- 6.49119e-05
     heating                              0 +/- 0
     damage-energy                        0 +/- 0
 Mesh Index (22, 6, 23)
   Total Material
     Flux                                 0.000984661 +/- 6.04105e-05
     heating                              0 +/- 0
     damage-energy                        0 +/- 0
 Mesh Index (23, 6, 23)
   Total Material
     Flux                                 0.000636154 +/- 3.69361e-05
     heating                              0 +/- 0
     damage-energy                        0 +/- 0
 Mesh Index (24, 6, 23)
   Total Material
     Flux                                 0.000459821 +/- 3.61609e-05
     heating                              0 +/- 0
     damage-energy                        0 +/- 0
 Mesh Index (1, 7, 23)
   Total Material
     Flux                                 0.0419031 +/- 0.000428273
     heating                              0 +/- 0
     damage-energy                        0 +/- 0
 Mesh Index (2, 7, 23)
   Total Material
     Flux                                 0.0507179 +/- 0.000372463
     heating                              0 +/- 0
     damage-energy                        0 +/- 0
 Mesh Index (3, 7, 23)
   Total Material
     Flux                                 0.0599554 +/- 0.000448216
     heating                              0 +/- 0
     damage-energy                        0 +/- 0
 Mesh Index (4, 7, 23)
   Total Material
     Flux                                 0.0688032 +/- 0.000458285
     heating                              0 +/- 0
     damage-energy                        0 +/- 0
 Mesh Index (5, 7, 23)
   Total Material
     Flux                                 0.077516 +/- 0.000555409
     heating                              0 +/- 0
     damage-energy                        0 +/- 0
 Mesh Index (6, 7, 23)
   Total Material
     Flux                                 0.0851976 +/- 0.000562147
     heating                              0 +/- 0
     damage-energy                        0 +/- 0
 Mesh Index (7, 7, 23)
   Total Material
     Flux                                 0.0932679 +/- 0.000636636
     heating                              0 +/- 0
     damage-energy                        0 +/- 0
 Mesh Index (8, 7, 23)
   Total Material
     Flux                                 0.10364 +/- 0.000576342
     heating                              0 +/- 0
     damage-energy                        0 +/- 0
 Mesh Index (9, 7, 23)
   Total Material
     Flux                                 0.114451 +/- 0.000705394
     heating                              0 +/- 0
     damage-energy                        0 +/- 0
 Mesh Index (10, 7, 23)
   Total Material
     Flux                                 0.106579 +/- 0.00066924
     heating                              2288.49 +/- 24.4678
     damage-energy                        503.445 +/- 4.19875
 Mesh Index (11, 7, 23)
   Total Material
     Flux                                 0.0930418 +/- 0.000718302
     heating                              3181.89 +/- 36.2824
     damage-energy                        41.8835 +/- 0.407844
 Mesh Index (12, 7, 23)
   Total Material
     Flux                                 0.0647713 +/- 0.000624566
     heating                              5134.07 +/- 60.9079
     damage-energy                        71.9611 +/- 0.786581
 Mesh Index (13, 7, 23)
   Total Material
     Flux                                 0.0393113 +/- 0.00047212
     heating                              2956.78 +/- 43.1073
     damage-energy                        41.5161 +/- 0.622012
 Mesh Index (14, 7, 23)
   Total Material
     Flux                                 0.0237833 +/- 0.000369816
     heating                              1774.29 +/- 34.2926
     damage-energy                        24.5815 +/- 0.453667
 Mesh Index (15, 7, 23)
   Total Material
     Flux                                 0.0124072 +/- 0.000257041
     heating                              914.777 +/- 22.4162
     damage-energy                        12.6479 +/- 0.301616
 Mesh Index (16, 7, 23)
   Total Material
     Flux                                 0.00500053 +/- 0.000153893
     heating                              232.654 +/- 8.07598
     damage-energy                        3.39446 +/- 0.14072
 Mesh Index (17, 7, 23)
   Total Material
     Flux                                 0.00344179 +/- 9.69896e-05
     heating                              0 +/- 0
     damage-energy                        0 +/- 0
 Mesh Index (18, 7, 23)
   Total Material
     Flux                                 0.0034458 +/- 0.000116354
     heating                              0 +/- 0
     damage-energy                        0 +/- 0
 Mesh Index (19, 7, 23)
   Total Material
     Flux                                 0.00329633 +/- 0.000113807
     heating                              0 +/- 0
     damage-energy                        0 +/- 0
 Mesh Index (20, 7, 23)
   Total Material
     Flux                                 0.00315746 +/- 0.000109928
     heating                              0 +/- 0
     damage-energy                        0 +/- 0
 Mesh Index (21, 7, 23)
   Total Material
     Flux                                 0.00234936 +/- 8.64199e-05
     heating                              0 +/- 0
     damage-energy                        0 +/- 0
 Mesh Index (22, 7, 23)
   Total Material
     Flux                                 0.00189055 +/- 7.58375e-05
     heating                              0 +/- 0
     damage-energy                        0 +/- 0
 Mesh Index (23, 7, 23)
   Total Material
     Flux                                 0.00149979 +/- 6.57239e-05
     heating                              0 +/- 0
     damage-energy                        0 +/- 0
 Mesh Index (24, 7, 23)
   Total Material
     Flux                                 0.00120198 +/- 4.79324e-05
     heating                              0 +/- 0
     damage-energy                        0 +/- 0
 Mesh Index (1, 1, 24)
   Total Material
     Flux                                 0.0386371 +/- 0.000354521
     heating                              0 +/- 0
     damage-energy                        0 +/- 0
 Mesh Index (2, 1, 24)
   Total Material
     Flux                                 0.0463745 +/- 0.000359479
     heating                              0 +/- 0
     damage-energy                        0 +/- 0
 Mesh Index (3, 1, 24)
   Total Material
     Flux                                 0.0547014 +/- 0.000448163
     heating                              0 +/- 0
     damage-energy                        0 +/- 0
 Mesh Index (4, 1, 24)
   Total Material
     Flux                                 0.0623647 +/- 0.000471248
     heating                              0 +/- 0
     damage-energy                        0 +/- 0
 Mesh Index (5, 1, 24)
   Total Material
     Flux                                 0.0708318 +/- 0.000539695
     heating                              0 +/- 0
     damage-energy                        0 +/- 0
 Mesh Index (6, 1, 24)
   Total Material
     Flux                                 0.0788586 +/- 0.000615062
     heating                              0 +/- 0
     damage-energy                        0 +/- 0
 Mesh Index (7, 1, 24)
   Total Material
     Flux                                 0.0874291 +/- 0.000700072
     heating                              0 +/- 0
     damage-energy                        0 +/- 0
 Mesh Index (8, 1, 24)
   Total Material
     Flux                                 0.0955193 +/- 0.000580639
     heating                              0 +/- 0
     damage-energy                        0 +/- 0
 Mesh Index (9, 1, 24)
   Total Material
     Flux                                 0.10399 +/- 0.000604243
     heating                              0 +/- 0
     damage-energy                        0 +/- 0
 Mesh Index (10, 1, 24)
   Total Material
     Flux                                 0.0976346 +/- 0.000678246
     heating                              2069.66 +/- 20.0025
     damage-energy                        457.587 +/- 3.94107
 Mesh Index (11, 1, 24)
   Total Material
     Flux                                 0.0826561 +/- 0.000670049
     heating                              2823.68 +/- 32.4764
     damage-energy                        37.3032 +/- 0.397031
 Mesh Index (12, 1, 24)
   Total Material
     Flux                                 0.0584995 +/- 0.000736834
     heating                              4643.64 +/- 56.9457
     damage-energy                        63.5958 +/- 0.82447
 Mesh Index (13, 1, 24)
   Total Material
     Flux                                 0.036027 +/- 0.000417525
     heating                              2720.29 +/- 36.9539
     damage-energy                        38.2317 +/- 0.490884
 Mesh Index (14, 1, 24)
   Total Material
     Flux                                 0.0217796 +/- 0.00034578
     heating                              1619.15 +/- 31.4318
     damage-energy                        22.5119 +/- 0.421001
 Mesh Index (15, 1, 24)
   Total Material
     Flux                                 0.0118986 +/- 0.000303053
     heating                              888.701 +/- 27.0526
     damage-energy                        12.0282 +/- 0.336107
 Mesh Index (16, 1, 24)
   Total Material
     Flux                                 0.00466751 +/- 0.000150307
     heating                              224.173 +/- 9.66171
     damage-energy                        3.15277 +/- 0.13667
 Mesh Index (17, 1, 24)
   Total Material
     Flux                                 0.00304724 +/- 8.82711e-05
     heating                              0 +/- 0
     damage-energy                        0 +/- 0
 Mesh Index (18, 1, 24)
   Total Material
     Flux                                 0.00304639 +/- 7.97547e-05
     heating                              0 +/- 0
     damage-energy                        0 +/- 0
 Mesh Index (19, 1, 24)
   Total Material
     Flux                                 0.00308024 +/- 8.51209e-05
     heating                              0 +/- 0
     damage-energy                        0 +/- 0
 Mesh Index (20, 1, 24)
   Total Material
     Flux                                 0.00302047 +/- 9.70993e-05
     heating                              0 +/- 0
     damage-energy                        0 +/- 0
 Mesh Index (21, 1, 24)
   Total Material
     Flux                                 0.00212441 +/- 7.02301e-05
     heating                              0 +/- 0
     damage-energy                        0 +/- 0
 Mesh Index (22, 1, 24)
   Total Material
     Flux                                 0.00170661 +/- 6.04285e-05
     heating                              0 +/- 0
     damage-energy                        0 +/- 0
 Mesh Index (23, 1, 24)
   Total Material
     Flux                                 0.00137847 +/- 6.41552e-05
     heating                              0 +/- 0
     damage-energy                        0 +/- 0
 Mesh Index (24, 1, 24)
   Total Material
     Flux                                 0.00108456 +/- 6.16604e-05
     heating                              0 +/- 0
     damage-energy                        0 +/- 0
 Mesh Index (1, 2, 24)
   Total Material
     Flux                                 0.0389305 +/- 0.000378575
     heating                              0 +/- 0
     damage-energy                        0 +/- 0
 Mesh Index (2, 2, 24)
   Total Material
     Flux                                 0.0466045 +/- 0.000435636
     heating                              0 +/- 0
     damage-energy                        0 +/- 0
 Mesh Index (3, 2, 24)
   Total Material
     Flux                                 0.0554353 +/- 0.000385449
     heating                              0 +/- 0
     damage-energy                        0 +/- 0
 Mesh Index (4, 2, 24)
   Total Material
     Flux                                 0.0627722 +/- 0.000469406
     heating                              0 +/- 0
     damage-energy                        0 +/- 0
 Mesh Index (5, 2, 24)
   Total Material
     Flux                                 0.071279 +/- 0.0005395
     heating                              0 +/- 0
     damage-energy                        0 +/- 0
 Mesh Index (6, 2, 24)
   Total Material
     Flux                                 0.0795396 +/- 0.000608958
     heating                              0 +/- 0
     damage-energy                        0 +/- 0
 Mesh Index (7, 2, 24)
   Total Material
     Flux                                 0.0869721 +/- 0.000482261
     heating                              0 +/- 0
     damage-energy                        0 +/- 0
 Mesh Index (8, 2, 24)
   Total Material
     Flux                                 0.0946991 +/- 0.000490388
     heating                              0 +/- 0
     damage-energy                        0 +/- 0
 Mesh Index (9, 2, 24)
   Total Material
     Flux                                 0.103818 +/- 0.000795874
     heating                              0 +/- 0
     damage-energy                        0 +/- 0
 Mesh Index (10, 2, 24)
   Total Material
     Flux                                 0.0960655 +/- 0.000768323
     heating                              2003.22 +/- 26.4998
     damage-energy                        446.245 +/- 4.91159
 Mesh Index (11, 2, 24)
   Total Material
     Flux                                 0.0828217 +/- 0.000646901
     heating                              2763.79 +/- 31.1724
     damage-energy                        37.3241 +/- 0.359343
 Mesh Index (12, 2, 24)
   Total Material
     Flux                                 0.0574944 +/- 0.000617348
     heating                              4563.06 +/- 57.3949
     damage-energy                        63.3078 +/- 0.66404
 Mesh Index (13, 2, 24)
   Total Material
     Flux                                 0.0363008 +/- 0.000494678
     heating                              2773.08 +/- 42.6588
     damage-energy                        38.4645 +/- 0.554402
 Mesh Index (14, 2, 24)
   Total Material
     Flux                                 0.0216304 +/- 0.000388698
     heating                              1605.22 +/- 34.5314
     damage-energy                        22.296 +/- 0.429946
 Mesh Index (15, 2, 24)
   Total Material
     Flux                                 0.0120262 +/- 0.000289634
     heating                              870.978 +/- 25.0384
     damage-energy                        12.1818 +/- 0.299268
 Mesh Index (16, 2, 24)
   Total Material
     Flux                                 0.00454898 +/- 0.000155118
     heating                              224.894 +/- 9.26116
     damage-energy                        3.07673 +/- 0.112062
 Mesh Index (17, 2, 24)
   Total Material
     Flux                                 0.00302714 +/- 0.000102121
     heating                              0 +/- 0
     damage-energy                        0 +/- 0
 Mesh Index (18, 2, 24)
   Total Material
     Flux                                 0.0030402 +/- 9.60037e-05
     heating                              0 +/- 0
     damage-energy                        0 +/- 0
 Mesh Index (19, 2, 24)
   Total Material
     Flux                                 0.00293068 +/- 9.51534e-05
     heating                              0 +/- 0
     damage-energy                        0 +/- 0
 Mesh Index (20, 2, 24)
   Total Material
     Flux                                 0.00293808 +/- 0.00010905
     heating                              0 +/- 0
     damage-energy                        0 +/- 0
 Mesh Index (21, 2, 24)
   Total Material
     Flux                                 0.00143482 +/- 7.12414e-05
     heating                              0 +/- 0
     damage-energy                        0 +/- 0
 Mesh Index (22, 2, 24)
   Total Material
     Flux                                 0.000956304 +/- 5.71316e-05
     heating                              0 +/- 0
     damage-energy                        0 +/- 0
 Mesh Index (23, 2, 24)
   Total Material
     Flux                                 0.000746512 +/- 4.46082e-05
     heating                              0 +/- 0
     damage-energy                        0 +/- 0
 Mesh Index (24, 2, 24)
   Total Material
     Flux                                 0.000487763 +/- 3.62501e-05
     heating                              0 +/- 0
     damage-energy                        0 +/- 0
 Mesh Index (1, 3, 24)
   Total Material
     Flux                                 0.038207 +/- 0.000394089
     heating                              0 +/- 0
     damage-energy                        0 +/- 0
 Mesh Index (2, 3, 24)
   Total Material
     Flux                                 0.0469008 +/- 0.000442008
     heating                              0 +/- 0
     damage-energy                        0 +/- 0
 Mesh Index (3, 3, 24)
   Total Material
     Flux                                 0.0542794 +/- 0.000529533
     heating                              0 +/- 0
     damage-energy                        0 +/- 0
 Mesh Index (4, 3, 24)
   Total Material
     Flux                                 0.0630946 +/- 0.00050265
     heating                              0 +/- 0
     damage-energy                        0 +/- 0
 Mesh Index (5, 3, 24)
   Total Material
     Flux                                 0.0715252 +/- 0.000513034
     heating                              0 +/- 0
     damage-energy                        0 +/- 0
 Mesh Index (6, 3, 24)
   Total Material
     Flux                                 0.0796892 +/- 0.000538863
     heating                              0 +/- 0
     damage-energy                        0 +/- 0
 Mesh Index (7, 3, 24)
   Total Material
     Flux                                 0.0883218 +/- 0.000564609
     heating                              0 +/- 0
     damage-energy                        0 +/- 0
 Mesh Index (8, 3, 24)
   Total Material
     Flux                                 0.094792 +/- 0.000637827
     heating                              0 +/- 0
     damage-energy                        0 +/- 0
 Mesh Index (9, 3, 24)
   Total Material
     Flux                                 0.105101 +/- 0.000697389
     heating                              0 +/- 0
     damage-energy                        0 +/- 0
 Mesh Index (10, 3, 24)
   Total Material
     Flux                                 0.0960548 +/- 0.000646318
     heating                              2002.44 +/- 24.78
     damage-energy                        445.206 +/- 4.15821
 Mesh Index (11, 3, 24)
   Total Material
     Flux                                 0.0826471 +/- 0.000743696
     heating                              2795.53 +/- 34.8928
     damage-energy                        37.5076 +/- 0.479018
 Mesh Index (12, 3, 24)
   Total Material
     Flux                                 0.0578305 +/- 0.000725732
     heating                              4591.3 +/- 66.7623
     damage-energy                        63.8047 +/- 0.794526
 Mesh Index (13, 3, 24)
   Total Material
     Flux                                 0.0358719 +/- 0.000612711
     heating                              2737.71 +/- 47.2558
     damage-energy                        37.6878 +/- 0.705708
 Mesh Index (14, 3, 24)
   Total Material
     Flux                                 0.0216731 +/- 0.000416356
     heating                              1612.91 +/- 32.856
     damage-energy                        21.9861 +/- 0.481277
 Mesh Index (15, 3, 24)
   Total Material
     Flux                                 0.0115556 +/- 0.000251938
     heating                              846.12 +/- 21.0922
     damage-energy                        11.5728 +/- 0.276352
 Mesh Index (16, 3, 24)
   Total Material
     Flux                                 0.00449515 +/- 0.000116269
     heating                              209.452 +/- 6.28442
     damage-energy                        3.03701 +/- 0.110728
 Mesh Index (17, 3, 24)
   Total Material
     Flux                                 0.00303076 +/- 0.000108098
     heating                              0 +/- 0
     damage-energy                        0 +/- 0
 Mesh Index (18, 3, 24)
   Total Material
     Flux                                 0.00309691 +/- 0.000104765
     heating                              0 +/- 0
     damage-energy                        0 +/- 0
 Mesh Index (19, 3, 24)
   Total Material
     Flux                                 0.00295529 +/- 8.97721e-05
     heating                              0 +/- 0
     damage-energy                        0 +/- 0
 Mesh Index (20, 3, 24)
   Total Material
     Flux                                 0.0028161 +/- 8.85771e-05
     heating                              0 +/- 0
     damage-energy                        0 +/- 0
 Mesh Index (21, 3, 24)
   Total Material
     Flux                                 0.00260663 +/- 8.04102e-05
     heating                              0 +/- 0
     damage-energy                        0 +/- 0
 Mesh Index (22, 3, 24)
   Total Material
     Flux                                 0.0022173 +/- 7.30871e-05
     heating                              0 +/- 0
     damage-energy                        0 +/- 0
 Mesh Index (23, 3, 24)
   Total Material
     Flux                                 0.00188841 +/- 6.69166e-05
     heating                              0 +/- 0
     damage-energy                        0 +/- 0
 Mesh Index (24, 3, 24)
   Total Material
     Flux                                 0.00160836 +/- 6.26316e-05
     heating                              0 +/- 0
     damage-energy                        0 +/- 0
 Mesh Index (1, 4, 24)
   Total Material
     Flux                                 0.0386409 +/- 0.000388962
     heating                              0 +/- 0
     damage-energy                        0 +/- 0
 Mesh Index (2, 4, 24)
   Total Material
     Flux                                 0.0459025 +/- 0.00039152
     heating                              0 +/- 0
     damage-energy                        0 +/- 0
 Mesh Index (3, 4, 24)
   Total Material
     Flux                                 0.0540788 +/- 0.000481364
     heating                              0 +/- 0
     damage-energy                        0 +/- 0
 Mesh Index (4, 4, 24)
   Total Material
     Flux                                 0.0630354 +/- 0.00048095
     heating                              0 +/- 0
     damage-energy                        0 +/- 0
 Mesh Index (5, 4, 24)
   Total Material
     Flux                                 0.0714949 +/- 0.000630742
     heating                              0 +/- 0
     damage-energy                        0 +/- 0
 Mesh Index (6, 4, 24)
   Total Material
     Flux                                 0.0790189 +/- 0.000611712
     heating                              0 +/- 0
     damage-energy                        0 +/- 0
 Mesh Index (7, 4, 24)
   Total Material
     Flux                                 0.0866242 +/- 0.000724806
     heating                              0 +/- 0
     damage-energy                        0 +/- 0
 Mesh Index (8, 4, 24)
   Total Material
     Flux                                 0.0953731 +/- 0.000724757
     heating                              0 +/- 0
     damage-energy                        0 +/- 0
 Mesh Index (9, 4, 24)
   Total Material
     Flux                                 0.104456 +/- 0.000756886
     heating                              0 +/- 0
     damage-energy                        0 +/- 0
 Mesh Index (10, 4, 24)
   Total Material
     Flux                                 0.0965519 +/- 0.000792337
     heating                              2035.45 +/- 24.0501
     damage-energy                        449.734 +/- 4.66983
 Mesh Index (11, 4, 24)
   Total Material
     Flux                                 0.084329 +/- 0.000678647
     heating                              2882.79 +/- 29.1215
     damage-energy                        38.4784 +/- 0.421054
 Mesh Index (12, 4, 24)
   Total Material
     Flux                                 0.0574052 +/- 0.000536003
     heating                              4529.1 +/- 49.5827
     damage-energy                        63.2399 +/- 0.697652
 Mesh Index (13, 4, 24)
   Total Material
     Flux                                 0.0354328 +/- 0.000460466
     heating                              2662.23 +/- 43.2396
     damage-energy                        37.378 +/- 0.447005
 Mesh Index (14, 4, 24)
   Total Material
     Flux                                 0.0216026 +/- 0.000412025
     heating                              1606.62 +/- 32.1519
     damage-energy                        21.9166 +/- 0.415872
 Mesh Index (15, 4, 24)
   Total Material
     Flux                                 0.0116182 +/- 0.000301812
     heating                              842.775 +/- 25.0471
     damage-energy                        11.6014 +/- 0.332473
 Mesh Index (16, 4, 24)
   Total Material
     Flux                                 0.00442883 +/- 0.000116107
     heating                              207.862 +/- 8.25585
     damage-energy                        3.02949 +/- 0.0977863
 Mesh Index (17, 4, 24)
   Total Material
     Flux                                 0.0031982 +/- 8.68682e-05
     heating                              0 +/- 0
     damage-energy                        0 +/- 0
 Mesh Index (18, 4, 24)
   Total Material
     Flux                                 0.00327136 +/- 0.00010025
     heating                              0 +/- 0
     damage-energy                        0 +/- 0
 Mesh Index (19, 4, 24)
   Total Material
     Flux                                 0.00300082 +/- 0.000103192
     heating                              0 +/- 0
     damage-energy                        0 +/- 0
 Mesh Index (20, 4, 24)
   Total Material
     Flux                                 0.00269545 +/- 9.15334e-05
     heating                              0 +/- 0
     damage-energy                        0 +/- 0
 Mesh Index (21, 4, 24)
   Total Material
     Flux                                 0.00128778 +/- 5.17152e-05
     heating                              0 +/- 0
     damage-energy                        0 +/- 0
 Mesh Index (22, 4, 24)
   Total Material
     Flux                                 0.000516736 +/- 3.78834e-05
     heating                              0 +/- 0
     damage-energy                        0 +/- 0
 Mesh Index (23, 4, 24)
   Total Material
     Flux                                 3.70648e-05 +/- 6.80748e-06
     heating                              0 +/- 0
     damage-energy                        0 +/- 0
 Mesh Index (24, 4, 24)
   Total Material
     Flux                                 0 +/- 0
     heating                              0 +/- 0
     damage-energy                        0 +/- 0
 Mesh Index (1, 5, 24)
   Total Material
     Flux                                 0.0384777 +/- 0.000326992
     heating                              0 +/- 0
     damage-energy                        0 +/- 0
 Mesh Index (2, 5, 24)
   Total Material
     Flux                                 0.0464242 +/- 0.000419652
     heating                              0 +/- 0
     damage-energy                        0 +/- 0
 Mesh Index (3, 5, 24)
   Total Material
     Flux                                 0.0550083 +/- 0.000499825
     heating                              0 +/- 0
     damage-energy                        0 +/- 0
 Mesh Index (4, 5, 24)
   Total Material
     Flux                                 0.0630923 +/- 0.000443675
     heating                              0 +/- 0
     damage-energy                        0 +/- 0
 Mesh Index (5, 5, 24)
   Total Material
     Flux                                 0.0712487 +/- 0.000564657
     heating                              0 +/- 0
     damage-energy                        0 +/- 0
 Mesh Index (6, 5, 24)
   Total Material
     Flux                                 0.079493 +/- 0.00063335
     heating                              0 +/- 0
     damage-energy                        0 +/- 0
 Mesh Index (7, 5, 24)
   Total Material
     Flux                                 0.087344 +/- 0.000527057
     heating                              0 +/- 0
     damage-energy                        0 +/- 0
 Mesh Index (8, 5, 24)
   Total Material
     Flux                                 0.0947576 +/- 0.000576581
     heating                              0 +/- 0
     damage-energy                        0 +/- 0
 Mesh Index (9, 5, 24)
   Total Material
     Flux                                 0.105046 +/- 0.00067106
     heating                              0 +/- 0
     damage-energy                        0 +/- 0
 Mesh Index (10, 5, 24)
   Total Material
     Flux                                 0.098663 +/- 0.000651175
     heating                              2082.53 +/- 25.1241
     damage-energy                        461.668 +/- 4.14919
 Mesh Index (11, 5, 24)
   Total Material
     Flux                                 0.0839855 +/- 0.000733676
     heating                              2865.95 +/- 32.4016
     damage-energy                        37.838 +/- 0.357691
 Mesh Index (12, 5, 24)
   Total Material
     Flux                                 0.0584412 +/- 0.000631849
     heating                              4641.08 +/- 51.0351
     damage-energy                        64.2445 +/- 0.662804
 Mesh Index (13, 5, 24)
   Total Material
     Flux                                 0.0360942 +/- 0.000583057
     heating                              2730.29 +/- 55.2963
     damage-energy                        37.988 +/- 0.568309
 Mesh Index (14, 5, 24)
   Total Material
     Flux                                 0.0219742 +/- 0.000406181
     heating                              1622.86 +/- 38.4309
     damage-energy                        22.7229 +/- 0.388456
 Mesh Index (15, 5, 24)
   Total Material
     Flux                                 0.0120174 +/- 0.000301286
     heating                              895.546 +/- 26.9969
     damage-energy                        12.1514 +/- 0.327445
 Mesh Index (16, 5, 24)
   Total Material
     Flux                                 0.0046327 +/- 0.000151821
     heating                              224.416 +/- 9.39499
     damage-energy                        3.09799 +/- 0.117641
 Mesh Index (17, 5, 24)
   Total Material
     Flux                                 0.00298573 +/- 0.000105063
     heating                              0 +/- 0
     damage-energy                        0 +/- 0
 Mesh Index (18, 5, 24)
   Total Material
     Flux                                 0.00271552 +/- 8.93952e-05
     heating                              0 +/- 0
     damage-energy                        0 +/- 0
 Mesh Index (19, 5, 24)
   Total Material
     Flux                                 0.00265544 +/- 7.62508e-05
     heating                              0 +/- 0
     damage-energy                        0 +/- 0
 Mesh Index (20, 5, 24)
   Total Material
     Flux                                 0.00274032 +/- 0.000108381
     heating                              0 +/- 0
     damage-energy                        0 +/- 0
 Mesh Index (21, 5, 24)
   Total Material
     Flux                                 0.00254427 +/- 8.61121e-05
     heating                              0 +/- 0
     damage-energy                        0 +/- 0
 Mesh Index (22, 5, 24)
   Total Material
     Flux                                 0.0021163 +/- 6.46311e-05
     heating                              0 +/- 0
     damage-energy                        0 +/- 0
 Mesh Index (23, 5, 24)
   Total Material
     Flux                                 0.00189457 +/- 8.30999e-05
     heating                              0 +/- 0
     damage-energy                        0 +/- 0
 Mesh Index (24, 5, 24)
   Total Material
     Flux                                 0.00153714 +/- 6.87476e-05
     heating                              0 +/- 0
     damage-energy                        0 +/- 0
 Mesh Index (1, 6, 24)
   Total Material
     Flux                                 0.0388634 +/- 0.000342269
     heating                              0 +/- 0
     damage-energy                        0 +/- 0
 Mesh Index (2, 6, 24)
   Total Material
     Flux                                 0.046585 +/- 0.000355883
     heating                              0 +/- 0
     damage-energy                        0 +/- 0
 Mesh Index (3, 6, 24)
   Total Material
     Flux                                 0.0546207 +/- 0.000454335
     heating                              0 +/- 0
     damage-energy                        0 +/- 0
 Mesh Index (4, 6, 24)
   Total Material
     Flux                                 0.0635857 +/- 0.000447388
     heating                              0 +/- 0
     damage-energy                        0 +/- 0
 Mesh Index (5, 6, 24)
   Total Material
     Flux                                 0.0708745 +/- 0.000484607
     heating                              0 +/- 0
     damage-energy                        0 +/- 0
 Mesh Index (6, 6, 24)
   Total Material
     Flux                                 0.0788 +/- 0.000420532
     heating                              0 +/- 0
     damage-energy                        0 +/- 0
 Mesh Index (7, 6, 24)
   Total Material
     Flux                                 0.0875439 +/- 0.000586574
     heating                              0 +/- 0
     damage-energy                        0 +/- 0
 Mesh Index (8, 6, 24)
   Total Material
     Flux                                 0.0962696 +/- 0.000633057
     heating                              0 +/- 0
     damage-energy                        0 +/- 0
 Mesh Index (9, 6, 24)
   Total Material
     Flux                                 0.105141 +/- 0.000561279
     heating                              0 +/- 0
     damage-energy                        0 +/- 0
 Mesh Index (10, 6, 24)
   Total Material
     Flux                                 0.0981919 +/- 0.000651626
     heating                              2085.98 +/- 23.2627
     damage-energy                        461.434 +/- 3.97961
 Mesh Index (11, 6, 24)
   Total Material
     Flux                                 0.0833833 +/- 0.000640236
     heating                              2851.2 +/- 30.6408
     damage-energy                        37.4589 +/- 0.371086
 Mesh Index (12, 6, 24)
   Total Material
     Flux                                 0.0574665 +/- 0.000569994
     heating                              4565.02 +/- 47.3991
     damage-energy                        63.828 +/- 0.708252
 Mesh Index (13, 6, 24)
   Total Material
     Flux                                 0.0361888 +/- 0.000528719
     heating                              2743.96 +/- 44.0557
     damage-energy                        38.7578 +/- 0.654925
 Mesh Index (14, 6, 24)
   Total Material
     Flux                                 0.0213415 +/- 0.000409691
     heating                              1609.96 +/- 33.9846
     damage-energy                        21.9512 +/- 0.45724
 Mesh Index (15, 6, 24)
   Total Material
     Flux                                 0.0120085 +/- 0.000261429
     heating                              898.589 +/- 24.2962
     damage-energy                        11.9487 +/- 0.273342
 Mesh Index (16, 6, 24)
   Total Material
     Flux                                 0.00458789 +/- 0.000138832
     heating                              215.452 +/- 8.53718
     damage-energy                        3.17792 +/- 0.113455
 Mesh Index (17, 6, 24)
   Total Material
     Flux                                 0.00310433 +/- 9.61597e-05
     heating                              0 +/- 0
     damage-energy                        0 +/- 0
 Mesh Index (18, 6, 24)
   Total Material
     Flux                                 0.00293612 +/- 9.63392e-05
     heating                              0 +/- 0
     damage-energy                        0 +/- 0
 Mesh Index (19, 6, 24)
   Total Material
     Flux                                 0.00291303 +/- 8.97269e-05
     heating                              0 +/- 0
     damage-energy                        0 +/- 0
 Mesh Index (20, 6, 24)
   Total Material
     Flux                                 0.0028601 +/- 0.000111935
     heating                              0 +/- 0
     damage-energy                        0 +/- 0
 Mesh Index (21, 6, 24)
   Total Material
     Flux                                 0.00138431 +/- 5.72271e-05
     heating                              0 +/- 0
     damage-energy                        0 +/- 0
 Mesh Index (22, 6, 24)
   Total Material
     Flux                                 0.00099066 +/- 6.02745e-05
     heating                              0 +/- 0
     damage-energy                        0 +/- 0
 Mesh Index (23, 6, 24)
   Total Material
     Flux                                 0.000653141 +/- 3.9474e-05
     heating                              0 +/- 0
     damage-energy                        0 +/- 0
 Mesh Index (24, 6, 24)
   Total Material
     Flux                                 0.000416361 +/- 3.1161e-05
     heating                              0 +/- 0
     damage-energy                        0 +/- 0
 Mesh Index (1, 7, 24)
   Total Material
     Flux                                 0.0388531 +/- 0.000296028
     heating                              0 +/- 0
     damage-energy                        0 +/- 0
 Mesh Index (2, 7, 24)
   Total Material
     Flux                                 0.0469939 +/- 0.000416522
     heating                              0 +/- 0
     damage-energy                        0 +/- 0
 Mesh Index (3, 7, 24)
   Total Material
     Flux                                 0.0548247 +/- 0.000463166
     heating                              0 +/- 0
     damage-energy                        0 +/- 0
 Mesh Index (4, 7, 24)
   Total Material
     Flux                                 0.0634707 +/- 0.000428312
     heating                              0 +/- 0
     damage-energy                        0 +/- 0
 Mesh Index (5, 7, 24)
   Total Material
     Flux                                 0.0710055 +/- 0.000559539
     heating                              0 +/- 0
     damage-energy                        0 +/- 0
 Mesh Index (6, 7, 24)
   Total Material
     Flux                                 0.0785397 +/- 0.00058206
     heating                              0 +/- 0
     damage-energy                        0 +/- 0
 Mesh Index (7, 7, 24)
   Total Material
     Flux                                 0.0867094 +/- 0.00061699
     heating                              0 +/- 0
     damage-energy                        0 +/- 0
 Mesh Index (8, 7, 24)
   Total Material
     Flux                                 0.0952221 +/- 0.000493926
     heating                              0 +/- 0
     damage-energy                        0 +/- 0
 Mesh Index (9, 7, 24)
   Total Material
     Flux                                 0.105 +/- 0.000614917
     heating                              0 +/- 0
     damage-energy                        0 +/- 0
 Mesh Index (10, 7, 24)
   Total Material
     Flux                                 0.0978406 +/- 0.000646044
     heating                              2038.2 +/- 26.4714
     damage-energy                        453.355 +/- 4.87313
 Mesh Index (11, 7, 24)
   Total Material
     Flux                                 0.0829206 +/- 0.000572221
     heating                              2816.32 +/- 33.4762
     damage-energy                        37.4116 +/- 0.421536
 Mesh Index (12, 7, 24)
   Total Material
     Flux                                 0.0570258 +/- 0.000515986
     heating                              4528.61 +/- 55.4459
     damage-energy                        62.6599 +/- 0.653498
 Mesh Index (13, 7, 24)
   Total Material
     Flux                                 0.0356196 +/- 0.000489787
     heating                              2719.23 +/- 40.4015
     damage-energy                        37.6314 +/- 0.586933
 Mesh Index (14, 7, 24)
   Total Material
     Flux                                 0.0214561 +/- 0.000394661
     heating                              1594 +/- 32.2797
     damage-energy                        21.9319 +/- 0.414233
 Mesh Index (15, 7, 24)
   Total Material
     Flux                                 0.0114465 +/- 0.000242479
     heating                              837.339 +/- 21.5288
     damage-energy                        11.649 +/- 0.294083
 Mesh Index (16, 7, 24)
   Total Material
     Flux                                 0.00429157 +/- 0.000134169
     heating                              210.499 +/- 8.54637
     damage-energy                        2.99916 +/- 0.103903
 Mesh Index (17, 7, 24)
   Total Material
     Flux                                 0.00302851 +/- 8.62167e-05
     heating                              0 +/- 0
     damage-energy                        0 +/- 0
 Mesh Index (18, 7, 24)
   Total Material
     Flux                                 0.00286078 +/- 9.56731e-05
     heating                              0 +/- 0
     damage-energy                        0 +/- 0
 Mesh Index (19, 7, 24)
   Total Material
     Flux                                 0.00284958 +/- 8.35601e-05
     heating                              0 +/- 0
     damage-energy                        0 +/- 0
 Mesh Index (20, 7, 24)
   Total Material
     Flux                                 0.00281622 +/- 9.61397e-05
     heating                              0 +/- 0
     damage-energy                        0 +/- 0
 Mesh Index (21, 7, 24)
   Total Material
     Flux                                 0.00221104 +/- 7.06664e-05
     heating                              0 +/- 0
     damage-energy                        0 +/- 0
 Mesh Index (22, 7, 24)
   Total Material
     Flux                                 0.00170219 +/- 7.5783e-05
     heating                              0 +/- 0
     damage-energy                        0 +/- 0
 Mesh Index (23, 7, 24)
   Total Material
     Flux                                 0.00135415 +/- 7.11832e-05
     heating                              0 +/- 0
     damage-energy                        0 +/- 0
 Mesh Index (24, 7, 24)
   Total Material
     Flux                                 0.00118094 +/- 6.03619e-05
     heating                              0 +/- 0
     damage-energy                        0 +/- 0
